Record_ID	Record_type	Has_nucleotide	Has_protein	Gene	Product	Biological_Category	COG_category	COG_id	Core_status	Prevalence	Is_VF	VF_name	VF_category	VF_evidence_tier	VF_n_alleles	Typing_scheme	Typing_type	Linked_Cluster_ID	Source_strain	Source_locus	UniRef90	Seq_length_nt	Seq_length_aa	Original_ID
PgCG_00001	core_gene	Y	Y		5'-nucleotidase, lipoprotein e(P4) family	Cell Envelope & Morphogenesis	R	COG2503	Core	5/5								PgCG_00001	W83	HCNEGF_01229	UniRef90_Q9X7I0	816	271	W83__HCNEGF_01229
PgCG_00002	core_gene	Y	Y	ompH	Cationic outer membrane protein OmpH	Cell Envelope & Morphogenesis	M;O	COG2825	Core	5/5	Y	ompH	OM_chaperone					PgCG_00002	W83	HCNEGF_00185	UniRef90_B2RHH4	513	170	W83__HCNEGF_00185
PgCG_00003	core_gene	Y	Y	ompH	Cationic outer membrane protein OmpH	Cell Envelope & Morphogenesis			Core	5/5	Y	ompH	OM_chaperone					PgCG_00003	W83	HCNEGF_00186	UniRef90_Q7MXJ1	492	163	W83__HCNEGF_00186
PgCG_00004	core_gene	Y	Y		Cell division protein	Cell Envelope & Morphogenesis			Core	5/5								PgCG_00004	W83	HCNEGF_00844	UniRef90_A0A099WTS0	462	153	W83__HCNEGF_00844
PgCG_00005	core_gene	Y	Y	ftsA	Cell division protein FtsA	Cell Envelope & Morphogenesis	D	COG0849	Core	5/5								PgCG_00005	W83	HCNEGF_00525	UniRef90_O07827	1431	476	W83__HCNEGF_00525
PgCG_00006	core_gene	Y	Y	ftsL	Cell division protein FtsL	Cell Envelope & Morphogenesis			Core	5/5								PgCG_00006	W83	HCNEGF_00516	UniRef90_B2RIE5	474	157	W83__HCNEGF_00516
PgCG_00007	core_gene	Y	Y	ftsX	Cell division protein FtsX	Cell Envelope & Morphogenesis	D	COG2177	Core	5/5								PgCG_00007	W83	HCNEGF_01416	UniRef90_Q7MUH8	828	275	W83__HCNEGF_01416
PgCG_00008	core_gene	Y	Y	ftsZ	cell division protein FtsZ	Cell Envelope & Morphogenesis	D	COG0206	Core	5/5								PgCG_00008	W83	HCNEGF_00526	UniRef90_O08466	1374	457	W83__HCNEGF_00526
PgCG_00009	core_gene	Y	Y	zapA	Cell division protein ZapA	Cell Envelope & Morphogenesis			Core	5/5								PgCG_00009	W83	HCNEGF_00368	UniRef90_Q7MX20	309	102	W83__HCNEGF_00368
PgCG_00010	core_gene	Y	Y	mreB	Cell shape-determining protein MreB	Cell Envelope & Morphogenesis	D;Z	COG1077	Core	5/5								PgCG_00010	W83	HCNEGF_00791	UniRef90_Q7MUT6	1020	339	W83__HCNEGF_00791
PgCG_00011	core_gene	Y	Y	ftsE	Cell-division ATP-binding protein	Cell Envelope & Morphogenesis	D	COG2884	Core	5/5								PgCG_00011	W83	HCNEGF_02028	UniRef90_Q7MT12	741	246	W83__HCNEGF_02028
PgCG_00012	core_gene	Y	Y	ftsK	FtsK/SpoIIIE family protein	Cell Envelope & Morphogenesis	D	COG1674	Core	5/5								PgCG_00012	W83	HCNEGF_01507	UniRef90_Q7MAV8	2586	861	W83__HCNEGF_01507
PgCG_00013	core_gene	Y	Y	ftsQ	FtsQ	Cell Envelope & Morphogenesis			Core	5/5								PgCG_00013	W83	HCNEGF_00524	UniRef90_O07826	777	258	W83__HCNEGF_00524
PgCG_00014	core_gene	Y	Y		Lipoprotein	Cell Envelope & Morphogenesis			Core	5/5								PgCG_00014	W83	HCNEGF_00017	UniRef90_B2RGN8	2247	748	W83__HCNEGF_00017
PgCG_00015	core_gene	Y	Y	ybbC	Lipoprotein	Cell Envelope & Morphogenesis	M	COG3876	Core	5/5								PgCG_00015	W83	HCNEGF_00219	UniRef90_A0A0A2FA17	1299	432	W83__HCNEGF_00219
PgCG_00016	core_gene	Y	Y		Lipoprotein	Cell Envelope & Morphogenesis			Core	5/5								PgCG_00016	W83	HCNEGF_00229	UniRef90_A0A0A2GSZ1	888	295	W83__HCNEGF_00229
PgCG_00017	core_gene	Y	Y		Lipoprotein	Cell Envelope & Morphogenesis			Core	5/5								PgCG_00017	W83	HCNEGF_01570	UniRef90_B2RHT3	363	120	W83__HCNEGF_01570
PgCG_00018	core_gene	Y	Y		Lipoprotein	Cell Envelope & Morphogenesis			Core	5/5								PgCG_00018	W83	HCNEGF_00548	UniRef90_A0A099WW33	933	310	W83__HCNEGF_00548
PgCG_00019	core_gene	Y	Y		Lipoprotein	Cell Envelope & Morphogenesis			Core	5/5								PgCG_00019	W83	HCNEGF_01912	UniRef90_B2RMH9	1056	351	W83__HCNEGF_01912
PgCG_00020	core_gene	Y	Y		Lipoprotein	Cell Envelope & Morphogenesis			Core	5/5								PgCG_00020	W83	HCNEGF_00143	UniRef90_B2RHD4	540	179	W83__HCNEGF_00143
PgCG_00021	core_gene	Y	Y		Lipoprotein	Cell Envelope & Morphogenesis			Core	5/5								PgCG_00021	W83	HCNEGF_01683	UniRef90_A0A099WSI1	213	70	W83__HCNEGF_01683
PgCG_00022	core_gene	Y	Y		Lipoprotein	Cell Envelope & Morphogenesis			Core	5/5								PgCG_00022	W83	HCNEGF_01110	UniRef90_Q7MVK7	858	285	W83__HCNEGF_01110
PgCG_00023	core_gene	Y	Y	cutF	Lipoprotein	Cell Envelope & Morphogenesis	M;V	COG3015	Core	5/5								PgCG_00023	W83	HCNEGF_01244	UniRef90_B2RJL1	453	150	W83__HCNEGF_01244
PgCG_00024	core_gene	Y	Y		Lipoprotein	Cell Envelope & Morphogenesis			Core	5/5								PgCG_00024	W83	HCNEGF_01950	UniRef90_B2RH28	561	186	W83__HCNEGF_01950
PgCG_00025	core_gene	Y	Y		Lipoprotein	Cell Envelope & Morphogenesis			Core	5/5								PgCG_00025	W83	HCNEGF_00551	UniRef90_B2RII1	945	314	W83__HCNEGF_00551
PgCG_00026	core_gene	Y	Y		Lipoprotein	Cell Envelope & Morphogenesis			Core	5/5								PgCG_00026	W83	HCNEGF_01826	UniRef90_Q7MTI4	963	320	W83__HCNEGF_01826
PgCG_00027	core_gene	Y	Y		Lipoprotein	Cell Envelope & Morphogenesis			Core	5/5								PgCG_00027	W83	HCNEGF_01338	UniRef90_Q7MUP4	228	75	W83__HCNEGF_01338
PgCG_00028	core_gene	Y	Y		Lipoprotein	Cell Envelope & Morphogenesis			Core	5/5								PgCG_00028	W83	HCNEGF_01223	UniRef90_B2RJJ1	390	129	W83__HCNEGF_01223
PgCG_00029	core_gene	Y	Y		Lipoprotein	Cell Envelope & Morphogenesis			Core	5/5								PgCG_00029	W83	HCNEGF_01627	UniRef90_A0AAE9XCZ3	597	198	W83__HCNEGF_01627
PgCG_00030	core_gene	Y	Y	ompA	Lipoprotein PG3	Cell Envelope & Morphogenesis	M	COG2885	Core	5/5								PgCG_00030	W83	HCNEGF_01897	UniRef90_F5HAC9	672	223	W83__HCNEGF_01897
PgCG_00031	core_gene	Y	Y	lolD	Lipoprotein-releasing system ATP-binding protein LolD	Cell Envelope & Morphogenesis	M	COG1136	Core	5/5								PgCG_00031	W83	HCNEGF_01559	UniRef90_Q7MU65	660	219	W83__HCNEGF_01559
PgCG_00032	core_gene	Y	Y	yidC	membrane protein insertase YidC	Cell Envelope & Morphogenesis	M	COG0706	Core	5/5								PgCG_00032	W83	HCNEGF_00474	UniRef90_P60036	1884	627	W83__HCNEGF_00474
PgCG_00033	core_gene	Y	Y	yidD	membrane protein insertion efficiency factor YidD	Cell Envelope & Morphogenesis	M	COG0759	Core	5/5								PgCG_00033	W83	HCNEGF_00192	UniRef90_Q7MXI5	231	76	W83__HCNEGF_00192
PgCG_00034	core_gene	Y	Y	ybbJ	Membrane protein, putative	Cell Envelope & Morphogenesis	O	COG1585	Core	5/5								PgCG_00034	W83	HCNEGF_00851	UniRef90_Q7MUY7	465	154	W83__HCNEGF_00851
PgCG_00035	core_gene	Y	Y	perM	Membrane protein, putative	Cell Envelope & Morphogenesis	R	COG0628	Core	5/5								PgCG_00035	W83	HCNEGF_01802	UniRef90_Q7MTK1	1161	386	W83__HCNEGF_01802
PgCG_00036	core_gene	Y	Y	lolE	Membrane protein, putative	Cell Envelope & Morphogenesis	M	COG4591	Core	5/5								PgCG_00036	W83	HCNEGF_00925	UniRef90_Q7MV48	1236	411	W83__HCNEGF_00925
PgCG_00037	core_gene	Y	Y	amiC	N-acetylmuramoyl-L-alanine amidase, family 3	Cell Envelope & Morphogenesis	M	COG0860	Core	5/5								PgCG_00037	W83	HCNEGF_01112	UniRef90_Q7MVK9	1191	396	W83__HCNEGF_01112
PgCG_00038	core_gene	Y	Y	ompH	OmpH family outer membrane protein	Cell Envelope & Morphogenesis			Core	5/5	Y	ompH	OM_chaperone					PgCG_00038	W83	HCNEGF_00485	UniRef90_Q7MWR0	621	206	W83__HCNEGF_00485
PgCG_00039	core_gene	Y	Y	bamD	Outer membrane lipoprotein BamD-like domain-containing protein	Cell Envelope & Morphogenesis	M	COG4105	Core	5/5								PgCG_00039	W83	HCNEGF_00957	UniRef90_B2RKH8	813	270	W83__HCNEGF_00957
PgCG_00040	core_gene	Y	Y	lolA	Outer membrane lipoprotein carrier protein LolA	Cell Envelope & Morphogenesis			Core	5/5								PgCG_00040	W83	HCNEGF_01506	UniRef90_B2RI10	648	215	W83__HCNEGF_01506
PgCG_00041	core_gene	Y	Y	omp28	outer membrane lipoprotein Omp28	Cell Envelope & Morphogenesis			Core	5/5								PgCG_00041	W83	HCNEGF_02011	UniRef90_F5HAH6	873	290	W83__HCNEGF_02011
PgCG_00042	core_gene	Y	Y		Outer membrane lipoprotein-sorting protein	Cell Envelope & Morphogenesis			Core	5/5								PgCG_00042	W83	HCNEGF_00987	UniRef90_Q7MV99	792	263	W83__HCNEGF_00987
PgCG_00043	core_gene	Y	Y		Outer membrane protein	Cell Envelope & Morphogenesis			Core	5/5								PgCG_00043	W83	HCNEGF_00406	UniRef90_Q7MWY1	1305	434	W83__HCNEGF_00406
PgCG_00044	core_gene	Y	Y	ompA	Outer membrane protein	Cell Envelope & Morphogenesis	M	COG2885	Core	5/5								PgCG_00044	W83	HCNEGF_01972	UniRef90_Q6GVH8	1473	490	W83__HCNEGF_01972
PgCG_00045	core_gene	Y	Y	ompA	Outer membrane protein 40	Cell Envelope & Morphogenesis	M	COG2885	Core	5/5								PgCG_00045	W83	HCNEGF_00625	UniRef90_Q9S3R8	1143	380	W83__HCNEGF_00625
PgCG_00046	core_gene	Y	Y	ompA	Outer membrane protein 41	Cell Envelope & Morphogenesis	M	COG2885	Core	5/5								PgCG_00046	W83	HCNEGF_00626	UniRef90_Q9S3R9	1176	391	W83__HCNEGF_00626
PgCG_00047	core_gene	Y	Y	bamA	outer membrane protein assembly factor BamA	Cell Envelope & Morphogenesis	M	COG4775	Core	5/5	Y	bamA	OM_assembly					PgCG_00047	W83	HCNEGF_00184	UniRef90_A0A0A2F876	2676	891	W83__HCNEGF_00184
PgCG_00048	core_gene	Y	Y	porT	Outer membrane protein beta-barrel domain-containing protein	Cell Envelope & Morphogenesis	U	COG6069	Core	5/5								PgCG_00048	W83	HCNEGF_00077	UniRef90_Q7MXS7	786	261	W83__HCNEGF_00077
PgCG_00049	core_gene	Y	Y		Outer membrane protein beta-barrel domain-containing protein	Cell Envelope & Morphogenesis			Core	5/5								PgCG_00049	W83	HCNEGF_00222	UniRef90_A0A0E2LR86	624	207	W83__HCNEGF_00222
PgCG_00050	core_gene	Y	Y	cirA	Outer membrane protein beta-barrel domain-containing protein	Cell Envelope & Morphogenesis	P	COG1629	Core	5/5								PgCG_00050	W83	HCNEGF_01578	UniRef90_B2RHS4	2781	926	W83__HCNEGF_01578
PgCG_00051	core_gene	Y	Y		Outer membrane protein beta-barrel domain-containing protein	Cell Envelope & Morphogenesis			Core	5/5								PgCG_00051	W83	HCNEGF_01552	UniRef90_Q7MU71	477	158	W83__HCNEGF_01552
PgCG_00052	core_gene	Y	Y	porT	Outer membrane protein beta-barrel domain-containing protein	Cell Envelope & Morphogenesis	U	COG6069	Core	5/5								PgCG_00052	W83	HCNEGF_01886	UniRef90_Q7MTC8	732	243	W83__HCNEGF_01886
PgCG_00053	core_gene	Y	Y		Outer membrane protein beta-barrel domain-containing protein	Cell Envelope & Morphogenesis			Core	5/5								PgCG_00053	W83	HCNEGF_00120	UniRef90_A0A0E2LTN7	570	189	W83__HCNEGF_00120
PgCG_00054	core_gene	Y	Y		Outer membrane protein beta-barrel domain-containing protein	Cell Envelope & Morphogenesis			Core	5/5	Y	porG	T9SS					PgCG_00054	W83	HCNEGF_00182	UniRef90_Q7MXJ5	708	235	W83__HCNEGF_00182
PgCG_00055	core_gene	Y	Y		Outer membrane protein beta-barrel domain-containing protein	Cell Envelope & Morphogenesis			Core	5/5								PgCG_00055	W83	HCNEGF_00206	UniRef90_Q7MXH1	894	297	W83__HCNEGF_00206
PgCG_00056	core_gene	Y	Y		Outer membrane protein beta-barrel domain-containing protein	Cell Envelope & Morphogenesis			Core	5/5								PgCG_00056	W83	HCNEGF_00207	UniRef90_B2RHJ7	858	285	W83__HCNEGF_00207
PgCG_00057	core_gene	Y	Y	porT	Outer membrane protein beta-barrel domain-containing protein	Cell Envelope & Morphogenesis	U	COG6069	Core	5/5								PgCG_00057	W83	HCNEGF_01679	UniRef90_Q7MTV9	615	204	W83__HCNEGF_01679
PgCG_00058	core_gene	Y	Y		Outer membrane protein beta-barrel domain-containing protein	Cell Envelope & Morphogenesis			Core	5/5								PgCG_00058	W83	HCNEGF_00371	UniRef90_Q7MX17	822	273	W83__HCNEGF_00371
PgCG_00059	core_gene	Y	Y		Outer membrane protein beta-barrel domain-containing protein	Cell Envelope & Morphogenesis			Core	5/5								PgCG_00059	W83	HCNEGF_00338	UniRef90_Q7MX45	669	222	W83__HCNEGF_00338
PgCG_00060	core_gene	Y	Y		Outer membrane protein beta-barrel domain-containing protein	Cell Envelope & Morphogenesis			Core	5/5								PgCG_00060	W83	HCNEGF_01825	UniRef90_A0A0E2LPX4	636	211	W83__HCNEGF_01825
PgCG_00061	core_gene	Y	Y	porT	Outer membrane protein beta-barrel domain-containing protein	Cell Envelope & Morphogenesis	U	COG6069	Core	5/5								PgCG_00061	W83	HCNEGF_01951	UniRef90_Q7MT75	678	225	W83__HCNEGF_01951
PgCG_00062	core_gene	Y	Y	porT	Outer membrane protein beta-barrel domain-containing protein	Cell Envelope & Morphogenesis	U	COG6069	Core	5/5								PgCG_00062	W83	HCNEGF_01988	UniRef90_B2RH71	672	223	W83__HCNEGF_01988
PgCG_00063	core_gene	Y	Y		Outer membrane protein beta-barrel domain-containing protein	Cell Envelope & Morphogenesis			Core	5/5								PgCG_00063	W83	HCNEGF_01615	UniRef90_Q7MU17	1032	343	W83__HCNEGF_01615
PgCG_00064	core_gene	Y	Y		Outer membrane protein beta-barrel domain-containing protein	Cell Envelope & Morphogenesis			Core	5/5								PgCG_00064	W83	HCNEGF_00433	UniRef90_B2RKW5	735	244	W83__HCNEGF_00433
PgCG_00065	core_gene	Y	Y	mrcB	peptidoglycan glycosyltransferase	Cell Envelope & Morphogenesis	M	COG0744	Core	5/5								PgCG_00065	W83	HCNEGF_00716	UniRef90_Q7MW51	2361	786	W83__HCNEGF_00716
PgCG_00066	core_gene	Y	Y	flgJ	Peptidoglycan hydrolase	Cell Envelope & Morphogenesis	M;N	COG1705	Core	5/5								PgCG_00066	W83	HCNEGF_00072	UniRef90_Q7MXT3	942	313	W83__HCNEGF_00072
PgCG_00067	core_gene	Y	Y	lgt	prolipoprotein diacylglyceryl transferase	Cell Envelope & Morphogenesis	M	COG0682	Core	5/5								PgCG_00067	W83	HCNEGF_00727	UniRef90_Q7MW41	852	283	W83__HCNEGF_00727
PgCG_00068	core_gene	Y	Y	mltF	Putative membrane-bound lytic murein transglycosylase D	Cell Envelope & Morphogenesis	M;T	COG4623	Core	5/5								PgCG_00068	W83	HCNEGF_00135	UniRef90_B2RHC6	1356	451	W83__HCNEGF_00135
PgCG_00069	core_gene	Y	Y	ftsW	putative peptidoglycan glycosyltransferase FtsW	Cell Envelope & Morphogenesis	D	COG0772	Core	5/5								PgCG_00069	W83	HCNEGF_00521	UniRef90_Q7MWM4	1257	418	W83__HCNEGF_00521
PgCG_00070	core_gene	Y	Y	mreC	rod shape-determining protein MreC	Cell Envelope & Morphogenesis	D;Z	COG1792	Core	5/5								PgCG_00070	W83	HCNEGF_00792	UniRef90_A0A099WW84	888	295	W83__HCNEGF_00792
PgCG_00071	core_gene	Y	Y	mreD	rod shape-determining protein MreD	Cell Envelope & Morphogenesis			Core	5/5								PgCG_00071	W83	HCNEGF_00793	UniRef90_B2RJ42	519	172	W83__HCNEGF_00793
PgCG_00072	core_gene	Y	Y	ftsW	Rod shape-determining protein RodA	Cell Envelope & Morphogenesis	D	COG0772	Core	5/5								PgCG_00072	W83	HCNEGF_00795	UniRef90_A0AAE9XJ38	1458	485	W83__HCNEGF_00795
PgCG_00073	core_gene	Y	Y		Septum formation initiator	Cell Envelope & Morphogenesis			Core	5/5								PgCG_00073	W83	HCNEGF_01571	UniRef90_Q7MU54	354	117	W83__HCNEGF_01571
PgCG_00074	core_gene	Y	Y	ftsY	signal recognition particle-docking protein FtsY	Cell Envelope & Morphogenesis	U	COG0552	Core	5/5								PgCG_00074	W83	HCNEGF_00147	UniRef90_A0A0A2DLW6	954	317	W83__HCNEGF_00147
PgCG_00075	core_gene	Y	Y	terC	TerC family integral membrane protein	Cell Envelope & Morphogenesis			Core	5/5	Y	husD	heme_iron					PgCG_00075	W83	HCNEGF_02062	UniRef90_A0A0A2FDL2	597	198	W83__HCNEGF_02062
PgCG_00076	core_gene	Y	Y	marC	UPF0056 inner membrane protein	Cell Envelope & Morphogenesis	E	COG2095	Core	5/5								PgCG_00076	W83	HCNEGF_00213	UniRef90_Q7MXG5	639	212	W83__HCNEGF_00213
PgCG_00077	core_gene	Y	Y	yeiH	UPF0324 membrane protein PG_2004	Cell Envelope & Morphogenesis	S	COG2855	Core	5/5								PgCG_00077	W83	HCNEGF_01852	UniRef90_Q7MTF7	993	330	W83__HCNEGF_01852
PgCG_00078	core_gene	Y	Y	batD	Aerotolerance regulator BatD	Environmental Stress & Defense			Core	5/5								PgCG_00078	W83	HCNEGF_01459	UniRef90_A0A0A2F4R1	1803	600	W83__HCNEGF_01459
PgCG_00079	core_gene	Y	Y	ahpC	alkyl hydroperoxide reductase subunit C	Environmental Stress & Defense	V	COG0450	Core	5/5	Y	ahpC	ox_stress					PgCG_00079	W83	HCNEGF_00555	UniRef90_Q7MWJ2	567	188	W83__HCNEGF_00555
PgCG_00080	core_gene	Y	Y	bcp	Alkyl hydroperoxide reductase subunit C/ Thiol specific antioxidant domain-containing protein	Environmental Stress & Defense	O	COG1225	Core	5/5								PgCG_00080	W83	HCNEGF_01625	UniRef90_B2RLI1	1023	340	W83__HCNEGF_01625
PgCG_00081	core_gene	Y	Y	ahpF	alkyl hydroperoxide reductase subunit F	Environmental Stress & Defense	V	COG3634	Core	5/5	Y	ahpF	ox_stress					PgCG_00081	W83	HCNEGF_00556	UniRef90_A0AAF0BCZ2	1548	515	W83__HCNEGF_00556
PgCG_00082	core_gene	Y	Y	batA	BatA protein	Environmental Stress & Defense	H	COG1240	Core	5/5	Y	batA	ox_stress					PgCG_00082	W83	HCNEGF_01456	UniRef90_Q7MUE6	984	327	W83__HCNEGF_01456
PgCG_00083	core_gene	Y	Y	batE	BatE protein	Environmental Stress & Defense	W	COG5010	Core	5/5								PgCG_00083	W83	HCNEGF_01460	UniRef90_Q7MUE2	909	302	W83__HCNEGF_01460
PgCG_00084	core_gene	Y	Y	groL	chaperonin GroEL	Environmental Stress & Defense	O	COG0459	Core	5/5	Y	groEL	stress_chap					PgCG_00084	W83	HCNEGF_00468	UniRef90_P42375	1638	545	W83__HCNEGF_00468
PgCG_00085	core_gene	Y	Y	groES	Co-chaperonin GroES	Environmental Stress & Defense	O	COG0234	Core	5/5	Y	groES	STRESS					PgCG_00085	W83	HCNEGF_00470	UniRef90_P42376	270	89	W83__HCNEGF_00470
PgCG_00086	core_gene	Y	Y	csx28	CRISPR-associated protein Csx28	Environmental Stress & Defense			Core	5/5								PgCG_00086	W83	HCNEGF_00312	UniRef90_A0AAF0BBK9	543	180	W83__HCNEGF_00312
PgCG_00087	core_gene	Y	Y	dps	DNA protection during starvation protein	Environmental Stress & Defense	B	COG0783	Core	5/5	Y	dps	ox_stress					PgCG_00087	W83	HCNEGF_00084	UniRef90_B2RMG0	480	159	W83__HCNEGF_00084
PgCG_00088	core_gene	Y	Y	hslR	Heat shock protein 15	Environmental Stress & Defense	J	COG1188	Core	5/5								PgCG_00088	W83	HCNEGF_00160	UniRef90_Q7MXL0	438	145	W83__HCNEGF_00160
PgCG_00089	core_gene	Y	Y	dnaJ	molecular chaperone DnaJ	Environmental Stress & Defense	O	COG0484	Core	5/5								PgCG_00089	W83	HCNEGF_01633	UniRef90_Q9XCA6	1152	383	W83__HCNEGF_01633
PgCG_00090	core_gene	Y	Y	dnaK	molecular chaperone DnaK	Environmental Stress & Defense	O	COG0443	Core	5/5	Y	dnaK	stress_chap					PgCG_00090	W83	HCNEGF_00964	UniRef90_P0C937	1923	640	W83__HCNEGF_00964
PgCG_00091	core_gene	Y	Y	htpG	molecular chaperone HtpG	Environmental Stress & Defense	O	COG0326	Core	5/5								PgCG_00091	W83	HCNEGF_00043	UniRef90_P0C938	2055	684	W83__HCNEGF_00043
PgCG_00092	core_gene	Y	Y	norM	Multidrug export protein MepA	Environmental Stress & Defense	V	COG0534	Core	5/5								PgCG_00092	W83	HCNEGF_00006	UniRef90_Q7MXY6	1380	459	W83__HCNEGF_00006
PgCG_00093	core_gene	Y	Y	yaaA	peroxide stress protein YaaA	Environmental Stress & Defense	L	COG3022	Core	5/5								PgCG_00093	W83	HCNEGF_01424	UniRef90_Q7MUH3	771	256	W83__HCNEGF_01424
PgCG_00094	core_gene	Y	Y	pspC	Phage shock protein PspC N-terminal domain-containing protein	Environmental Stress & Defense	K;T	COG1983	Core	5/5								PgCG_00094	W83	HCNEGF_00052	UniRef90_B2RMC7	1056	351	W83__HCNEGF_00052
PgCG_00095	core_gene	Y	Y	batD	Protein BatD	Environmental Stress & Defense			Core	5/5								PgCG_00095	W83	HCNEGF_01455	UniRef90_A0A099WTG4	957	318	W83__HCNEGF_01455
PgCG_00096	core_gene	Y	Y	batB	Putative aerotolerance-related exported protein BatB	Environmental Stress & Defense	H	COG1240	Core	5/5	Y	batB	ox_stress					PgCG_00096	W83	HCNEGF_01457	UniRef90_B2RI52	1020	339	W83__HCNEGF_01457
PgCG_00097	core_gene	Y	Y	batC	putative aerotolerance-related exported protein BatC	Environmental Stress & Defense	R	COG0457	Core	5/5								PgCG_00097	W83	HCNEGF_01458	UniRef90_B2RI51	744	247	W83__HCNEGF_01458
PgCG_00098	core_gene	Y	Y	rbr	rubrerythrin	Environmental Stress & Defense	C	COG1592	Core	5/5	Y	rbr	ox_stress					PgCG_00098	W83	HCNEGF_00188	UniRef90_Q9AGG3	579	192	W83__HCNEGF_00188
PgCG_00099	core_gene	Y	Y	sodB	Superoxide dismutase [Mn/Fe]	Environmental Stress & Defense	P	COG0605	Core	5/5	Y	sod	ox_stress					PgCG_00099	W83	HCNEGF_01425	UniRef90_P19665	576	191	W83__HCNEGF_01425
PgCG_00100	core_gene	Y	Y	tpx	thiol peroxidase	Environmental Stress & Defense	O	COG2077	Core	5/5	Y	tpx	ox_stress					PgCG_00100	W83	HCNEGF_01592	UniRef90_Q7MU37	540	179	W83__HCNEGF_01592
PgCG_00101	core_gene	Y	Y	trxA	thioredoxin	Environmental Stress & Defense	O	COG3118	Core	5/5								PgCG_00101	W83	HCNEGF_00034	UniRef90_Q7MXW5	315	104	W83__HCNEGF_00034
PgCG_00102	core_gene	Y	Y	bcp	thioredoxin-dependent thiol peroxidase	Environmental Stress & Defense	O	COG1225	Core	5/5	Y	bcp	ox_stress					PgCG_00102	W83	HCNEGF_01266	UniRef90_Q7MVY9	504	167	W83__HCNEGF_01266
PgCG_00103	core_gene	Y	Y	trxB	thioredoxin-disulfide reductase	Environmental Stress & Defense	O	COG0492	Core	5/5								PgCG_00103	W83	HCNEGF_01029	UniRef90_Q7MVD5	942	313	W83__HCNEGF_01029
PgCG_00104	core_gene	Y	Y	cas13b	type VI-B CRISPR-associated RNA-guided ribonuclease Cas13b	Environmental Stress & Defense			Core	5/5								PgCG_00104	W83	HCNEGF_00311	UniRef90_A0AAF0BAR8	3528	1175	W83__HCNEGF_00311
PgCG_00105	core_gene	Y	Y	rsmA	16S rRNA (adenine(1518)-N(6)/adenine(1519)-N(6))-dimethyltransferase RsmA	Genetic Information Processing	J	COG0030	Core	5/5								PgCG_00105	W83	HCNEGF_00131	UniRef90_Q7MXN7	774	257	W83__HCNEGF_00131
PgCG_00106	core_gene	Y	Y	rsmI	16S rRNA (cytidine(1402)-2'-O)-methyltransferase	Genetic Information Processing	J	COG0313	Core	5/5								PgCG_00106	W83	HCNEGF_00230	UniRef90_Q7MXF3	702	233	W83__HCNEGF_00230
PgCG_00107	core_gene	Y	Y	rsmH	16S rRNA (cytosine(1402)-N(4))-methyltransferase RsmH	Genetic Information Processing	J	COG0275	Core	5/5								PgCG_00107	W83	HCNEGF_00515	UniRef90_Q7MWN0	936	311	W83__HCNEGF_00515
PgCG_00108	core_gene	Y	Y	rsmG	16S rRNA (guanine(527)-N(7))-methyltransferase RsmG	Genetic Information Processing	J	COG0357	Core	5/5								PgCG_00108	W83	HCNEGF_00878	UniRef90_Q7MV10	675	224	W83__HCNEGF_00878
PgCG_00109	core_gene	Y	Y	rsmD	16S rRNA (Guanine(966)-N(2))-methyltransferase RsmD	Genetic Information Processing	J	COG0742	Core	5/5								PgCG_00109	W83	HCNEGF_00885	UniRef90_Q7MV17	540	179	W83__HCNEGF_00885
PgCG_00110	core_gene	Y	Y	rsmE	16S rRNA (uracil(1498)-N(3))-methyltransferase	Genetic Information Processing	J	COG1385	Core	5/5								PgCG_00110	W83	HCNEGF_01994	UniRef90_B2RH75	747	248	W83__HCNEGF_01994
PgCG_00111	core_gene	Y	Y	rlmN	23S rRNA (adenine(2503)-C(2))-methyltransferase RlmN	Genetic Information Processing	J	COG0820	Core	5/5								PgCG_00111	W83	HCNEGF_01911	UniRef90_B2RMI0	1014	337	W83__HCNEGF_01911
PgCG_00112	core_gene	Y	Y	rlmB	23S rRNA (guanosine(2251)-2'-O)-methyltransferase RlmB	Genetic Information Processing	J	COG0566	Core	5/5								PgCG_00112	W83	HCNEGF_01697	UniRef90_A0AAE9XED2	750	249	W83__HCNEGF_01697
PgCG_00113	core_gene	Y	Y	rlmH	23S rRNA (pseudouridine(1915)-N(3))-methyltransferase RlmH	Genetic Information Processing	J	COG1576	Core	5/5								PgCG_00113	W83	HCNEGF_01934	UniRef90_Q7MT92	474	157	W83__HCNEGF_01934
PgCG_00114	core_gene	Y	Y	rlmD	23S rRNA (uracil(1939)-C(5))-methyltransferase RlmD	Genetic Information Processing	J	COG2265	Core	5/5								PgCG_00114	W83	HCNEGF_01070	UniRef90_Q7MVG9	1437	478	W83__HCNEGF_01070
PgCG_00115	core_gene	Y	Y	rpsA	30S ribosomal protein S1	Genetic Information Processing	J	COG0539	Core	5/5								PgCG_00115	W83	HCNEGF_00887	UniRef90_F5HFD5	1800	599	W83__HCNEGF_00887
PgCG_00116	core_gene	Y	Y	rpsJ	30S ribosomal protein S10	Genetic Information Processing	J	COG0051	Core	5/5								PgCG_00116	W83	HCNEGF_01790	UniRef90_A6LEJ2	306	101	W83__HCNEGF_01790
PgCG_00117	core_gene	Y	Y	rpsK	30S ribosomal protein S11	Genetic Information Processing	J	COG0100	Core	5/5								PgCG_00117	W83	HCNEGF_01765	UniRef90_Q7MTN8	387	128	W83__HCNEGF_01765
PgCG_00118	core_gene	Y	Y	rpsL	30S ribosomal protein S12	Genetic Information Processing	J	COG0048	Core	5/5								PgCG_00118	W83	HCNEGF_01793	UniRef90_Q7MTK9	405	134	W83__HCNEGF_01793
PgCG_00119	core_gene	Y	Y	rimO	30S ribosomal protein S12 methylthiotransferase RimO	Genetic Information Processing	J	COG0621	Core	5/5								PgCG_00119	W83	HCNEGF_00146	UniRef90_Q7MXM3	1305	434	W83__HCNEGF_00146
PgCG_00120	core_gene	Y	Y	rpsM	30S ribosomal protein S13	Genetic Information Processing	J	COG0099	Core	5/5								PgCG_00120	W83	HCNEGF_01766	UniRef90_Q7MTN7	381	126	W83__HCNEGF_01766
PgCG_00121	core_gene	Y	Y	rpsN	30S ribosomal protein S14	Genetic Information Processing	J	COG0199	Core	5/5								PgCG_00121	W83	HCNEGF_01776	UniRef90_Q7MTM6	270	89	W83__HCNEGF_01776
PgCG_00122	core_gene	Y	Y	rpsO	30S ribosomal protein S15	Genetic Information Processing	J	COG0184	Core	5/5								PgCG_00122	W83	HCNEGF_01616	UniRef90_Q7MU16	270	89	W83__HCNEGF_01616
PgCG_00123	core_gene	Y	Y	rpsP	30S ribosomal protein S16	Genetic Information Processing	J	COG0228	Core	5/5								PgCG_00123	W83	HCNEGF_01959	UniRef90_B2RH41	579	192	W83__HCNEGF_01959
PgCG_00124	core_gene	Y	Y	rpsQ	30S ribosomal protein S17	Genetic Information Processing	J	COG0186	Core	5/5								PgCG_00124	W83	HCNEGF_01780	UniRef90_Q7MTM2	255	84	W83__HCNEGF_01780
PgCG_00125	core_gene	Y	Y	rpsR	30S ribosomal protein S18	Genetic Information Processing	J	COG0238	Core	5/5								PgCG_00125	W83	HCNEGF_00538	UniRef90_Q7MWL2	273	90	W83__HCNEGF_00538
PgCG_00126	core_gene	Y	Y	rpsS	30S ribosomal protein S19	Genetic Information Processing	J	COG0185	Core	5/5								PgCG_00126	W83	HCNEGF_01785	UniRef90_Q7MTL7	270	89	W83__HCNEGF_01785
PgCG_00127	core_gene	Y	Y	rpsB	30S ribosomal protein S2	Genetic Information Processing	J	COG0052	Core	5/5								PgCG_00127	W83	HCNEGF_00341	UniRef90_Q7MX41	846	281	W83__HCNEGF_00341
PgCG_00128	core_gene	Y	Y	rpsT	30S ribosomal protein S20	Genetic Information Processing	J	COG0268	Core	5/5								PgCG_00128	W83	HCNEGF_01584	UniRef90_Q7MU43	255	84	W83__HCNEGF_01584
PgCG_00129	core_gene	Y	Y	rpsU	30S ribosomal protein S21	Genetic Information Processing	J	COG0828	Core	5/5								PgCG_00129	W83	HCNEGF_00348	UniRef90_Q7MX34	192	63	W83__HCNEGF_00348
PgCG_00130	core_gene	Y	Y	rpsC	30S ribosomal protein S3	Genetic Information Processing	J	COG0092	Core	5/5								PgCG_00130	W83	HCNEGF_01783	UniRef90_Q7MTL9	741	246	W83__HCNEGF_01783
PgCG_00131	core_gene	Y	Y	rpsD	30S ribosomal protein S4	Genetic Information Processing	J	COG0522	Core	5/5								PgCG_00131	W83	HCNEGF_01764	UniRef90_Q7MTN9	606	201	W83__HCNEGF_01764
PgCG_00132	core_gene	Y	Y	rpsE	30S ribosomal protein S5	Genetic Information Processing	J	COG0098	Core	5/5								PgCG_00132	W83	HCNEGF_01772	UniRef90_Q7MTN0	519	172	W83__HCNEGF_01772
PgCG_00133	core_gene	Y	Y	rpsF	30S ribosomal protein S6	Genetic Information Processing	J	COG0360	Core	5/5								PgCG_00133	W83	HCNEGF_00537	UniRef90_Q7MWL3	354	117	W83__HCNEGF_00537
PgCG_00134	core_gene	Y	Y	rpsG	30S ribosomal protein S7	Genetic Information Processing	J	COG0049	Core	5/5								PgCG_00134	W83	HCNEGF_01792	UniRef90_Q7MTL0	477	158	W83__HCNEGF_01792
PgCG_00135	core_gene	Y	Y	rpsH	30S ribosomal protein S8	Genetic Information Processing	J	COG0096	Core	5/5								PgCG_00135	W83	HCNEGF_01775	UniRef90_Q7MTM7	396	131	W83__HCNEGF_01775
PgCG_00136	core_gene	Y	Y	rpsI	30S ribosomal protein S9	Genetic Information Processing	J	COG0103	Core	5/5								PgCG_00136	W83	HCNEGF_00340	UniRef90_Q7MX42	387	128	W83__HCNEGF_00340
PgCG_00137	core_gene	Y	Y	rbfA	30S ribosome-binding factor RbfA	Genetic Information Processing	J	COG0858	Core	5/5								PgCG_00137	W83	HCNEGF_01230	UniRef90_F5HFT7	336	111	W83__HCNEGF_01230
PgCG_00138	core_gene	Y	Y	fAU1	5-formyltetrahydrofolate cyclo-ligase	Genetic Information Processing	H	COG0212	Core	5/5								PgCG_00138	W83	HCNEGF_01703	UniRef90_Q7MTT7	558	185	W83__HCNEGF_01703
PgCG_00139	core_gene	Y	Y	rplA	50S ribosomal protein L1	Genetic Information Processing	J	COG0081	Core	5/5								PgCG_00139	W83	HCNEGF_00357	UniRef90_Q7MX30	699	232	W83__HCNEGF_00357
PgCG_00140	core_gene	Y	Y	rplJ	50S ribosomal protein L10	Genetic Information Processing	J	COG0244	Core	5/5								PgCG_00140	W83	HCNEGF_00358	UniRef90_Q7MX29	525	174	W83__HCNEGF_00358
PgCG_00141	core_gene	Y	Y	rplK	50S ribosomal protein L11	Genetic Information Processing	J	COG0080	Core	5/5								PgCG_00141	W83	HCNEGF_00356	UniRef90_Q7MX31	438	145	W83__HCNEGF_00356
PgCG_00142	core_gene	Y	Y	prmA	50S ribosomal protein L11 methyltransferase	Genetic Information Processing	J	COG2264	Core	5/5								PgCG_00142	W83	HCNEGF_00572	UniRef90_P60093	873	290	W83__HCNEGF_00572
PgCG_00143	core_gene	Y	Y	rplM	50S ribosomal protein L13	Genetic Information Processing	J	COG0102	Core	5/5								PgCG_00143	W83	HCNEGF_00339	UniRef90_Q7MX43	456	151	W83__HCNEGF_00339
PgCG_00144	core_gene	Y	Y	rplN	50S ribosomal protein L14	Genetic Information Processing	J	COG0093	Core	5/5								PgCG_00144	W83	HCNEGF_01779	UniRef90_Q7MTM3	366	121	W83__HCNEGF_01779
PgCG_00145	core_gene	Y	Y	rplO	50S ribosomal protein L15	Genetic Information Processing	J	COG0200	Core	5/5								PgCG_00145	W83	HCNEGF_01771	UniRef90_B2RLX3	447	148	W83__HCNEGF_01771
PgCG_00146	core_gene	Y	Y	rplP	50S ribosomal protein L16	Genetic Information Processing	J	COG0197	Core	5/5								PgCG_00146	W83	HCNEGF_01782	UniRef90_Q7MTM0	435	144	W83__HCNEGF_01782
PgCG_00147	core_gene	Y	Y	rplQ	50S ribosomal protein L17	Genetic Information Processing	J	COG0203	Core	5/5								PgCG_00147	W83	HCNEGF_01762	UniRef90_Q7MTP1	483	160	W83__HCNEGF_01762
PgCG_00148	core_gene	Y	Y	rplR	50S ribosomal protein L18	Genetic Information Processing	J	COG0256	Core	5/5								PgCG_00148	W83	HCNEGF_01773	UniRef90_Q7MTM9	345	114	W83__HCNEGF_01773
PgCG_00149	core_gene	Y	Y	rplS	50S ribosomal protein L19	Genetic Information Processing	J	COG0335	Core	5/5								PgCG_00149	W83	HCNEGF_00036	UniRef90_Q7MXW3	366	121	W83__HCNEGF_00036
PgCG_00150	core_gene	Y	Y	rplB	50S ribosomal protein L2	Genetic Information Processing	J	COG0090	Core	5/5								PgCG_00150	W83	HCNEGF_01786	UniRef90_Q7MTL6	825	274	W83__HCNEGF_01786
PgCG_00151	core_gene	Y	Y	rplT	50S ribosomal protein L20	Genetic Information Processing	J	COG0292	Core	5/5								PgCG_00151	W83	HCNEGF_01166	UniRef90_Q7MVQ8	348	115	W83__HCNEGF_01166
PgCG_00152	core_gene	Y	Y	rplU	50S ribosomal protein L21	Genetic Information Processing	J	COG0261	Core	5/5								PgCG_00152	W83	HCNEGF_00289	UniRef90_Q7MX95	318	105	W83__HCNEGF_00289
PgCG_00153	core_gene	Y	Y	rplV	50S ribosomal protein L22	Genetic Information Processing	J	COG0091	Core	5/5								PgCG_00153	W83	HCNEGF_01784	UniRef90_Q7MTL8	405	134	W83__HCNEGF_01784
PgCG_00154	core_gene	Y	Y	rplW	50S ribosomal protein L23	Genetic Information Processing	J	COG0089	Core	5/5								PgCG_00154	W83	HCNEGF_01787	UniRef90_Q7MTL5	294	97	W83__HCNEGF_01787
PgCG_00155	core_gene	Y	Y	rplX	50S ribosomal protein L24	Genetic Information Processing	J	COG0198	Core	5/5								PgCG_00155	W83	HCNEGF_01778	UniRef90_Q7MTM4	285	94	W83__HCNEGF_01778
PgCG_00156	core_gene	Y	Y	rplY	50S ribosomal protein L25/general stress protein Ctc	Genetic Information Processing	J	COG1825	Core	5/5								PgCG_00156	W83	HCNEGF_00162	UniRef90_Q7MXK8	579	192	W83__HCNEGF_00162
PgCG_00157	core_gene	Y	Y	rpmA	50S ribosomal protein L27	Genetic Information Processing	J	COG0211	Core	5/5								PgCG_00157	W83	HCNEGF_00290	UniRef90_Q7MX94	258	85	W83__HCNEGF_00290
PgCG_00158	core_gene	Y	Y	rpmB	50S ribosomal protein L28	Genetic Information Processing	J	COG0227	Core	5/5								PgCG_00158	W83	HCNEGF_01813	UniRef90_Q7MTJ4	240	79	W83__HCNEGF_01813
PgCG_00159	core_gene	Y	Y	rpmC	50S ribosomal protein L29	Genetic Information Processing	J	COG0255	Core	5/5								PgCG_00159	W83	HCNEGF_01781	UniRef90_Q7MTM1	195	64	W83__HCNEGF_01781
PgCG_00160	core_gene	Y	Y	rplC	50S ribosomal protein L3	Genetic Information Processing	J	COG0087	Core	5/5								PgCG_00160	W83	HCNEGF_01789	UniRef90_Q7MTL3	618	205	W83__HCNEGF_01789
PgCG_00161	core_gene	Y	Y	rpmF	50S ribosomal protein L32	Genetic Information Processing	J	COG0333	Core	5/5								PgCG_00161	W83	HCNEGF_01979	UniRef90_Q8A138	186	61	W83__HCNEGF_01979
PgCG_00162	core_gene	Y	Y	rpmG	50S ribosomal protein L33	Genetic Information Processing	J	COG0267	Core	5/5								PgCG_00162	W83	HCNEGF_01812	UniRef90_Q7MTJ5	189	62	W83__HCNEGF_01812
PgCG_00163	core_gene	Y	Y	rpmH	50S ribosomal protein L34	Genetic Information Processing	J	COG0230	Core	5/5								PgCG_00163	W83	HCNEGF_00591	UniRef90_Q7MWG1	153	50	W83__HCNEGF_00591
PgCG_00164	core_gene	Y	Y	rpmI	50S ribosomal protein L35	Genetic Information Processing	J	COG0291	Core	5/5								PgCG_00164	W83	HCNEGF_01165	UniRef90_Q7MVQ7	198	65	W83__HCNEGF_01165
PgCG_00165	core_gene	Y	Y	rplD	50S ribosomal protein L4	Genetic Information Processing	J	COG0088	Core	5/5								PgCG_00165	W83	HCNEGF_01788	UniRef90_B2RLZ1	630	209	W83__HCNEGF_01788
PgCG_00166	core_gene	Y	Y	rplE	50S ribosomal protein L5	Genetic Information Processing	J	COG0094	Core	5/5								PgCG_00166	W83	HCNEGF_01777	UniRef90_Q7MTM5	561	186	W83__HCNEGF_01777
PgCG_00167	core_gene	Y	Y	rplF	50S ribosomal protein L6	Genetic Information Processing	J	COG0097	Core	5/5								PgCG_00167	W83	HCNEGF_01774	UniRef90_Q7MTM8	552	183	W83__HCNEGF_01774
PgCG_00168	core_gene	Y	Y	rplL	50S ribosomal protein L7/L12	Genetic Information Processing	J	COG0222	Core	5/5								PgCG_00168	W83	HCNEGF_00359	UniRef90_Q7MX28	378	125	W83__HCNEGF_00359
PgCG_00169	core_gene	Y	Y	rplI	50S ribosomal protein L9	Genetic Information Processing	J	COG0359	Core	5/5								PgCG_00169	W83	HCNEGF_00539	UniRef90_Q7MWL1	540	179	W83__HCNEGF_00539
PgCG_00170	core_gene	Y	Y	alaS	alanine--tRNA ligase	Genetic Information Processing	J	COG0013	Core	5/5								PgCG_00170	W83	HCNEGF_00931	UniRef90_Q7MV54	2631	876	W83__HCNEGF_00931
PgCG_00171	core_gene	Y	Y	pth	aminoacyl-tRNA hydrolase	Genetic Information Processing	J	COG0193	Core	5/5								PgCG_00171	W83	HCNEGF_00161	UniRef90_B2RHF2	558	185	W83__HCNEGF_00161
PgCG_00172	core_gene	Y	Y	rseA	Anti sigma-E protein RseA N-terminal domain-containing protein	Genetic Information Processing			Core	5/5								PgCG_00172	W83	HCNEGF_00204	UniRef90_Q7MXH3	486	161	W83__HCNEGF_00204
PgCG_00173	core_gene	Y	Y	argS	arginine--tRNA ligase	Genetic Information Processing	J	COG0018	Core	5/5								PgCG_00173	W83	HCNEGF_00247	UniRef90_Q7MXD5	1794	597	W83__HCNEGF_00247
PgCG_00174	core_gene	Y	Y	asnS	asparagine--tRNA ligase	Genetic Information Processing	J	COG0017	Core	5/5								PgCG_00174	W83	HCNEGF_01042	UniRef90_B2RK42	1410	469	W83__HCNEGF_01042
PgCG_00175	core_gene	Y	Y	aspS	aspartate--tRNA ligase	Genetic Information Processing	J	COG0173	Core	5/5								PgCG_00175	W83	HCNEGF_00149	UniRef90_B2RHE0	1764	587	W83__HCNEGF_00149
PgCG_00176	core_gene	Y	Y	recG	ATP-dependent DNA helicase RecG	Genetic Information Processing	L	COG1200	Core	5/5								PgCG_00176	W83	HCNEGF_00319	UniRef90_Q7MX66	2097	698	W83__HCNEGF_00319
PgCG_00177	core_gene	Y	Y	recQ	ATP-dependent DNA helicase RecQ	Genetic Information Processing	L	COG0514	Core	5/5								PgCG_00177	W83	HCNEGF_01685	UniRef90_B2RLL1	2124	707	W83__HCNEGF_01685
PgCG_00178	core_gene	Y	Y	srmB	ATP-dependent RNA helicase, DEAD/DEAH box family	Genetic Information Processing	L	COG0513	Core	5/5								PgCG_00178	W83	HCNEGF_01945	UniRef90_Q7MT81	1284	427	W83__HCNEGF_01945
PgCG_00179	core_gene	Y	Y		B3/B4 tRNA-binding domain-containing protein	Genetic Information Processing	R	COG3382	Core	5/5								PgCG_00179	W83	HCNEGF_00710	UniRef90_Q7MW56	717	238	W83__HCNEGF_00710
PgCG_00180	core_gene	Y	Y	coaBC	bifunctional phosphopantothenoylcysteine decarboxylase/phosphopantothenate--cysteine ligase CoaBC	Genetic Information Processing	H	COG0452	Core	5/5								PgCG_00180	W83	HCNEGF_01700	UniRef90_Q7MTU0	1215	404	W83__HCNEGF_01700
PgCG_00181	core_gene	Y	Y	alr	bifunctional UDP-N-acetylmuramoyl-tripeptide:D-alanyl-D-alanine ligase/alanine racemase	Genetic Information Processing	M	COG0787	Core	5/5								PgCG_00181	W83	HCNEGF_01068	UniRef90_Q7MVG7	2472	823	W83__HCNEGF_01068
PgCG_00182	core_gene	Y	Y	birA2	Biotin--[acetyl-CoA-carboxylase] ligase	Genetic Information Processing	H	COG0340	Core	5/5								PgCG_00182	W83	HCNEGF_01476	UniRef90_A0AAE9X9Z7	774	257	W83__HCNEGF_01476
PgCG_00183	core_gene	Y	Y	ybaK	Cys-tRNA(Pro) deacylase	Genetic Information Processing	J	COG2606	Core	5/5								PgCG_00183	W83	HCNEGF_01874	UniRef90_A0AAE9XJ45	510	169	W83__HCNEGF_01874
PgCG_00184	core_gene	Y	Y	cysS	cysteine--tRNA ligase	Genetic Information Processing	J	COG0215	Core	5/5								PgCG_00184	W83	HCNEGF_01723	UniRef90_Q7MTR6	1473	490	W83__HCNEGF_01723
PgCG_00185	core_gene	Y	Y	ddl	D-alanine--D-alanine ligase	Genetic Information Processing	M;R	COG1181	Core	5/5								PgCG_00185	W83	HCNEGF_00655	UniRef90_Q7MWA2	993	330	W83__HCNEGF_00655
PgCG_00186	core_gene	Y	Y	dtd	D-aminoacyl-tRNA deacylase	Genetic Information Processing	J	COG1490	Core	5/5								PgCG_00186	W83	HCNEGF_01842	UniRef90_Q7MTG7	453	150	W83__HCNEGF_01842
PgCG_00187	core_gene	Y	Y	uvrD	DNA 3'-5' helicase	Genetic Information Processing	L	COG0210	Core	5/5								PgCG_00187	W83	HCNEGF_01121	UniRef90_Q7MAW3	2298	765	W83__HCNEGF_01121
PgCG_00188	core_gene	Y	Y	recB	DNA 3'-5' helicase	Genetic Information Processing	L	COG1074	Core	5/5								PgCG_00188	W83	HCNEGF_01918	UniRef90_Q7MTA3	3309	1102	W83__HCNEGF_01918
PgCG_00189	core_gene	Y	Y	gyrA	DNA gyrase subunit A	Genetic Information Processing	L	COG0188	Core	5/5								PgCG_00189	W83	HCNEGF_00800	UniRef90_Q8L3L7	2580	859	W83__HCNEGF_00800
PgCG_00190	core_gene	Y	Y	gyrA	DNA gyrase/topoisomerase IV subunit A	Genetic Information Processing	L	COG0188	Core	5/5								PgCG_00190	W83	HCNEGF_01495	UniRef90_Q7MUA9	2697	898	W83__HCNEGF_01495
PgCG_00191	core_gene	Y	Y	recQ	DNA helicase RecQ	Genetic Information Processing	L	COG0514	Core	5/5								PgCG_00191	W83	HCNEGF_00378	UniRef90_Q7MX11	2178	725	W83__HCNEGF_00378
PgCG_00192	core_gene	Y	Y	mutL	DNA mismatch repair endonuclease MutL	Genetic Information Processing	L	COG0323	Core	5/5								PgCG_00192	W83	HCNEGF_00374	UniRef90_Q7MX15	1857	618	W83__HCNEGF_00374
PgCG_00193	core_gene	Y	Y	mutS	DNA mismatch repair protein MutS	Genetic Information Processing	L	COG0249	Core	5/5								PgCG_00193	W83	HCNEGF_00090	UniRef90_Q7MXR7	2676	891	W83__HCNEGF_00090
PgCG_00194	core_gene	Y	Y	polA	DNA polymerase I	Genetic Information Processing	L	COG0749	Core	5/5								PgCG_00194	W83	HCNEGF_01652	UniRef90_Q7MTY3	2781	926	W83__HCNEGF_01652
PgCG_00195	core_gene	Y	Y	dnaE	DNA polymerase III subunit alpha	Genetic Information Processing	L	COG0587	Core	5/5								PgCG_00195	W83	HCNEGF_00035	UniRef90_A0AAF0BFV0	3687	1228	W83__HCNEGF_00035
PgCG_00196	core_gene	Y	Y	dnaN	DNA polymerase III subunit beta	Genetic Information Processing	L	COG0592	Core	5/5								PgCG_00196	W83	HCNEGF_01702	UniRef90_Q7MTT8	1134	377	W83__HCNEGF_01702
PgCG_00197	core_gene	Y	Y	holA	DNA polymerase III subunit delta	Genetic Information Processing	L	COG1466	Core	5/5								PgCG_00197	W83	HCNEGF_01205	UniRef90_A0A0A2F1R7	1008	335	W83__HCNEGF_01205
PgCG_00198	core_gene	Y	Y	dnaX	DNA polymerase III subunit delta	Genetic Information Processing	L	COG2812	Core	5/5								PgCG_00198	W83	HCNEGF_01221	UniRef90_A0AAE9X915	1293	430	W83__HCNEGF_01221
PgCG_00199	core_gene	Y	Y	dnaQ	DNA polymerase III subunit epsilon	Genetic Information Processing	L	COG0847	Core	5/5								PgCG_00199	W83	HCNEGF_01701	UniRef90_A0A0A2FEL2	780	259	W83__HCNEGF_01701
PgCG_00200	core_gene	Y	Y	dnaX	DNA polymerase III subunit gamma/tau	Genetic Information Processing	L	COG2812	Core	5/5								PgCG_00200	W83	HCNEGF_00772	UniRef90_A0A0A2EYV2	1809	602	W83__HCNEGF_00772
PgCG_00201	core_gene	Y	Y	radA	DNA repair protein RadA	Genetic Information Processing	L	COG1066	Core	5/5								PgCG_00201	W83	HCNEGF_00216	UniRef90_Q7MXG3	1386	461	W83__HCNEGF_00216
PgCG_00202	core_gene	Y	Y	radC	DNA repair protein RadC	Genetic Information Processing	L	COG2003	Core	5/5								PgCG_00202	W83	HCNEGF_01255	UniRef90_Q7MVX9	693	230	W83__HCNEGF_01255
PgCG_00203	core_gene	Y	Y	recN	DNA repair protein RecN	Genetic Information Processing	L	COG0497	Core	5/5								PgCG_00203	W83	HCNEGF_01698	UniRef90_B2RLQ6	1656	551	W83__HCNEGF_01698
PgCG_00204	core_gene	Y	Y	recO	DNA repair protein RecO	Genetic Information Processing	L	COG1381	Core	5/5								PgCG_00204	W83	HCNEGF_01855	UniRef90_B2RM78	738	245	W83__HCNEGF_01855
PgCG_00205	core_gene	Y	Y	topA	DNA topoisomerase	Genetic Information Processing	L	COG0550	Core	5/5								PgCG_00205	W83	HCNEGF_00101	UniRef90_Q7MXR3	2073	690	W83__HCNEGF_00101
PgCG_00206	core_gene	Y	Y	gyrB	DNA topoisomerase (ATP-hydrolyzing)	Genetic Information Processing	L	COG0187	Core	5/5								PgCG_00206	W83	HCNEGF_00335	UniRef90_A0A0E2LNS1	1935	644	W83__HCNEGF_00335
PgCG_00207	core_gene	Y	Y	gyrB	DNA topoisomerase (ATP-hydrolyzing) subunit B	Genetic Information Processing	L	COG0187	Core	5/5								PgCG_00207	W83	HCNEGF_01566	UniRef90_Q7MU58	1965	654	W83__HCNEGF_01566
PgCG_00208	core_gene	Y	Y	rpoA	DNA-directed RNA polymerase subunit alpha	Genetic Information Processing	K	COG0202	Core	5/5								PgCG_00208	W83	HCNEGF_01763	UniRef90_Q7MTP0	993	330	W83__HCNEGF_01763
PgCG_00209	core_gene	Y	Y	rpoB	DNA-directed RNA polymerase subunit beta	Genetic Information Processing	K	COG0085	Core	5/5								PgCG_00209	W83	HCNEGF_00360	UniRef90_Q7MX27	3810	1269	W83__HCNEGF_00360
PgCG_00210	core_gene	Y	Y	rpoC	DNA-directed RNA polymerase subunit beta'	Genetic Information Processing	K	COG0086	Core	5/5								PgCG_00210	W83	HCNEGF_00361	UniRef90_Q7MX26	4302	1433	W83__HCNEGF_00361
PgCG_00211	core_gene	Y	Y	fusA	elongation factor G	Genetic Information Processing	J	COG0480	Core	5/5								PgCG_00211	W83	HCNEGF_01791	UniRef90_B2RLZ4	2124	707	W83__HCNEGF_01791
PgCG_00212	core_gene	Y	Y	efp	elongation factor P	Genetic Information Processing	J	COG0231	Core	5/5								PgCG_00212	W83	HCNEGF_00512	UniRef90_Q7MV32	567	188	W83__HCNEGF_00512
PgCG_00213	core_gene	Y	Y	tuf	elongation factor Tu	Genetic Information Processing	J	COG0050	Core	5/5								PgCG_00213	W83	HCNEGF_00352	UniRef90_A6LE88	1188	395	W83__HCNEGF_00352
PgCG_00214	core_gene	Y	Y	uvrA	excinuclease ABC subunit UvrA	Genetic Information Processing	L	COG0178	Core	5/5								PgCG_00214	W83	HCNEGF_02046	UniRef90_Q7MSZ9	2859	952	W83__HCNEGF_02046
PgCG_00215	core_gene	Y	Y	uvrA	excinuclease ABC subunit UvrA	Genetic Information Processing	L	COG0178	Core	5/5								PgCG_00215	W83	HCNEGF_01123	UniRef90_Q7MVL7	2904	967	W83__HCNEGF_01123
PgCG_00216	core_gene	Y	Y	uvrB	excinuclease ABC subunit UvrB	Genetic Information Processing	L	COG0556	Core	5/5								PgCG_00216	W83	HCNEGF_00343	UniRef90_B2RL59	2037	678	W83__HCNEGF_00343
PgCG_00217	core_gene	Y	Y	uvrC	excinuclease ABC subunit UvrC	Genetic Information Processing	L	COG0322	Core	5/5								PgCG_00217	W83	HCNEGF_01841	UniRef90_Q7MTG8	1803	600	W83__HCNEGF_01841
PgCG_00218	core_gene	Y	Y	fhs	formate--tetrahydrofolate ligase	Genetic Information Processing	F	COG2759	Core	5/5								PgCG_00218	W83	HCNEGF_00865	UniRef90_Q7MUZ8	1668	555	W83__HCNEGF_00865
PgCG_00219	core_gene	Y	Y	gltX	glutamate--tRNA ligase	Genetic Information Processing	J	COG0008	Core	5/5								PgCG_00219	W83	HCNEGF_01444	UniRef90_Q7MUF7	1716	571	W83__HCNEGF_01444
PgCG_00220	core_gene	Y	Y	glnS	glutamine--tRNA ligase/YqeY domain fusion protein	Genetic Information Processing	J	COG0008	Core	5/5								PgCG_00220	W83	HCNEGF_01803	UniRef90_Q7MTK0	1701	566	W83__HCNEGF_01803
PgCG_00221	core_gene	Y	Y	yqeY	Glutamyl-tRNA amidotransferase	Genetic Information Processing	R	COG1610	Core	5/5								PgCG_00221	W83	HCNEGF_00527	UniRef90_A0A0A2EU79	450	149	W83__HCNEGF_00527
PgCG_00222	core_gene	Y	Y	gRS1	glycine--tRNA ligase	Genetic Information Processing	J	COG0423	Core	5/5								PgCG_00222	W83	HCNEGF_02002	UniRef90_Q7MT30	1548	515	W83__HCNEGF_02002
PgCG_00223	core_gene	Y	Y	cvfB	GntR family transcriptional regulator	Genetic Information Processing	R	COG2996	Core	5/5								PgCG_00223	W83	HCNEGF_01590	UniRef90_B2RHR4	864	287	W83__HCNEGF_01590
PgCG_00224	core_gene	Y	Y	recD	Helicase, putative	Genetic Information Processing	L	COG0507	Core	5/5								PgCG_00224	W83	HCNEGF_01891	UniRef90_Q7MTC3	2286	761	W83__HCNEGF_01891
PgCG_00225	core_gene	Y	Y	ntrY	histidine kinase	Genetic Information Processing	T	COG5000	Core	5/5								PgCG_00225	W83	HCNEGF_00016	UniRef90_Q7MXX9	1338	445	W83__HCNEGF_00016
PgCG_00226	core_gene	Y	Y		histidine kinase	Genetic Information Processing			Core	5/5								PgCG_00226	W83	HCNEGF_00050	UniRef90_B2RMC4	1188	395	W83__HCNEGF_00050
PgCG_00227	core_gene	Y	Y	pilF	histidine kinase	Genetic Information Processing	N;W	COG3063	Core	5/5								PgCG_00227	W83	HCNEGF_00761	UniRef90_A5LFV1	1812	603	W83__HCNEGF_00761
PgCG_00228	core_gene	Y	Y		histidine kinase	Genetic Information Processing			Core	5/5								PgCG_00228	W83	HCNEGF_00671	UniRef90_B2RIU8	1338	445	W83__HCNEGF_00671
PgCG_00229	core_gene	Y	Y	araC	histidine kinase	Genetic Information Processing	K	COG2207	Core	5/5								PgCG_00229	W83	HCNEGF_01654	UniRef90_Q7WUA4	2886	961	W83__HCNEGF_01654
PgCG_00230	core_gene	Y	Y		Histidine kinase	Genetic Information Processing			Core	5/5								PgCG_00230	W83	HCNEGF_01238	UniRef90_A0A099X065	714	237	W83__HCNEGF_01238
PgCG_00231	core_gene	Y	Y		Histidine kinase	Genetic Information Processing			Core	5/5								PgCG_00231	W83	HCNEGF_00316	UniRef90_B2RL90	594	197	W83__HCNEGF_00316
PgCG_00232	core_gene	Y	Y	hisS	histidine--tRNA ligase	Genetic Information Processing	J	COG0124	Core	5/5								PgCG_00232	W83	HCNEGF_01908	UniRef90_Q7MTB3	1365	454	W83__HCNEGF_01908
PgCG_00233	core_gene	Y	Y	ruvB	Holliday junction branch migration DNA helicase RuvB	Genetic Information Processing	L	COG2255	Core	5/5								PgCG_00233	W83	HCNEGF_00442	UniRef90_Q7MWU9	1053	350	W83__HCNEGF_00442
PgCG_00234	core_gene	Y	Y	ruvA	Holliday junction branch migration protein RuvA	Genetic Information Processing	L	COG0632	Core	5/5								PgCG_00234	W83	HCNEGF_00733	UniRef90_B2RJ07	609	202	W83__HCNEGF_00733
PgCG_00235	core_gene	Y	Y	ruvX	Holliday junction resolvase RuvX	Genetic Information Processing	J;L;K	COG0816	Core	5/5								PgCG_00235	W83	HCNEGF_02039	UniRef90_Q7MT06	639	212	W83__HCNEGF_02039
PgCG_00236	core_gene	Y	Y	ileS	isoleucine--tRNA ligase	Genetic Information Processing	J	COG0060	Core	5/5								PgCG_00236	W83	HCNEGF_01471	UniRef90_Q7MUD3	3414	1137	W83__HCNEGF_01471
PgCG_00237	core_gene	Y	Y	leuS	leucine--tRNA ligase	Genetic Information Processing	J	COG0495	Core	5/5								PgCG_00237	W83	HCNEGF_00718	UniRef90_Q7MW49	2778	925	W83__HCNEGF_00718
PgCG_00238	core_gene	Y	Y	fAA1	Long-chain-fatty-acid--CoA ligase, putative	Genetic Information Processing	I	COG1022	Core	5/5								PgCG_00238	W83	HCNEGF_01684	UniRef90_Q7MTV3	1674	557	W83__HCNEGF_01684
PgCG_00239	core_gene	Y	Y	fAA1	Long-chain-fatty-acid-CoA ligase	Genetic Information Processing	I	COG1022	Core	5/5								PgCG_00239	W83	HCNEGF_01016	UniRef90_B2RK69	1827	608	W83__HCNEGF_01016
PgCG_00240	core_gene	Y	Y	lysS	lysine--tRNA ligase	Genetic Information Processing	J	COG1190	Core	5/5								PgCG_00240	W83	HCNEGF_00816	UniRef90_Q7MUV7	1737	578	W83__HCNEGF_00816
PgCG_00241	core_gene	Y	Y	metG	methionine--tRNA ligase	Genetic Information Processing	J	COG0143	Core	5/5								PgCG_00241	W83	HCNEGF_00164	UniRef90_Q7MXK7	2043	680	W83__HCNEGF_00164
PgCG_00242	core_gene	Y	Y	fmt	methionyl-tRNA formyltransferase	Genetic Information Processing	J	COG0223	Core	5/5								PgCG_00242	W83	HCNEGF_01869	UniRef90_B2RM92	942	313	W83__HCNEGF_01869
PgCG_00243	core_gene	Y	Y	mutS	MutS family protein	Genetic Information Processing	L	COG0249	Core	5/5								PgCG_00243	W83	HCNEGF_01090	UniRef90_Q7MVI9	1392	463	W83__HCNEGF_01090
PgCG_00244	core_gene	Y	Y	ligA	NAD-dependent DNA ligase LigA	Genetic Information Processing	L	COG0272	Core	5/5								PgCG_00244	W83	HCNEGF_00924	UniRef90_Q7MV47	2010	669	W83__HCNEGF_00924
PgCG_00245	core_gene	Y	Y	panC	pantoate--beta-alanine ligase	Metabolic Homeostasis	H	COG0414	Core	5/5								PgCG_00245	W83	HCNEGF_00432	UniRef90_Q7MWV8	846	281	W83__HCNEGF_00432
PgCG_00246	core_gene	Y	Y	prfA	peptide chain release factor 1	Genetic Information Processing	J	COG0216	Core	5/5								PgCG_00246	W83	HCNEGF_00070	UniRef90_Q7MXT5	1086	361	W83__HCNEGF_00070
PgCG_00247	core_gene	Y	Y	prfB	peptide chain release factor 2	Genetic Information Processing	J	COG1186	Core	5/5								PgCG_00247	W83	HCNEGF_01017	UniRef90_A0A0A2DUC4	960	319	W83__HCNEGF_01017
PgCG_00248	core_gene	Y	Y	prfC	peptide chain release factor 3	Genetic Information Processing	J	COG4108	Core	5/5								PgCG_00248	W83	HCNEGF_00197	UniRef90_Q7MXI0	1581	526	W83__HCNEGF_00197
PgCG_00249	core_gene	Y	Y	prmC	peptide chain release factor N(5)-glutamine methyltransferase	Genetic Information Processing	J	COG2890	Core	5/5								PgCG_00249	W83	HCNEGF_00151	UniRef90_A0AAE9XB66	882	293	W83__HCNEGF_00151
PgCG_00250	core_gene	Y	Y	pheS	phenylalanine--tRNA ligase subunit alpha	Genetic Information Processing	J	COG0016	Core	5/5								PgCG_00250	W83	HCNEGF_01628	UniRef90_Q7MU04	1023	340	W83__HCNEGF_01628
PgCG_00251	core_gene	Y	Y	pheT	phenylalanine--tRNA ligase subunit beta	Genetic Information Processing	J	COG0073	Core	5/5								PgCG_00251	W83	HCNEGF_00092	UniRef90_Q7MXR4	2460	819	W83__HCNEGF_00092
PgCG_00252	core_gene	Y	Y		Phenylalanyl-tRNA synthetase subunit beta	Genetic Information Processing			Core	5/5								PgCG_00252	W83	HCNEGF_00369	UniRef90_A0A099WVM2	339	112	W83__HCNEGF_00369
PgCG_00253	core_gene	Y	Y	pcnB	PolyA polymerase family protein	Genetic Information Processing	J	COG0617	Core	5/5								PgCG_00253	W83	HCNEGF_00723	UniRef90_Q7MW45	1452	483	W83__HCNEGF_00723
PgCG_00254	core_gene	Y	Y	rseC	Positive regulator of sigma(E), RseC/MucC	Genetic Information Processing	T	COG3086	Core	5/5								PgCG_00254	W83	HCNEGF_00278	UniRef90_Q7MXA7	423	140	W83__HCNEGF_00278
PgCG_00255	core_gene	Y	Y	proS	proline--tRNA ligase	Genetic Information Processing	J	COG0442	Core	5/5								PgCG_00255	W83	HCNEGF_01191	UniRef90_Q7MVS7	1482	493	W83__HCNEGF_01191
PgCG_00256	core_gene	Y	Y	rluA	Putative ribosomal large subunit pseudouridine synthase D	Genetic Information Processing	J	COG0564	Core	5/5								PgCG_00256	W83	HCNEGF_00938	UniRef90_B2RKJ8	684	227	W83__HCNEGF_00938
PgCG_00257	core_gene	Y	Y	acrR	Putative transcriptional regulator	Genetic Information Processing	K	COG1309	Core	5/5								PgCG_00257	W83	HCNEGF_00936	UniRef90_B2RKK0	636	211	W83__HCNEGF_00936
PgCG_00258	core_gene	Y	Y	yhcF	Putative transcriptional regulator	Genetic Information Processing	K	COG1725	Core	5/5								PgCG_00258	W83	HCNEGF_01148	UniRef90_B2RKH0	372	123	W83__HCNEGF_01148
PgCG_00259	core_gene	Y	Y	sUI1	putative translation initation factor SUI1	Genetic Information Processing	J	COG0023	Core	5/5								PgCG_00259	W83	HCNEGF_00235	UniRef90_B2RHM4	303	100	W83__HCNEGF_00235
PgCG_00260	core_gene	Y	Y	recA	recombinase RecA	Genetic Information Processing	L	COG0468	Core	5/5	Y	recA	other_VF					PgCG_00260	W83	HCNEGF_01265	UniRef90_P77925	1023	340	W83__HCNEGF_01265
PgCG_00261	core_gene	Y	Y	recR	recombination mediator RecR	Genetic Information Processing	L	COG0353	Core	5/5								PgCG_00261	W83	HCNEGF_00922	UniRef90_B2RKL4	624	207	W83__HCNEGF_00922
PgCG_00262	core_gene	Y	Y	rex	redox-sensing transcriptional repressor Rex	Genetic Information Processing	K	COG2344	Core	5/5								PgCG_00262	W83	HCNEGF_00023	UniRef90_B2RGP4	657	218	W83__HCNEGF_00023
PgCG_00263	core_gene	Y	Y	dnaB	replicative DNA helicase	Genetic Information Processing	L	COG0305	Core	5/5								PgCG_00263	W83	HCNEGF_00933	UniRef90_Q7MV55	1587	528	W83__HCNEGF_00933
PgCG_00264	core_gene	Y	Y	abc-f	ribosomal protection-like ABC-F family protein	Genetic Information Processing	R	COG0488	Core	5/5								PgCG_00264	W83	HCNEGF_02036	UniRef90_A0A0A2FIA9	1938	645	W83__HCNEGF_02036
PgCG_00265	core_gene	Y	Y	abc-f	ribosomal protection-like ABC-F family protein	Genetic Information Processing	R	COG0488	Core	5/5								PgCG_00265	W83	HCNEGF_00948	UniRef90_B2RKI7	1872	623	W83__HCNEGF_00948
PgCG_00266	core_gene	Y	Y	rimP	ribosome assembly cofactor RimP	Genetic Information Processing	J	COG0779	Core	5/5								PgCG_00266	W83	HCNEGF_00237	UniRef90_Q7MXE6	459	152	W83__HCNEGF_00237
PgCG_00267	core_gene	Y	Y	yihA	ribosome biogenesis GTP-binding protein YihA/YsxC	Genetic Information Processing	D	COG0218	Core	5/5								PgCG_00267	W83	HCNEGF_00317	UniRef90_Q7MX68	606	201	W83__HCNEGF_00317
PgCG_00268	core_gene	Y	Y	der	ribosome biogenesis GTPase Der	Genetic Information Processing	J	COG1160	Core	5/5								PgCG_00268	W83	HCNEGF_01982	UniRef90_Q7MT48	1314	437	W83__HCNEGF_01982
PgCG_00269	core_gene	Y	Y	hpf	ribosome hibernation-promoting factor, HPF/YfiA family	Genetic Information Processing	L	COG4974	Core	5/5								PgCG_00269	W83	HCNEGF_00349	UniRef90_A0AAE9X5J6	1203	400	W83__HCNEGF_00349
PgCG_00270	core_gene	Y	Y	rimM	ribosome maturation factor RimM	Genetic Information Processing	J	COG0806	Core	5/5								PgCG_00270	W83	HCNEGF_00821	UniRef90_Q7MUW2	528	175	W83__HCNEGF_00821
PgCG_00271	core_gene	Y	Y	frr	ribosome recycling factor	Genetic Information Processing	J	COG0233	Core	5/5								PgCG_00271	W83	HCNEGF_01750	UniRef90_Q7MTP6	561	186	W83__HCNEGF_01750
PgCG_00272	core_gene	Y	Y	rsgA	ribosome small subunit-dependent GTPase A	Genetic Information Processing	J	COG1162	Core	5/5								PgCG_00272	W83	HCNEGF_01749	UniRef90_P59946	948	315	W83__HCNEGF_01749
PgCG_00273	core_gene	Y	Y	rmuC	RmuC domain protein	Genetic Information Processing			Core	5/5								PgCG_00273	W83	HCNEGF_00033	UniRef90_B2RGQ5	1299	432	W83__HCNEGF_00033
PgCG_00274	core_gene	Y	Y	spoU	RNA methyltransferase, TrmH family	Genetic Information Processing	J	COG0566	Core	5/5								PgCG_00274	W83	HCNEGF_00028	UniRef90_A0A0E2LPL0	585	194	W83__HCNEGF_00028
PgCG_00275	core_gene	Y	Y	spoU	RNA methyltransferase, TrmH family	Genetic Information Processing	J	COG0566	Core	5/5								PgCG_00275	W83	HCNEGF_00669	UniRef90_Q7MW92	765	254	W83__HCNEGF_00669
PgCG_00276	core_gene	Y	Y	rpoN	RNA polymerase factor sigma-54	Genetic Information Processing	K	COG1508	Core	5/5								PgCG_00276	W83	HCNEGF_01058	UniRef90_Q7MVF9	1458	485	W83__HCNEGF_01058
PgCG_00277	core_gene	Y	Y		RNA polymerase Rpb6	Genetic Information Processing			Core	5/5								PgCG_00277	W83	HCNEGF_00956	UniRef90_Q7MV73	333	110	W83__HCNEGF_00956
PgCG_00278	core_gene	Y	Y	rpoE	RNA polymerase sigma factor	Genetic Information Processing	K	COG1595	Core	5/5	Y	sigP_paralog1	T9SS_reg					PgCG_00278	W83	HCNEGF_00867	UniRef90_Q7MV00	567	188	W83__HCNEGF_00867
PgCG_00279	core_gene	Y	Y	rpoD	RNA polymerase sigma-70 factor	Genetic Information Processing	K	COG0568	Core	5/5								PgCG_00279	W83	HCNEGF_00536	UniRef90_Q7MWL4	864	287	W83__HCNEGF_00536
PgCG_00280	core_gene	Y	Y	rpoE	RNA polymerase sigma-70 factor, ECF subfamily	Genetic Information Processing	K	COG1595	Core	5/5	Y	sigP	T9SS_reg					PgCG_00280	W83	HCNEGF_00157	UniRef90_Q7MXL2	582	193	W83__HCNEGF_00157
PgCG_00281	core_gene	Y	Y	rpoE	RNA polymerase sigma-70 factor, ECF subfamily	Genetic Information Processing	K	COG1595	Core	5/5								PgCG_00281	W83	HCNEGF_00203	UniRef90_Q7MXH4	501	166	W83__HCNEGF_00203
PgCG_00282	core_gene	Y	Y	rpoE	RNA polymerase sigma-70 factor, ECF subfamily	Genetic Information Processing	K	COG1595	Core	5/5								PgCG_00282	W83	HCNEGF_01682	UniRef90_Q7MTV5	504	167	W83__HCNEGF_01682
PgCG_00283	core_gene	Y	Y	rpoE	RNA polymerase sigma-70 factor, ECF subfamily	Genetic Information Processing	K	COG1595	Core	5/5								PgCG_00283	W83	HCNEGF_01526	UniRef90_Q7MU87	525	174	W83__HCNEGF_01526
PgCG_00284	core_gene	Y	Y	rpoE	RNA polymerase sigma-70 factor, ECF subfamily	Genetic Information Processing	K	COG1595	Core	5/5	Y	sigP	T9SS_reg					PgCG_00284	W83	HCNEGF_01173	UniRef90_Q7MVR1	579	192	W83__HCNEGF_01173
PgCG_00285	core_gene	Y	Y	serS	serine--tRNA ligase	Genetic Information Processing	J	COG0172	Core	5/5								PgCG_00285	W83	HCNEGF_00291	UniRef90_A0AAE9XKV5	1272	423	W83__HCNEGF_00291
PgCG_00286	core_gene	Y	Y	atoC	Sigma-54 dependent DNA-binding response regulator	Genetic Information Processing	T	COG2204	Core	5/5								PgCG_00286	W83	HCNEGF_00015	UniRef90_Q7MXY0	1350	449	W83__HCNEGF_00015
PgCG_00287	core_gene	Y	Y	atoC	Sigma-54 dependent DNA-binding response regulator	Genetic Information Processing	T	COG2204	Core	5/5								PgCG_00287	W83	HCNEGF_00672	UniRef90_Q7MW89	1395	464	W83__HCNEGF_00672
PgCG_00288	core_gene	Y	Y	atoC	Sigma-54-dependent transcriptional regulator	Genetic Information Processing	T	COG2204	Core	5/5								PgCG_00288	W83	HCNEGF_00144	UniRef90_B2RHD5	1254	417	W83__HCNEGF_00144
PgCG_00289	core_gene	Y	Y	recJ	single-stranded-DNA-specific exonuclease RecJ	Genetic Information Processing	L	COG0608	Core	5/5								PgCG_00289	W83	HCNEGF_00051	UniRef90_Q7MXV3	1755	584	W83__HCNEGF_00051
PgCG_00290	core_gene	Y	Y	thrS	threonine--tRNA ligase	Genetic Information Processing	J	COG0441	Core	5/5								PgCG_00290	W83	HCNEGF_01163	UniRef90_Q7MVQ5	1962	653	W83__HCNEGF_01163
PgCG_00291	core_gene	Y	Y	nusB	transcription antitermination factor NusB	Genetic Information Processing	K	COG0781	Core	5/5								PgCG_00291	W83	HCNEGF_00729	UniRef90_A0AAE9XLJ1	1047	348	W83__HCNEGF_00729
PgCG_00292	core_gene	Y	Y	greA	transcription elongation factor GreA	Genetic Information Processing	K	COG0782	Core	5/5								PgCG_00292	W83	HCNEGF_01556	UniRef90_Q7MU68	471	156	W83__HCNEGF_01556
PgCG_00293	core_gene	Y	Y	rho	transcription termination factor Rho	Genetic Information Processing	K	COG1158	Core	5/5								PgCG_00293	W83	HCNEGF_00306	UniRef90_Q7MX79	1977	658	W83__HCNEGF_00306
PgCG_00294	core_gene	Y	Y	nusA	Transcription termination/antitermination protein NusA	Genetic Information Processing	K	COG0195	Core	5/5								PgCG_00294	W83	HCNEGF_00238	UniRef90_A0A0A2G1H7	1335	444	W83__HCNEGF_00238
PgCG_00295	core_gene	Y	Y	nusG	transcription termination/antitermination protein NusG	Genetic Information Processing	K	COG0250	Core	5/5								PgCG_00295	W83	HCNEGF_00355	UniRef90_Q7MX32	540	179	W83__HCNEGF_00355
PgCG_00296	core_gene	Y	Y	mfd	transcription-repair coupling factor	Genetic Information Processing	L;K	COG1197	Core	5/5								PgCG_00296	W83	HCNEGF_01631	UniRef90_Q7MU01	3396	1131	W83__HCNEGF_01631
PgCG_00297	core_gene	Y	Y	araC	Transcriptional regulator, AraC family	Genetic Information Processing	K	COG2207	Core	5/5								PgCG_00297	W83	HCNEGF_01966	UniRef90_Q7MT60	879	292	W83__HCNEGF_01966
PgCG_00298	core_gene	Y	Y	lrp	Transcriptional regulator, AsnC Family	Genetic Information Processing	K	COG1522	Core	5/5								PgCG_00298	W83	HCNEGF_01036	UniRef90_Q7MAW2	468	155	W83__HCNEGF_01036
PgCG_00299	core_gene	Y	Y	crp	Transcriptional regulator, Crp/Fnr family	Genetic Information Processing	T	COG0664	Core	5/5								PgCG_00299	W83	HCNEGF_00362	UniRef90_Q7MAW7	699	232	W83__HCNEGF_00362
PgCG_00300	core_gene	Y	Y	citB	Transcriptional regulator, LuxR family	Genetic Information Processing	T;K	COG2197	Core	5/5								PgCG_00300	W83	HCNEGF_00939	UniRef90_Q7MV58	600	199	W83__HCNEGF_00939
PgCG_00301	core_gene	Y	Y	marR	Transcriptional regulator, MarR family	Genetic Information Processing	K	COG1846	Core	5/5								PgCG_00301	W83	HCNEGF_00019	UniRef90_Q7MXX7	705	234	W83__HCNEGF_00019
PgCG_00302	core_gene	Y	Y	marR	Transcriptional regulator, putative	Genetic Information Processing	K	COG1846	Core	5/5								PgCG_00302	W83	HCNEGF_00167	UniRef90_Q7MXK4	381	126	W83__HCNEGF_00167
PgCG_00303	core_gene	Y	Y	crp	Transcriptional regulator, putative	Genetic Information Processing	T	COG0664	Core	5/5								PgCG_00303	W83	HCNEGF_01107	UniRef90_Q7MVK4	687	228	W83__HCNEGF_01107
PgCG_00304	core_gene	Y	Y	soxR	Transcriptional regulator, putative	Genetic Information Processing	K	COG0789	Core	5/5								PgCG_00304	W83	HCNEGF_01108	UniRef90_Q7MVK5	357	118	W83__HCNEGF_01108
PgCG_00305	core_gene	Y	Y		Transcriptional regulator, putative	Genetic Information Processing	K	COG1396	Core	5/5								PgCG_00305	TDC60	EGHGLF_00801	UniRef90_T1CRT4	207	68	TDC60__EGHGLF_00801
PgCG_00306	core_gene	Y	Y	copY	Transcriptional regulator, putative	Genetic Information Processing	K	COG3682	Core	5/5								PgCG_00306	W83	HCNEGF_02024	UniRef90_Q7MT16	381	126	W83__HCNEGF_02024
PgCG_00307	core_gene	Y	Y	acrR	Transcriptional regulator, tetR family	Genetic Information Processing	K	COG1309	Core	5/5								PgCG_00307	W83	HCNEGF_00985	UniRef90_Q7MV97	600	199	W83__HCNEGF_00985
PgCG_00308	core_gene	Y	Y	lepA	translation elongation factor 4	Genetic Information Processing	J	COG0481	Core	5/5								PgCG_00308	W83	HCNEGF_00934	UniRef90_B2RKK1	1788	595	W83__HCNEGF_00934
PgCG_00309	core_gene	Y	Y	tsf	translation elongation factor Ts	Genetic Information Processing	J	COG0264	Core	5/5								PgCG_00309	W83	HCNEGF_00342	UniRef90_Q7MX40	825	274	W83__HCNEGF_00342
PgCG_00310	core_gene	Y	Y	infA	translation initiation factor IF-1	Genetic Information Processing	J	COG0361	Core	5/5								PgCG_00310	W83	HCNEGF_01768	UniRef90_Q7MTN5	219	72	W83__HCNEGF_01768
PgCG_00311	core_gene	Y	Y	infB	translation initiation factor IF-2	Genetic Information Processing	M	COG0810	Core	5/5								PgCG_00311	W83	HCNEGF_00239	UniRef90_Q7MXE4	2940	979	W83__HCNEGF_00239
PgCG_00312	core_gene	Y	Y	infC	translation initiation factor IF-3	Genetic Information Processing	J	COG0290	Core	5/5								PgCG_00312	W83	HCNEGF_01164	UniRef90_B2RJD7	606	201	W83__HCNEGF_01164
PgCG_00313	core_gene	Y	Y	typA	translational GTPase TypA	Genetic Information Processing	T	COG1217	Core	5/5								PgCG_00313	W83	HCNEGF_00552	UniRef90_Q7MWJ5	1890	629	W83__HCNEGF_00552
PgCG_00314	core_gene	Y	Y	lexA	Translesion error-prone DNA polymerase V autoproteolytic subunit	Genetic Information Processing	K;T	COG1974	Core	5/5								PgCG_00314	W83	HCNEGF_00848	UniRef90_A0AAE9XKJ7	426	141	W83__HCNEGF_00848
PgCG_00315	core_gene	Y	Y	miaA	tRNA (adenosine(37)-N6)-dimethylallyltransferase MiaA	Genetic Information Processing	J	COG0324	Core	5/5								PgCG_00315	W83	HCNEGF_00471	UniRef90_Q7MAW6	909	302	W83__HCNEGF_00471
PgCG_00316	core_gene	Y	Y	miaA	tRNA (adenosine(37)-N6)-dimethylallyltransferase MiaA	Genetic Information Processing	J	COG0324	Core	5/5								PgCG_00316	W83	HCNEGF_00309	UniRef90_Q7MAW8	903	300	W83__HCNEGF_00309
PgCG_00317	core_gene	Y	Y	tsaE	tRNA (adenosine(37)-N6)-threonylcarbamoyltransferase complex ATPase subunit type 1 TsaE	Genetic Information Processing	J	COG0802	Core	5/5								PgCG_00317	W83	HCNEGF_01226	UniRef90_A0A0A2F1Q1	417	138	W83__HCNEGF_01226
PgCG_00318	core_gene	Y	Y	tsaB	tRNA (adenosine(37)-N6)-threonylcarbamoyltransferase complex dimerization subunit type 1 TsaB	Genetic Information Processing	J	COG1214	Core	5/5								PgCG_00318	W83	HCNEGF_00699	UniRef90_A0AAF0BEX4	720	239	W83__HCNEGF_00699
PgCG_00319	core_gene	Y	Y	tsaD	tRNA (adenosine(37)-N6)-threonylcarbamoyltransferase complex transferase subunit TsaD	Genetic Information Processing	J	COG0533	Core	5/5								PgCG_00319	W83	HCNEGF_01587	UniRef90_Q7MU42	1026	341	W83__HCNEGF_01587
PgCG_00320	core_gene	Y	Y	trmD	tRNA (guanosine(37)-N1)-methyltransferase TrmD	Genetic Information Processing	J	COG0336	Core	5/5								PgCG_00320	W83	HCNEGF_01881	UniRef90_B2RMA5	678	225	W83__HCNEGF_01881
PgCG_00321	core_gene	Y	Y	trmB	tRNA (guanosine(46)-N7)-methyltransferase TrmB	Genetic Information Processing	J	COG0220	Core	5/5								PgCG_00321	W83	HCNEGF_01193	UniRef90_Q7MVS9	768	255	W83__HCNEGF_01193
PgCG_00322	core_gene	Y	Y	mtaB	tRNA (N(6)-L-threonylcarbamoyladenosine(37)-C(2))-methylthiotransferase MtaB	Genetic Information Processing	J	COG0621	Core	5/5								PgCG_00322	W83	HCNEGF_02059	UniRef90_A0AAE9X6Q1	1335	444	W83__HCNEGF_02059
PgCG_00323	core_gene	Y	Y	miaB	tRNA (N6-isopentenyl adenosine(37)-C2)-methylthiotransferase MiaB	Genetic Information Processing	J	COG0621	Core	5/5								PgCG_00323	W83	HCNEGF_01143	UniRef90_Q7MAW4	1392	463	W83__HCNEGF_01143
PgCG_00324	core_gene	Y	Y	mnmH	tRNA 2-selenouridine(34) synthase MnmH	Genetic Information Processing	J	COG2603	Core	5/5								PgCG_00324	W83	HCNEGF_01731	UniRef90_B2RLT8	1035	344	W83__HCNEGF_01731
PgCG_00325	core_gene	Y	Y	mnmA	tRNA 2-thiouridine(34) synthase MnmA	Genetic Information Processing	J	COG0482	Core	5/5								PgCG_00325	W83	HCNEGF_00248	UniRef90_Q7MAW9	1086	361	W83__HCNEGF_00248
PgCG_00326	core_gene	Y	Y	dusB	tRNA dihydrouridine synthase DusB	Genetic Information Processing	J	COG0042	Core	5/5								PgCG_00326	W83	HCNEGF_00020	UniRef90_A0AAF0BFD4	1002	333	W83__HCNEGF_00020
PgCG_00327	core_gene	Y	Y	queG	tRNA epoxyqueuosine(34) reductase QueG	Genetic Information Processing	J	COG1600	Core	5/5								PgCG_00327	W83	HCNEGF_00427	UniRef90_A0AAE9XCC0	1008	335	W83__HCNEGF_00427
PgCG_00328	core_gene	Y	Y	tgt	tRNA guanosine(34) transglycosylase Tgt	Genetic Information Processing	J	COG0343	Core	5/5								PgCG_00328	W83	HCNEGF_00450	UniRef90_Q7MWT7	1131	376	W83__HCNEGF_00450
PgCG_00329	core_gene	Y	Y	queA	tRNA preQ1(34) S-adenosylmethionine ribosyltransferase-isomerase QueA	Genetic Information Processing	J	COG0809	Core	5/5								PgCG_00329	W83	HCNEGF_01420	UniRef90_Q7MUH5	1053	350	W83__HCNEGF_01420
PgCG_00330	core_gene	Y	Y	queA	tRNA preQ1(34) S-adenosylmethionine ribosyltransferase-isomerase QueA	Genetic Information Processing	J	COG0809	Core	5/5								PgCG_00330	W83	HCNEGF_01185	UniRef90_Q7MVS3	1218	405	W83__HCNEGF_01185
PgCG_00331	core_gene	Y	Y	truA	tRNA pseudouridine(38-40) synthase TruA	Genetic Information Processing	J	COG0101	Core	5/5								PgCG_00331	W83	HCNEGF_00679	UniRef90_B2RIV6	759	252	W83__HCNEGF_00679
PgCG_00332	core_gene	Y	Y	truB	tRNA pseudouridine(55) synthase TruB	Genetic Information Processing	J	COG0130	Core	5/5								PgCG_00332	W83	HCNEGF_01419	UniRef90_A0AAE9XBD6	777	258	W83__HCNEGF_01419
PgCG_00333	core_gene	Y	Y	mnmG	tRNA uridine-5-carboxymethylaminomethyl(34) synthesis enzyme MnmG	Genetic Information Processing	J	COG0445	Core	5/5								PgCG_00333	W83	HCNEGF_01840	UniRef90_Q7MTG9	1878	625	W83__HCNEGF_01840
PgCG_00334	core_gene	Y	Y	mnmE	tRNA uridine-5-carboxymethylaminomethyl(34) synthesis GTPase MnmE	Genetic Information Processing	J	COG0486	Core	5/5								PgCG_00334	W83	HCNEGF_01269	UniRef90_Q7MVZ2	1425	474	W83__HCNEGF_01269
PgCG_00335	core_gene	Y	Y	tilS	tRNA(Ile)-lysidine synthase	Genetic Information Processing	J	COG0037	Core	5/5								PgCG_00335	W83	HCNEGF_01890	UniRef90_B2RMB4	1365	454	W83__HCNEGF_01890
PgCG_00336	core_gene	Y	Y	tadA	tRNA-specific adenosine deaminase	Genetic Information Processing	J	COG0590	Core	5/5								PgCG_00336	W83	HCNEGF_00664	UniRef90_Q51833	453	150	W83__HCNEGF_00664
PgCG_00337	core_gene	Y	Y	trmN6	tRNA1(Val) (adenine(37)-N6)-methyltransferase	Genetic Information Processing	J	COG4123	Core	5/5								PgCG_00337	W83	HCNEGF_01059	UniRef90_B2RK25	768	255	W83__HCNEGF_01059
PgCG_00338	core_gene	Y	Y	trpS	tryptophan--tRNA ligase	Genetic Information Processing	J	COG0180	Core	5/5								PgCG_00338	W83	HCNEGF_01932	UniRef90_Q7MT94	984	327	W83__HCNEGF_01932
PgCG_00339	core_gene	Y	Y	rpmE2	type B 50S ribosomal protein L31	Genetic Information Processing	J	COG0254	Core	5/5								PgCG_00339	W83	HCNEGF_00534	UniRef90_Q7MWL6	258	85	W83__HCNEGF_00534
PgCG_00340	core_gene	Y	Y	ykgO	type B 50S ribosomal protein L36	Genetic Information Processing	J	COG0257	Core	5/5								PgCG_00340	W83	HCNEGF_01767	UniRef90_Q7MTN6	117	38	W83__HCNEGF_01767
PgCG_00341	core_gene	Y	Y	topA	type I DNA topoisomerase	Genetic Information Processing	S	COG1754	Core	5/5								PgCG_00341	W83	HCNEGF_00678	UniRef90_Q7MW85	2367	788	W83__HCNEGF_00678
PgCG_00342	core_gene	Y	Y	xerC	Tyrosine recombinase XerC	Genetic Information Processing	L	COG4974	Core	5/5								PgCG_00342	W83	HCNEGF_01595	UniRef90_Q7MU34	927	308	W83__HCNEGF_01595
PgCG_00343	core_gene	Y	Y	tyrS	tyrosine--tRNA ligase	Genetic Information Processing	J	COG0162	Core	5/5								PgCG_00343	W83	HCNEGF_00245	UniRef90_B2RHN4	1293	430	W83__HCNEGF_00245
PgCG_00344	core_gene	Y	Y	murC	UDP-N-acetylmuramate--L-alanine ligase	Genetic Information Processing	M	COG0773	Core	5/5								PgCG_00344	W83	HCNEGF_00523	UniRef90_Q51831	1371	456	W83__HCNEGF_00523
PgCG_00345	core_gene	Y	Y	murD	UDP-N-acetylmuramoyl-L-alanine--D-glutamate ligase	Genetic Information Processing	M	COG0771	Core	5/5								PgCG_00345	W83	HCNEGF_00520	UniRef90_Q7MWM5	1353	450	W83__HCNEGF_00520
PgCG_00346	core_gene	Y	Y	murE	UDP-N-acetylmuramoyl-L-alanyl-D-glutamate--2,6-diaminopimelate ligase	Genetic Information Processing	M	COG0769	Core	5/5								PgCG_00346	W83	HCNEGF_00518	UniRef90_Q7MWM7	1464	487	W83__HCNEGF_00518
PgCG_00347	core_gene	Y	Y	murF	UDP-N-acetylmuramoyl-tripeptide--D-alanyl-D-alanine ligase	Genetic Information Processing	M	COG0770	Core	5/5								PgCG_00347	W83	HCNEGF_01057	UniRef90_B2RK27	1305	434	W83__HCNEGF_01057
PgCG_00348	core_gene	Y	Y	dinP	UmuC protein	Genetic Information Processing	L	COG0389	Core	5/5								PgCG_00348	W83	HCNEGF_00847	UniRef90_Q7MUY5	1299	432	W83__HCNEGF_00847
PgCG_00349	core_gene	Y	Y	recD	UvrD-like helicase C-terminal domain-containing protein	Genetic Information Processing	L	COG0507	Core	5/5								PgCG_00349	W83	HCNEGF_00882	UniRef90_A0A0E2LRS5	1416	471	W83__HCNEGF_00882
PgCG_00350	core_gene	Y	Y	valS	valine--tRNA ligase	Genetic Information Processing	J	COG0525	Core	5/5								PgCG_00350	W83	HCNEGF_01032	UniRef90_Q7MVD7	2631	876	W83__HCNEGF_01032
PgCG_00351	core_gene	Y	Y	marR	Winged helix DNA-binding domain-containing protein	Genetic Information Processing	K	COG1846	Core	5/5								PgCG_00351	W83	HCNEGF_02063	UniRef90_Q7MSY5	297	98	W83__HCNEGF_02063
PgCG_00352	core_gene	Y	Y	tACO1	YebC/PmpR family DNA-binding transcriptional regulator	Genetic Information Processing	K;J	COG0217	Core	5/5								PgCG_00352	W83	HCNEGF_00091	UniRef90_Q7MXR6	729	242	W83__HCNEGF_00091
PgCG_00353	core_gene	Y	Y	nrdA	adenosylcobalamin-dependent ribonucleoside-diphosphate reductase	Heme & Ion Homeostasis	F	COG0209	Core	5/5								PgCG_00353	W83	HCNEGF_01034	UniRef90_Q7MVD9	2553	850	W83__HCNEGF_01034
PgCG_00354	core_gene	Y	Y	gcvP	aminomethyl-transferring glycine dehydrogenase	Heme & Ion Homeostasis	E	COG1003	Core	5/5								PgCG_00354	W83	HCNEGF_00880	UniRef90_Q7MV12	2868	955	W83__HCNEGF_00880
PgCG_00355	core_gene	Y	Y	nirB	Bacterioferritin-associated ferredoxin	Heme & Ion Homeostasis	C	COG1251	Core	5/5								PgCG_00355	W83	HCNEGF_02050	UniRef90_Q7MSZ7	183	60	W83__HCNEGF_02050
PgCG_00356	core_gene	Y	Y	exbD	Biopolymer transport protein ExbD, putative	Heme & Ion Homeostasis	U	COG0848	Core	5/5	Y	exbD	heme_iron					PgCG_00356	W83	HCNEGF_00569	UniRef90_Q7MWI0	420	139	W83__HCNEGF_00569
PgCG_00357	core_gene	Y	Y	exbD	Biopolymer transporter ExbD	Heme & Ion Homeostasis			Core	5/5	Y	exbD	heme_iron					PgCG_00357	W83	HCNEGF_00701	UniRef90_Q7MW65	615	204	W83__HCNEGF_00701
PgCG_00358	core_gene	Y	Y	exbD	Biopolymer transporter ExbD	Heme & Ion Homeostasis	U	COG0848	Core	5/5	Y	exbD	heme_iron					PgCG_00358	W83	HCNEGF_00700	UniRef90_Q7MW66	474	157	W83__HCNEGF_00700
PgCG_00359	core_gene	Y	Y	cobF	Cobalt-precorrin-2 C(20)-methyltransferase	Heme & Ion Homeostasis	H	COG2243	Core	5/5								PgCG_00359	W83	HCNEGF_00434	UniRef90_Q7MWV6	714	237	W83__HCNEGF_00434
PgCG_00360	core_gene	Y	Y	cbiD	cobalt-precorrin-5B (C(1))-methyltransferase CbiD	Heme & Ion Homeostasis	H	COG2099	Core	5/5								PgCG_00360	W83	HCNEGF_00199	UniRef90_Q7MXH8	1809	602	W83__HCNEGF_00199
PgCG_00361	core_gene	Y	Y	pduO	Corrinoid adenosyltransferase	Heme & Ion Homeostasis	H	COG2096	Core	5/5								PgCG_00361	W83	HCNEGF_01039	UniRef90_B2RK45	564	187	W83__HCNEGF_01039
PgCG_00362	core_gene	Y	Y	pduO	Corrinoid adenosyltransferase	Heme & Ion Homeostasis	H	COG2096	Core	5/5								PgCG_00362	W83	HCNEGF_01004	UniRef90_Q7MVB4	567	188	W83__HCNEGF_01004
PgCG_00363	core_gene	Y	Y	fepB	Fe/B12 periplasmic-binding domain-containing protein	Heme & Ion Homeostasis	P	COG0614	Core	5/5								PgCG_00363	W83	HCNEGF_00603	UniRef90_A0A0E2LMP5	1140	379	W83__HCNEGF_00603
PgCG_00364	core_gene	Y	Y	fepB	Fe/B12 periplasmic-binding domain-containing protein	Heme & Ion Homeostasis	P	COG0614	Core	5/5								PgCG_00364	W83	HCNEGF_00583	UniRef90_A0A0E2M2S7	1176	391	W83__HCNEGF_00583
PgCG_00365	core_gene	Y	Y	fur	Ferric uptake transcriptional regulator	Heme & Ion Homeostasis	P	COG0735	Core	5/5								PgCG_00365	W83	HCNEGF_00422	UniRef90_F5HCK4	603	200	W83__HCNEGF_00422
PgCG_00366	core_gene	Y	Y	ftnA	Ferritin	Heme & Ion Homeostasis	P	COG1528	Core	5/5	Y	ftnA	heme_iron_storage					PgCG_00366	W83	HCNEGF_00894	UniRef90_F5HE54	483	160	W83__HCNEGF_00894
PgCG_00367	core_gene	Y	Y	feoB	ferrous iron transport protein B	Heme & Ion Homeostasis	P	COG1918	Core	5/5	Y	feoB2	heme_iron					PgCG_00367	W83	HCNEGF_00889	UniRef90_Q7MV19	2535	844	W83__HCNEGF_00889
PgCG_00368	core_gene	Y	Y	feoB	ferrous iron transport protein B	Heme & Ion Homeostasis	P	COG0370	Core	5/5	Y	feoB1	heme_iron					PgCG_00368	W83	HCNEGF_01116	UniRef90_Q7MVL1	2103	700	W83__HCNEGF_01116
PgCG_00369	core_gene	Y	Y		Heavy metal-associated domain protein	Heme & Ion Homeostasis	P	COG2608	Core	5/5								PgCG_00369	TDC60	EGHGLF_01257	UniRef90_A0A099WMW8	210	69	TDC60__EGHGLF_01257
PgCG_00370	core_gene	Y	Y	cbiK	Heme-binding protein FetB	Heme & Ion Homeostasis	H	COG4822	Core	5/5								PgCG_00370	W83	HCNEGF_00602	UniRef90_Q7MWF2	882	293	W83__HCNEGF_00602
PgCG_00371	core_gene	Y	Y	rIC	Hemerythrin-like domain-containing protein	Heme & Ion Homeostasis	O	COG2846	Core	5/5								PgCG_00371	W83	HCNEGF_00940	UniRef90_Q7MV59	711	236	W83__HCNEGF_00940
PgCG_00372	core_gene	Y	Y	hmuY	HmuY protein	Heme & Ion Homeostasis			Core	5/5	Y	hmuY	heme_iron					PgCG_00372	W83	HCNEGF_01431	UniRef90_B2RI82	651	216	W83__HCNEGF_01431
PgCG_00373	core_gene	Y	Y	fepD	Iron compound ABC transporter, permease protein	Heme & Ion Homeostasis	P	COG0609	Core	5/5								PgCG_00373	W83	HCNEGF_00604	UniRef90_Q7MWF0	1071	356	W83__HCNEGF_00604
PgCG_00374	core_gene	Y	Y	fepD	Iron compound ABC transporter, permease protein	Heme & Ion Homeostasis	P	COG0609	Core	5/5								PgCG_00374	W83	HCNEGF_00582	UniRef90_Q7MWH0	1035	344	W83__HCNEGF_00582
PgCG_00375	core_gene	Y	Y	feoA	Iron dependent repressor, putative	Heme & Ion Homeostasis	P	COG1918	Core	5/5								PgCG_00375	W83	HCNEGF_01115	UniRef90_Q7MVL0	933	310	W83__HCNEGF_01115
PgCG_00376	core_gene	Y	Y	tolQ	MotA/TolQ/ExbB proton channel domain-containing protein	Heme & Ion Homeostasis	U	COG0811	Core	5/5	Y	hmuU	heme_iron					PgCG_00376	W83	HCNEGF_01435	UniRef90_B2RI78	579	192	W83__HCNEGF_01435
PgCG_00377	core_gene	Y	Y	tolQ	MotA/TolQ/ExbB proton channel family protein	Heme & Ion Homeostasis	U	COG0811	Core	5/5	Y	exbB1	heme_iron					PgCG_00377	W83	HCNEGF_00568	UniRef90_Q7MWI1	735	244	W83__HCNEGF_00568
PgCG_00378	core_gene	Y	Y	tolQ	MotA/TolQ/ExbB proton channel family protein	Heme & Ion Homeostasis	U	COG0811	Core	5/5	Y	exbB2	heme_iron					PgCG_00378	W83	HCNEGF_00703	UniRef90_Q7MW63	813	270	W83__HCNEGF_00703
PgCG_00379	core_gene	Y	Y		Nucleoside transporter/FeoB GTPase Gate domain-containing protein	Heme & Ion Homeostasis			Core	5/5								PgCG_00379	W83	HCNEGF_00302	UniRef90_Q7MX83	1155	384	W83__HCNEGF_00302
PgCG_00380	core_gene	Y	Y	cirA	Outer membrane receptor protein, Fe transport	Heme & Ion Homeostasis	P	COG1629	Core	5/5	Y	cirA	TonB_receptor					PgCG_00380	W83	HCNEGF_01136	UniRef90_Q7MVN1	2811	936	W83__HCNEGF_01136
PgCG_00381	core_gene	Y	Y	cobH	Precorrin-3B C(17)-methyltransferase	Heme & Ion Homeostasis	H	COG2082	Core	5/5								PgCG_00381	W83	HCNEGF_00202	UniRef90_A0AAE9XDI8	1521	506	W83__HCNEGF_00202
PgCG_00382	core_gene	Y	Y	cobM	precorrin-4 C(11)-methyltransferase	Heme & Ion Homeostasis	H	COG2875	Core	5/5								PgCG_00382	W83	HCNEGF_00200	UniRef90_A0AAE9XBV0	1845	614	W83__HCNEGF_00200
PgCG_00383	core_gene	Y	Y	cobL	Precorrin-6Y C5,15-methyltransferase, decarboxylating	Heme & Ion Homeostasis	H	COG2242	Core	5/5								PgCG_00383	W83	HCNEGF_00201	UniRef90_Q7MXH6	1242	413	W83__HCNEGF_00201
PgCG_00384	core_gene	Y	Y	cobN	Putative cobalamin biosynthesis-related protein	Heme & Ion Homeostasis	H	COG1429	Core	5/5	Y	hmuS	heme_iron					PgCG_00384	W83	HCNEGF_01433	UniRef90_B2RI80	4410	1469	W83__HCNEGF_01433
PgCG_00385	core_gene	Y	Y	fepC	Putative iron compound ABC transporter ATP-binding protein	Heme & Ion Homeostasis	P;H	COG1120	Core	5/5								PgCG_00385	W83	HCNEGF_00605	UniRef90_B2RIN2	759	252	W83__HCNEGF_00605
PgCG_00386	core_gene	Y	Y	fepC	Putative iron compound ABC transporter ATP-binding protein	Heme & Ion Homeostasis	P;H	COG1120	Core	5/5								PgCG_00386	W83	HCNEGF_00581	UniRef90_B2RIK9	1002	333	W83__HCNEGF_00581
PgCG_00387	core_gene	Y	Y	mecR1	Putative TonB	Heme & Ion Homeostasis	T	COG4219	Core	5/5								PgCG_00387	W83	HCNEGF_02023	UniRef90_B2RGX7	1317	438	W83__HCNEGF_02023
PgCG_00388	core_gene	Y	Y	hemW	radical SAM family heme chaperone HemW	Heme & Ion Homeostasis	H	COG0635	Core	5/5								PgCG_00388	W83	HCNEGF_00430	UniRef90_A0AAF0BEP3	1131	376	W83__HCNEGF_00430
PgCG_00389	core_gene	Y	Y	tonB	TonB family domain protein	Heme & Ion Homeostasis			Core	5/5	Y	tonB2	heme_iron					PgCG_00389	W83	HCNEGF_00570	UniRef90_A0A0E2LTB7	828	275	W83__HCNEGF_00570
PgCG_00390	core_gene	Y	Y	tonB	TonB protein, putative	Heme & Ion Homeostasis	M	COG0810	Core	5/5	Y	tonB1	heme_iron					PgCG_00390	W83	HCNEGF_00707	UniRef90_Q7MW60	693	230	W83__HCNEGF_00707
PgCG_00391	core_gene	Y	Y	fepA	TonB-dependent receptor	Heme & Ion Homeostasis	P	COG4771	Core	5/5								PgCG_00391	W83	HCNEGF_00601	UniRef90_F5HE36	2274	757	W83__HCNEGF_00601
PgCG_00392	core_gene	Y	Y		TonB-dependent receptor	Heme & Ion Homeostasis			Core	5/5	Y	cirA	TonB_receptor					PgCG_00392	W83	HCNEGF_01519	UniRef90_Q7MU92	1770	589	W83__HCNEGF_01519
PgCG_00393	core_gene	Y	Y	cirA	TonB-dependent receptor	Heme & Ion Homeostasis	P	COG1629	Core	5/5	Y	cirA	TonB_receptor					PgCG_00393	W83	HCNEGF_01748	UniRef90_A0A0A2F3N1	2238	745	W83__HCNEGF_01748
PgCG_00394	core_gene	Y	Y	cirA	TonB-dependent receptor	Heme & Ion Homeostasis	P	COG1629	Core	5/5	Y	cirA	TonB_receptor					PgCG_00394	W83	HCNEGF_01150	UniRef90_Q7MVP2	2505	834	W83__HCNEGF_01150
PgCG_00395	core_gene	Y	Y		TonB-dependent receptor	Heme & Ion Homeostasis			Core	5/5	Y	cirA	TonB_receptor					PgCG_00395	W83	HCNEGF_00330	UniRef90_Q7MX53	2061	686	W83__HCNEGF_00330
PgCG_00396	core_gene	Y	Y	hmuR	TonB-dependent receptor HmuR	Heme & Ion Homeostasis	P	COG4771	Core	5/5	Y	hmuR	heme_iron					PgCG_00396	W83	HCNEGF_01432	UniRef90_B2RI81	1941	646	W83__HCNEGF_01432
PgCG_00397	core_gene	Y	Y	btuB	TonB-dependent receptor plug domain-containing protein	Heme & Ion Homeostasis	H	COG4206	Core	5/5	Y	btuB	TonB_receptor					PgCG_00397	W83	HCNEGF_00775	UniRef90_Q7MUS3	2604	867	W83__HCNEGF_00775
PgCG_00398	core_gene	Y	Y	fepA	TonB-dependent receptor plug domain-containing protein	Heme & Ion Homeostasis	P	COG4771	Core	5/5	Y	porF	T9SS					PgCG_00398	W83	HCNEGF_00484	UniRef90_Q7MWR1	2484	827	W83__HCNEGF_00484
PgCG_00399	core_gene	Y	Y	fepA	TonB-dependent receptor, putative	Heme & Ion Homeostasis	P	COG4771	Core	5/5								PgCG_00399	W83	HCNEGF_00636	UniRef90_F5HHM2	2547	848	W83__HCNEGF_00636
PgCG_00400	core_gene	Y	Y	fepA	TonB-dependent receptor, putative	Heme & Ion Homeostasis	P	COG4771	Core	5/5								PgCG_00400	W83	HCNEGF_01854	UniRef90_F5HFX8	2502	833	W83__HCNEGF_01854
PgCG_00401	core_gene	Y	Y	cmk	(d)CMP kinase	Metabolic Homeostasis	F	COG0283	Core	5/5								PgCG_00401	W83	HCNEGF_00543	UniRef90_Q7MWK7	696	231	W83__HCNEGF_00543
PgCG_00402	core_gene	Y	Y	glgB	1,4-alpha-glucan branching enzyme	Metabolic Homeostasis	G	COG0296	Core	5/5								PgCG_00402	W83	HCNEGF_01651	UniRef90_Q7MTY4	2007	668	W83__HCNEGF_01651
PgCG_00403	core_gene	Y	Y	menA	1,4-dihydroxy-2-naphthoate octaprenyltransferase	Metabolic Homeostasis	H	COG1575	Core	5/5								PgCG_00403	W83	HCNEGF_02025	UniRef90_Q7MT15	888	295	W83__HCNEGF_02025
PgCG_00404	core_gene	Y	Y	plsC	1-acyl-sn-glycerol-3-phosphate acyltransferase	Metabolic Homeostasis	I	COG0204	Core	5/5								PgCG_00404	W83	HCNEGF_00927	UniRef90_A0A0A2FQG0	786	261	W83__HCNEGF_00927
PgCG_00405	core_gene	Y	Y	dxr	1-deoxy-D-xylulose-5-phosphate reductoisomerase	Metabolic Homeostasis	I	COG0743	Core	5/5								PgCG_00405	W83	HCNEGF_00822	UniRef90_Q7MUW3	1158	385	W83__HCNEGF_00822
PgCG_00406	core_gene	Y	Y	dxs	1-deoxy-D-xylulose-5-phosphate synthase	Metabolic Homeostasis	H;I	COG1154	Core	5/5								PgCG_00406	W83	HCNEGF_02054	UniRef90_Q7MSZ3	1902	633	W83__HCNEGF_02054
PgCG_00407	core_gene	Y	Y	gpmA	2,3-diphosphoglycerate-dependent phosphoglycerate mutase	Metabolic Homeostasis	G	COG0588	Core	5/5								PgCG_00407	W83	HCNEGF_00127	UniRef90_Q7MXP1	747	248	W83__HCNEGF_00127
PgCG_00408	core_gene	Y	Y	folK	2-amino-4-hydroxy-6-hydroxymethyldihydropteridine diphosphokinase	Metabolic Homeostasis	H	COG0801	Core	5/5								PgCG_00408	W83	HCNEGF_01260	UniRef90_Q7MVY4	765	254	W83__HCNEGF_01260
PgCG_00409	core_gene	Y	Y	folK	2-amino-4-hydroxy-6-hydroxymethyldihydropteridine diphosphokinase	Metabolic Homeostasis	H	COG0801	Core	5/5								PgCG_00409	W83	HCNEGF_01421	UniRef90_P0C936	444	147	W83__HCNEGF_01421
PgCG_00410	core_gene	Y	Y	ispF	2-C-methyl-D-erythritol 2,4-cyclodiphosphate synthase	Metabolic Homeostasis	I	COG0245	Core	5/5								PgCG_00410	W83	HCNEGF_00027	UniRef90_B2RGP8	489	162	W83__HCNEGF_00027
PgCG_00411	core_gene	Y	Y	ispD	2-C-methyl-D-erythritol 4-phosphate cytidylyltransferase	Metabolic Homeostasis	I	COG1211	Core	5/5								PgCG_00411	W83	HCNEGF_00759	UniRef90_Q7MUQ9	669	222	W83__HCNEGF_00759
PgCG_00412	core_gene	Y	Y	panE	2-dehydropantoate 2-reductase	Metabolic Homeostasis	H	COG1893	Core	5/5								PgCG_00412	W83	HCNEGF_02041	UniRef90_Q7MT04	945	314	W83__HCNEGF_02041
PgCG_00413	core_gene	Y	Y	ycgM	2-hydroxyhepta-2,4-diene-1,7-dioate isomerase	Metabolic Homeostasis	Q	COG0179	Core	5/5								PgCG_00413	W83	HCNEGF_00024	UniRef90_A0A0A2GPP1	660	219	W83__HCNEGF_00024
PgCG_00414	core_gene	Y	Y	thiH	2-iminoacetate synthase ThiH	Metabolic Homeostasis	H	COG1060	Core	5/5								PgCG_00414	W83	HCNEGF_01952	UniRef90_Q7MT74	1113	370	W83__HCNEGF_01952
PgCG_00415	core_gene	Y	Y	porA	2-ketoisovalerate ferredoxin oxidoreductase	Metabolic Homeostasis	C	COG0674	Core	5/5								PgCG_00415	W83	HCNEGF_01668	UniRef90_A0A0A2FDA5	1083	360	W83__HCNEGF_01668
PgCG_00416	core_gene	Y	Y	porB	2-oxoglutarate oxidoreductase, beta subunit	Metabolic Homeostasis	C	COG1013	Core	5/5								PgCG_00416	W83	HCNEGF_01666	UniRef90_Q7MTX1	765	254	W83__HCNEGF_01666
PgCG_00417	core_gene	Y	Y	rnd	3'-5' exonuclease domain protein	Metabolic Homeostasis	J	COG0349	Core	5/5								PgCG_00417	W83	HCNEGF_00333	UniRef90_Q7MX50	603	200	W83__HCNEGF_00333
PgCG_00418	core_gene	Y	Y	wcaG	3-beta hydroxysteroid dehydrogenase/isomerase domain-containing protein	Metabolic Homeostasis	M	COG0451	Core	5/5								PgCG_00418	W83	HCNEGF_02043	UniRef90_B2RMJ6	1020	339	W83__HCNEGF_02043
PgCG_00419	core_gene	Y	Y	aroQ	3-dehydroquinate dehydratase	Metabolic Homeostasis	E	COG0757	Core	5/5								PgCG_00419	W83	HCNEGF_01594	UniRef90_Q7MU35	426	141	W83__HCNEGF_01594
PgCG_00420	core_gene	Y	Y	aroB	3-dehydroquinate synthase	Metabolic Homeostasis	E	COG0337	Core	5/5								PgCG_00420	W83	HCNEGF_00930	UniRef90_Q7MV53	1062	353	W83__HCNEGF_00930
PgCG_00421	core_gene	Y	Y	fadB	3-hydroxybutyryl-CoA dehydrogenase	Metabolic Homeostasis	I	COG1250	Core	5/5								PgCG_00421	W83	HCNEGF_01082	UniRef90_A0AAE9XF92	846	281	W83__HCNEGF_01082
PgCG_00422	core_gene	Y	Y		3-keto-5-aminohexanoate cleavage protein	Metabolic Homeostasis	S	COG3246	Core	5/5								PgCG_00422	W83	HCNEGF_01094	UniRef90_Q7MVJ3	813	270	W83__HCNEGF_01094
PgCG_00423	core_gene	Y	Y	panB	3-methyl-2-oxobutanoate hydroxymethyltransferase	Metabolic Homeostasis	H	COG0413	Core	5/5								PgCG_00423	W83	HCNEGF_00529	UniRef90_Q7MWM0	822	273	W83__HCNEGF_00529
PgCG_00424	core_gene	Y	Y	fabG	3-oxoacyl-[acyl-carrier-protein] reductase	Metabolic Homeostasis	I	COG1028	Core	5/5								PgCG_00424	W83	HCNEGF_00937	UniRef90_Q7MAW1	747	248	W83__HCNEGF_00937
PgCG_00425	core_gene	Y	Y	aroA	3-phosphoshikimate 1-carboxyvinyltransferase	Metabolic Homeostasis	E	COG0128	Core	5/5								PgCG_00425	W83	HCNEGF_01796	UniRef90_Q7MTK7	1308	435	W83__HCNEGF_01796
PgCG_00426	core_gene	Y	Y	ispE	4-(cytidine 5'-diphospho)-2-C-methyl-D-erythritol kinase	Metabolic Homeostasis	I	COG1947	Core	5/5								PgCG_00426	W83	HCNEGF_01218	UniRef90_Q7MVU8	825	274	W83__HCNEGF_01218
PgCG_00427	core_gene	Y	Y	malQ	4-alpha-glucanotransferase	Metabolic Homeostasis	G	COG1640	Core	5/5								PgCG_00427	W83	HCNEGF_00690	UniRef90_B2RIW7	2694	897	W83__HCNEGF_00690
PgCG_00428	core_gene	Y	Y	ispG	4-hydroxy-3-methylbut-2-en-1-yl diphosphate synthase	Metabolic Homeostasis	I	COG0821	Core	5/5								PgCG_00428	W83	HCNEGF_01202	UniRef90_Q7MVT7	1746	581	W83__HCNEGF_01202
PgCG_00429	core_gene	Y	Y	ispH	4-hydroxy-3-methylbut-2-enyl diphosphate reductase	Metabolic Homeostasis	I	COG0761	Core	5/5								PgCG_00429	W83	HCNEGF_00544	UniRef90_Q7MWK6	870	289	W83__HCNEGF_00544
PgCG_00430	core_gene	Y	Y	dapB	4-hydroxy-tetrahydrodipicolinate reductase	Metabolic Homeostasis	E	COG0289	Core	5/5								PgCG_00430	W83	HCNEGF_01850	UniRef90_Q7MTF9	717	238	W83__HCNEGF_01850
PgCG_00431	core_gene	Y	Y	dapA	4-hydroxy-tetrahydrodipicolinate synthase	Metabolic Homeostasis	E;M	COG0329	Core	5/5								PgCG_00431	W83	HCNEGF_01895	UniRef90_B2RMB9	894	297	W83__HCNEGF_01895
PgCG_00432	core_gene	Y	Y	aCH1	4-hydroxybutyrate CoA-transferase	Metabolic Homeostasis	C	COG0427	Core	5/5								PgCG_00432	W83	HCNEGF_00622	UniRef90_Q7MWD3	1296	431	W83__HCNEGF_00622
PgCG_00433	core_gene	Y	Y	aCH1	4-hydroxybutyrate CoA-transferase	Metabolic Homeostasis	C	COG0427	Core	5/5								PgCG_00433	W83	HCNEGF_01808	UniRef90_Q7MTJ6	1296	431	W83__HCNEGF_01808
PgCG_00434	core_gene	Y	Y	yoaI	4-hydroxybutyryl-CoA dehydratase	Metabolic Homeostasis	Q	COG2368	Core	5/5								PgCG_00434	W83	HCNEGF_00624	UniRef90_Q7MWD1	1461	486	W83__HCNEGF_00624
PgCG_00435	core_gene	Y	Y	pdxA	4-hydroxythreonine-4-phosphate dehydrogenase PdxA	Metabolic Homeostasis	H	COG1995	Core	5/5								PgCG_00435	W83	HCNEGF_01913	UniRef90_A0AAF0BC15	1098	365	W83__HCNEGF_01913
PgCG_00436	core_gene	Y	Y	pdxB	4-phosphoerythronate dehydrogenase PdxB	Metabolic Homeostasis	H	COG0111	Core	5/5								PgCG_00436	W83	HCNEGF_00953	UniRef90_Q7MV70	1134	377	W83__HCNEGF_00953
PgCG_00437	core_gene	Y	Y	mtnN	5'-methylthioadenosine/adenosylhomocysteine nucleosidase	Metabolic Homeostasis	F;H	COG0775	Core	5/5	Y	pfs	QS					PgCG_00437	W83	HCNEGF_00447	UniRef90_Q7MWU0	687	228	W83__HCNEGF_00447
PgCG_00438	core_gene	Y	Y	ushA	5'-nucleotidase family protein	Metabolic Homeostasis	F;V	COG0737	Core	5/5								PgCG_00438	W83	HCNEGF_00165	UniRef90_Q7MXK6	1773	590	W83__HCNEGF_00165
PgCG_00439	core_gene	Y	Y	surE	5'/3'-nucleotidase SurE	Metabolic Homeostasis	L	COG0496	Core	5/5								PgCG_00439	W83	HCNEGF_02000	UniRef90_Q7MT32	771	256	W83__HCNEGF_02000
PgCG_00440	core_gene	Y	Y	ssnA	5-methylthioadenosine/S-adenosylhomocysteine deaminase	Metabolic Homeostasis	F;R	COG0402	Core	5/5								PgCG_00440	W83	HCNEGF_00506	UniRef90_B2RKN5	1275	424	W83__HCNEGF_00506
PgCG_00441	core_gene	Y	Y	ribH	6,7-dimethyl-8-ribityllumazine synthase	Metabolic Homeostasis	H	COG0054	Core	5/5								PgCG_00441	W83	HCNEGF_00764	UniRef90_Q7MUR5	486	161	W83__HCNEGF_00764
PgCG_00442	core_gene	Y	Y	queD	6-carboxy-5,6,7,8-tetrahydropterin synthase	Metabolic Homeostasis	H	COG0720	Core	5/5								PgCG_00442	W83	HCNEGF_01105	UniRef90_Q7MVK3	420	139	W83__HCNEGF_01105
PgCG_00443	core_gene	Y	Y	queE	7-carboxy-7-deazaguanine synthase	Metabolic Homeostasis	H	COG0602	Core	5/5								PgCG_00443	W83	HCNEGF_01104	UniRef90_Q7MVK2	594	197	W83__HCNEGF_01104
PgCG_00444	core_gene	Y	Y	queC	7-cyano-7-deazaguanine synthase QueC	Metabolic Homeostasis	J	COG0603	Core	5/5								PgCG_00444	W83	HCNEGF_00876	UniRef90_Q7MV08	663	220	W83__HCNEGF_00876
PgCG_00445	core_gene	Y	Y	bioF	8-amino-7-oxononanoate synthase	Metabolic Homeostasis	H	COG0156	Core	5/5								PgCG_00445	W83	HCNEGF_00977	UniRef90_Q7MV91	1149	382	W83__HCNEGF_00977
PgCG_00446	core_gene	Y	Y	mutY	A/G-specific adenine glycosylase	Metabolic Homeostasis	L	COG1194	Core	5/5								PgCG_00446	W83	HCNEGF_00809	UniRef90_Q7MUV2	1146	381	W83__HCNEGF_00809
PgCG_00447	core_gene	Y	Y		AAA family ATPase	Metabolic Homeostasis	R	COG1373	Core	5/5								PgCG_00447	W83	HCNEGF_01709	UniRef90_B2RLR7	1185	394	W83__HCNEGF_01709
PgCG_00448	core_gene	Y	Y	ydiL	Abortive infection protein family	Metabolic Homeostasis	O	COG1266	Core	5/5								PgCG_00448	W83	HCNEGF_00466	UniRef90_Q7MWS1	726	241	W83__HCNEGF_00466
PgCG_00449	core_gene	Y	Y	ackA	Acetate kinase	Metabolic Homeostasis	C	COG0282	Core	5/5								PgCG_00449	W83	HCNEGF_01081	UniRef90_B2RK02	1197	398	W83__HCNEGF_01081
PgCG_00450	core_gene	Y	Y	aCH1	Acetyl-CoA hydrolase/transferase family protein	Metabolic Homeostasis	C	COG0427	Core	5/5								PgCG_00450	W83	HCNEGF_01142	UniRef90_Q7MVN7	1497	498	W83__HCNEGF_01142
PgCG_00451	core_gene	Y	Y	patZN	Acetyltransferase	Metabolic Homeostasis	C	COG1042	Core	5/5								PgCG_00451	W83	HCNEGF_00858	UniRef90_A0A2U1FBB9	2157	718	W83__HCNEGF_00858
PgCG_00452	core_gene	Y	Y	rimI	Acetyltransferase, GNAT family	Metabolic Homeostasis	J	COG0456	Core	5/5								PgCG_00452	W83	HCNEGF_01075	UniRef90_Q7MVH4	564	187	W83__HCNEGF_01075
PgCG_00453	core_gene	Y	Y	rimL	Acetyltransferase, GNAT family	Metabolic Homeostasis	J;O	COG1670	Core	5/5								PgCG_00453	W83	HCNEGF_00923	UniRef90_Q7MV46	528	175	W83__HCNEGF_00923
PgCG_00454	core_gene	Y	Y	fabD	ACP S-malonyltransferase	Metabolic Homeostasis	I	COG0331	Core	5/5								PgCG_00454	W83	HCNEGF_00134	UniRef90_Q7MXN4	882	293	W83__HCNEGF_00134
PgCG_00455	core_gene	Y	Y	acrB	AcrB/AcrD/AcrF family protein	Metabolic Homeostasis	V	COG0841	Core	5/5								PgCG_00455	W83	HCNEGF_00490	UniRef90_Q7MWQ6	3150	1049	W83__HCNEGF_00490
PgCG_00456	core_gene	Y	Y	caiA	Acyl-CoA dehydrogenase, short-chain specific	Metabolic Homeostasis	I	COG1960	Core	5/5								PgCG_00456	W83	HCNEGF_01086	UniRef90_Q7MVI5	1140	379	W83__HCNEGF_01086
PgCG_00457	core_gene	Y	Y	nit1	Acyltransferase	Metabolic Homeostasis	V	COG0388	Core	5/5								PgCG_00457	W83	HCNEGF_00139	UniRef90_A0A0A2FCM5	879	292	W83__HCNEGF_00139
PgCG_00458	core_gene	Y	Y	cbiZ	Adenosylcobinamide amidohydrolase	Metabolic Homeostasis	H	COG1865	Core	5/5								PgCG_00458	W83	HCNEGF_00580	UniRef90_B2RIK8	1164	387	W83__HCNEGF_00580
PgCG_00459	core_gene	Y	Y	cobS	Adenosylcobinamide-GDP ribazoletransferase	Metabolic Homeostasis	H	COG0368	Core	5/5								PgCG_00459	W83	HCNEGF_00632	UniRef90_B2RIR1	783	260	W83__HCNEGF_00632
PgCG_00460	core_gene	Y	Y	cbiB	adenosylcobinamide-phosphate synthase CbiB	Metabolic Homeostasis	H	COG1270	Core	5/5								PgCG_00460	W83	HCNEGF_01008	UniRef90_Q7MVB6	1050	349	W83__HCNEGF_01008
PgCG_00461	core_gene	Y	Y	bioA	adenosylmethionine--8-amino-7-oxononanoate transaminase	Metabolic Homeostasis	H	COG0161	Core	5/5								PgCG_00461	W83	HCNEGF_01928	UniRef90_Q7MT98	1302	433	W83__HCNEGF_01928
PgCG_00462	core_gene	Y	Y	adk	adenylate kinase	Metabolic Homeostasis	F	COG0563	Core	5/5								PgCG_00462	W83	HCNEGF_00712	UniRef90_B2RIY8	585	194	W83__HCNEGF_00712
PgCG_00463	core_gene	Y	Y	purB	adenylosuccinate lyase	Metabolic Homeostasis	F	COG0015	Core	5/5								PgCG_00463	W83	HCNEGF_01040	UniRef90_Q7MVE4	1344	447	W83__HCNEGF_01040
PgCG_00464	core_gene	Y	Y	purA	adenylosuccinate synthase	Metabolic Homeostasis	F	COG0104	Core	5/5								PgCG_00464	W83	HCNEGF_00421	UniRef90_Q7MWW8	1272	423	W83__HCNEGF_00421
PgCG_00465	core_gene	Y	Y	aguA	Agmatine deiminase	Metabolic Homeostasis	E	COG2957	Core	5/5								PgCG_00465	W83	HCNEGF_00140	UniRef90_Q7MXM8	1062	353	W83__HCNEGF_00140
PgCG_00466	core_gene	Y	Y		Alanine dehydrogenase	Metabolic Homeostasis			Core	5/5								PgCG_00466	W83	HCNEGF_00463	UniRef90_Q7MWS4	1596	531	W83__HCNEGF_00463
PgCG_00467	core_gene	Y	Y	qor	Alcohol dehydrogenase, zinc-containing, putative	Metabolic Homeostasis	C;R	COG0604	Core	5/5								PgCG_00467	W83	HCNEGF_01093	UniRef90_Q7MVJ2	1044	347	W83__HCNEGF_01093
PgCG_00468	core_gene	Y	Y	gloA	Aldoketomutase	Metabolic Homeostasis	Q	COG0346	Core	5/5								PgCG_00468	W83	HCNEGF_00670	UniRef90_B2RIU7	399	132	W83__HCNEGF_00670
PgCG_00469	core_gene	Y	Y	galM	Aldose 1-epimerase	Metabolic Homeostasis	G	COG2017	Core	5/5								PgCG_00469	W83	HCNEGF_01503	UniRef90_Q7MUA4	1068	355	W83__HCNEGF_01503
PgCG_00470	core_gene	Y	Y	caiA	Alkylation response protein AidB-like acyl-CoA dehydrogenase	Metabolic Homeostasis	I	COG1960	Core	5/5								PgCG_00470	W83	HCNEGF_00696	UniRef90_A0A2U1FMJ0	1722	573	W83__HCNEGF_00696
PgCG_00471	core_gene	Y	Y	amyA	Alpha-amylase	Metabolic Homeostasis	G	COG0366	Core	5/5								PgCG_00471	W83	HCNEGF_01252	UniRef90_B2RJL8	1677	558	W83__HCNEGF_01252
PgCG_00472	core_gene	Y	Y		Alpha-galactosidase	Metabolic Homeostasis			Core	5/5								PgCG_00472	W83	HCNEGF_00079	UniRef90_B2RMF5	1446	481	W83__HCNEGF_00079
PgCG_00473	core_gene	Y	Y		Alpha-mannosidase	Metabolic Homeostasis	G	COG3537	Core	5/5								PgCG_00473	W83	HCNEGF_01574	UniRef90_B2RHT0	2304	767	W83__HCNEGF_01574
PgCG_00474	core_gene	Y	Y	cobC	alpha-ribazole phosphatase	Metabolic Homeostasis	G	COG0406	Core	5/5								PgCG_00474	W83	HCNEGF_00633	UniRef90_A0AAE9XBJ0	540	179	W83__HCNEGF_00633
PgCG_00475	core_gene	Y	Y	frmB	Alpha/beta hydrolase family protein	Metabolic Homeostasis	V	COG0627	Core	5/5								PgCG_00475	W83	HCNEGF_00386	UniRef90_A0AAE9XCK4	741	246	W83__HCNEGF_00386
PgCG_00476	core_gene	Y	Y	ddaH	Amidinotransferase	Metabolic Homeostasis	E	COG1834	Core	5/5								PgCG_00476	W83	HCNEGF_00217	UniRef90_B2RHK5	927	308	W83__HCNEGF_00217
PgCG_00477	core_gene	Y	Y	trpE	aminodeoxychorismate synthase component I	Metabolic Homeostasis	E;H	COG0147	Core	5/5								PgCG_00477	W83	HCNEGF_01133	UniRef90_A0AAF0BGB1	1014	337	W83__HCNEGF_01133
PgCG_00478	core_gene	Y	Y	gLY1	Aminotransferase class V-fold PLP-dependent enzyme	Metabolic Homeostasis	E	COG2008	Core	5/5								PgCG_00478	W83	HCNEGF_00429	UniRef90_A0AAF0BAV2	1038	345	W83__HCNEGF_00429
PgCG_00479	core_gene	Y	Y	ilvE	Aminotransferase, class IV	Metabolic Homeostasis	E;H	COG0115	Core	5/5								PgCG_00479	W83	HCNEGF_01134	UniRef90_A0A0E2LPM4	600	199	W83__HCNEGF_01134
PgCG_00480	core_gene	Y	Y	csdA	Aminotransferase, class V	Metabolic Homeostasis	E	COG0520	Core	5/5								PgCG_00480	W83	HCNEGF_01610	UniRef90_Q7MU21	1131	376	W83__HCNEGF_01610
PgCG_00481	core_gene	Y	Y	mtnN	AMP nucleosidase	Metabolic Homeostasis	F;H	COG0775	Core	5/5								PgCG_00481	W83	HCNEGF_01206	UniRef90_A0A0A2FQQ1	777	258	W83__HCNEGF_01206
PgCG_00482	core_gene	Y	Y	nrdD	anaerobic ribonucleoside triphosphate reductase	Metabolic Homeostasis	F	COG1328	Core	5/5								PgCG_00482	W83	HCNEGF_00917	UniRef90_A0AAE9XLX2	2397	798	W83__HCNEGF_00917
PgCG_00483	core_gene	Y	Y	nrdG	anaerobic ribonucleoside-triphosphate reductase activating protein	Metabolic Homeostasis	H	COG0602	Core	5/5								PgCG_00483	W83	HCNEGF_00918	UniRef90_Q7MV41	492	163	W83__HCNEGF_00918
PgCG_00484	core_gene	Y	Y		Anaphase-promoting protein	Metabolic Homeostasis			Core	5/5								PgCG_00484	W83	HCNEGF_00814	UniRef90_A0A099WR98	1422	473	W83__HCNEGF_00814
PgCG_00485	core_gene	Y	Y	pabA	Anthranilate synthase component II	Metabolic Homeostasis	E;H	COG0512	Core	5/5								PgCG_00485	W83	HCNEGF_00642	UniRef90_Q7MWB7	597	198	W83__HCNEGF_00642
PgCG_00486	core_gene	Y	Y	argR	Arginine repressor	Metabolic Homeostasis	K	COG1438	Core	5/5								PgCG_00486	W83	HCNEGF_01119	UniRef90_B2RKD6	465	154	W83__HCNEGF_01119
PgCG_00487	core_gene	Y	Y	ansA	asparaginase	Metabolic Homeostasis	J;E	COG0252	Core	5/5								PgCG_00487	W83	HCNEGF_01963	UniRef90_Q7MT63	1080	359	W83__HCNEGF_01963
PgCG_00488	core_gene	Y	Y	asnB	asparagine synthase (glutamine-hydrolyzing)	Metabolic Homeostasis	E	COG0367	Core	5/5	Y	wbpS	LPS					PgCG_00488	W83	HCNEGF_01026	UniRef90_Q7MVD3	1629	542	W83__HCNEGF_01026
PgCG_00489	core_gene	Y	Y	panD	aspartate 1-decarboxylase	Metabolic Homeostasis	H	COG0853	Core	5/5								PgCG_00489	W83	HCNEGF_01048	UniRef90_Q7MVF1	357	118	W83__HCNEGF_01048
PgCG_00490	core_gene	Y	Y	aspA	Aspartate ammonia-lyase	Metabolic Homeostasis	E	COG1027	Core	5/5								PgCG_00490	W83	HCNEGF_01603	UniRef90_Q7MU28	1428	475	W83__HCNEGF_01603
PgCG_00491	core_gene	Y	Y	pyrB	aspartate carbamoyltransferase	Metabolic Homeostasis	F	COG0540	Core	5/5								PgCG_00491	W83	HCNEGF_00325	UniRef90_Q7MX58	915	304	W83__HCNEGF_00325
PgCG_00492	core_gene	Y	Y	pyrI	aspartate carbamoyltransferase regulatory subunit	Metabolic Homeostasis	F	COG1781	Core	5/5								PgCG_00492	W83	HCNEGF_00326	UniRef90_Q7MX57	441	146	W83__HCNEGF_00326
PgCG_00493	core_gene	Y	Y	asd	aspartate-semialdehyde dehydrogenase	Metabolic Homeostasis	E	COG0136	Core	5/5								PgCG_00493	W83	HCNEGF_00514	UniRef90_A0AAF0BGE9	1014	337	W83__HCNEGF_00514
PgCG_00494	core_gene	Y	Y	metL1	Aspartokinase	Metabolic Homeostasis	E	COG0527	Core	5/5								PgCG_00494	W83	HCNEGF_02027	UniRef90_Q7MT13	1341	446	W83__HCNEGF_02027
PgCG_00495	core_gene	Y	Y	clpB	ATP-dependent chaperone ClpB	Metabolic Homeostasis	O	COG0542	Core	5/5								PgCG_00495	W83	HCNEGF_01044	UniRef90_Q7MVE7	2592	863	W83__HCNEGF_01044
PgCG_00496	core_gene	Y	Y	clpP	ATP-dependent Clp endopeptidase proteolytic subunit ClpP	Metabolic Homeostasis	O	COG0740	Core	5/5								PgCG_00496	W83	HCNEGF_00380	UniRef90_Q7MX09	687	228	W83__HCNEGF_00380
PgCG_00497	core_gene	Y	Y	clpX	ATP-dependent Clp protease ATP-binding subunit ClpX	Metabolic Homeostasis	O	COG1219	Core	5/5	Y	clpX	protease_other					PgCG_00497	W83	HCNEGF_00379	UniRef90_Q7MX10	1194	397	W83__HCNEGF_00379
PgCG_00498	core_gene	Y	Y	clpC	ATP-dependent Clp protease, ATP-binding subunit ClpC	Metabolic Homeostasis	O	COG0542	Core	5/5	Y	clpC	protease_other					PgCG_00498	W83	HCNEGF_00011	UniRef90_Q7MXY4	2580	859	W83__HCNEGF_00011
PgCG_00499	core_gene	Y	Y	ftsH	ATP-dependent zinc metalloprotease FtsH	Metabolic Homeostasis	O	COG0465	Core	5/5								PgCG_00499	W83	HCNEGF_00045	UniRef90_Q7MXV8	2022	673	W83__HCNEGF_00045
PgCG_00500	core_gene	Y	Y		ATP-grasp domain-containing protein	Metabolic Homeostasis			Core	5/5								PgCG_00500	W83	HCNEGF_00958	UniRef90_Q7MV76	1239	412	W83__HCNEGF_00958
PgCG_00501	core_gene	Y	Y	arAAA	ATPase domain-containing protein	Metabolic Homeostasis	R	COG1672	Core	5/5								PgCG_00501	W83	HCNEGF_01926	UniRef90_B2RH85	1173	390	W83__HCNEGF_01926
PgCG_00502	core_gene	Y	Y	rarA	ATPase, AAA family	Genetic Information Processing	L	COG2256	Core	5/5								PgCG_00502	W83	HCNEGF_01060	UniRef90_Q7MVG1	1362	453	W83__HCNEGF_01060
PgCG_00503	core_gene	Y	Y	mMP0363	ATPase, MoxR family	Metabolic Homeostasis	R	COG0714	Core	5/5								PgCG_00503	W83	HCNEGF_01453	UniRef90_Q7MUE9	996	331	W83__HCNEGF_01453
PgCG_00504	core_gene	Y	Y	badF	BadF-type ATPase, related to human N-acetylglucosamine kinase	Metabolic Homeostasis	G	COG2971	Core	5/5								PgCG_00504	W83	HCNEGF_01063	UniRef90_Q7MVG4	852	283	W83__HCNEGF_01063
PgCG_00505	core_gene	Y	Y	hflC	Band 7/Mec-2 family protein	Metabolic Homeostasis	O	COG0330	Core	5/5								PgCG_00505	W83	HCNEGF_00852	UniRef90_Q7MUY8	981	326	W83__HCNEGF_00852
PgCG_00506	core_gene	Y	Y	ybhL	BAX inhibitor (BI)-1/YccA family protein	Metabolic Homeostasis	P	COG0670	Core	5/5								PgCG_00506	W83	HCNEGF_00717	UniRef90_B2RIZ2	711	236	W83__HCNEGF_00717
PgCG_00507	core_gene	Y	Y	tnaA	Beta-eliminating lyase	Metabolic Homeostasis	E	COG3033	Core	5/5								PgCG_00507	W83	HCNEGF_00786	UniRef90_Q7MUT3	1380	459	W83__HCNEGF_00786
PgCG_00508	core_gene	Y	Y	lacZ	beta-galactosidase	Metabolic Homeostasis	G	COG3250	Core	5/5								PgCG_00508	W83	HCNEGF_00598	UniRef90_B2RIM5	3372	1123	W83__HCNEGF_00598
PgCG_00509	core_gene	Y	Y	lacZ	Beta-galactosidase	Metabolic Homeostasis	G	COG3250	Core	5/5								PgCG_00509	W83	HCNEGF_01253	UniRef90_B2RJL9	3207	1068	W83__HCNEGF_01253
PgCG_00510	core_gene	Y	Y	nahA	Beta-hexosaminidase	Metabolic Homeostasis	G	COG3525	Core	5/5								PgCG_00510	W83	HCNEGF_00041	UniRef90_P49008	2334	777	W83__HCNEGF_00041
PgCG_00511	core_gene	Y	Y	fabH	Beta-ketoacyl-[acyl-carrier-protein] synthase III	Metabolic Homeostasis	I	COG0332	Core	5/5								PgCG_00511	W83	HCNEGF_01980	UniRef90_B2RH63	1008	335	W83__HCNEGF_01980
PgCG_00512	core_gene	Y	Y	fabF	beta-ketoacyl-ACP synthase II	Metabolic Homeostasis	I;Q	COG0304	Core	5/5								PgCG_00512	W83	HCNEGF_01622	UniRef90_Q7MAV6	1257	418	W83__HCNEGF_01622
PgCG_00513	core_gene	Y	Y	lacZ	beta-mannosidase	Metabolic Homeostasis	G	COG3250	Core	5/5								PgCG_00513	W83	HCNEGF_00032	UniRef90_Q7MXW7	2586	861	W83__HCNEGF_00032
PgCG_00514	core_gene	Y	Y	ampC	beta-N-acetylhexosaminidase	Metabolic Homeostasis	V	COG1680	Core	5/5								PgCG_00514	W83	HCNEGF_00012	UniRef90_A0A0A2F8J9	3012	1003	W83__HCNEGF_00012
PgCG_00515	core_gene	Y	Y	ribBA	bifunctional 3,4-dihydroxy-2-butanone-4-phosphate synthase/GTP cyclohydrolase II	Metabolic Homeostasis	H	COG0807	Core	5/5								PgCG_00515	W83	HCNEGF_00541	UniRef90_Q7MWK9	1221	406	W83__HCNEGF_00541
PgCG_00516	core_gene	Y	Y	cobU	bifunctional adenosylcobinamide kinase/adenosylcobinamide-phosphate guanylyltransferase	Metabolic Homeostasis	H	COG2087	Core	5/5								PgCG_00516	W83	HCNEGF_00630	UniRef90_Q7MWC7	537	178	W83__HCNEGF_00630
PgCG_00517	core_gene	Y	Y	ubiE	bifunctional demethylmenaquinone methyltransferase/2-methoxy-6-polyprenyl-1,4-benzoquinol methylase UbiE	Metabolic Homeostasis	H;J	COG2226	Core	5/5								PgCG_00517	W83	HCNEGF_01178	UniRef90_B2RJE9	738	245	W83__HCNEGF_01178
PgCG_00518	core_gene	Y	Y	ribD	bifunctional diaminohydroxyphosphoribosylaminopyrimidine deaminase/5-amino-6-(5-phosphoribosylamino)uracil reductase RibD	Metabolic Homeostasis	H	COG1985	Core	5/5								PgCG_00518	W83	HCNEGF_00150	UniRef90_Q7MXL9	993	330	W83__HCNEGF_00150
PgCG_00519	core_gene	Y	Y	msrB	bifunctional methionine sulfoxide reductase B/A protein	Metabolic Homeostasis	O	COG0229	Core	5/5								PgCG_00519	W83	HCNEGF_01935	UniRef90_Q7MT91	1059	352	W83__HCNEGF_01935
PgCG_00520	core_gene	Y	Y	folD	bifunctional methylenetetrahydrofolate dehydrogenase/methenyltetrahydrofolate cyclohydrolase FolD	Metabolic Homeostasis	H	COG0190	Core	5/5								PgCG_00520	W83	HCNEGF_01046	UniRef90_Q7MVE9	891	296	W83__HCNEGF_01046
PgCG_00521	core_gene	Y	Y	nnr2	Bifunctional NAD(P)H-hydrate repair enzyme	Metabolic Homeostasis	F	COG0063	Core	5/5								PgCG_00521	W83	HCNEGF_00065	UniRef90_B2RME0	1542	513	W83__HCNEGF_00065
PgCG_00522	core_gene	Y	Y	purH	bifunctional phosphoribosylaminoimidazolecarboxamide formyltransferase/IMP cyclohydrolase	Metabolic Homeostasis	F	COG0138	Core	5/5								PgCG_00522	W83	HCNEGF_00790	UniRef90_Q7MUT5	1518	505	W83__HCNEGF_00790
PgCG_00523	core_gene	Y	Y	bioB	biotin synthase BioB	Metabolic Homeostasis	H	COG0502	Core	5/5								PgCG_00523	W83	HCNEGF_01929	UniRef90_B2RH08	993	330	W83__HCNEGF_01929
PgCG_00524	core_gene	Y	Y	ilvE	branched-chain amino acid aminotransferase	Metabolic Homeostasis	E;H	COG0115	Core	5/5								PgCG_00524	W83	HCNEGF_00891	UniRef90_Q7MV21	1020	339	W83__HCNEGF_00891
PgCG_00525	core_gene	Y	Y	atoD	Butyrate-acetoacetate CoA-transferase, subunit A	Metabolic Homeostasis	I	COG1788	Core	5/5								PgCG_00525	W83	HCNEGF_01096	UniRef90_Q7MVJ5	645	214	W83__HCNEGF_01096
PgCG_00526	core_gene	Y	Y	mgtA	calcium-translocating P-type ATPase, PMCA-type	Metabolic Homeostasis	P	COG0474	Core	5/5								PgCG_00526	W83	HCNEGF_01215	UniRef90_A0A0A2F4H6	2757	918	W83__HCNEGF_01215
PgCG_00527	core_gene	Y	Y	carA	carbamoyl phosphate synthase small subunit	Metabolic Homeostasis	E;F	COG0505	Core	5/5								PgCG_00527	W83	HCNEGF_00476	UniRef90_Q7MWR5	1074	357	W83__HCNEGF_00476
PgCG_00528	core_gene	Y	Y	carB	carbamoyl-phosphate synthase large subunit	Metabolic Homeostasis	E;F	COG0458	Core	5/5								PgCG_00528	W83	HCNEGF_00477	UniRef90_Q7MWR4	3228	1075	W83__HCNEGF_00477
PgCG_00529	core_gene	Y	Y	nadC	carboxylating nicotinate-nucleotide diphosphorylase	Metabolic Homeostasis	H	COG0157	Core	5/5								PgCG_00529	W83	HCNEGF_01451	UniRef90_Q7MUF1	843	280	W83__HCNEGF_01451
PgCG_00530	core_gene	Y	Y	nspC	carboxynorspermidine decarboxylase	Metabolic Homeostasis	E	COG0019	Core	5/5								PgCG_00530	W83	HCNEGF_00148	UniRef90_A0AAE9XAD3	1137	378	W83__HCNEGF_00148
PgCG_00531	core_gene	Y	Y	cls	cardiolipin synthase	Metabolic Homeostasis	I	COG1502	Core	5/5								PgCG_00531	W83	HCNEGF_01516	UniRef90_Q7MU95	1389	462	W83__HCNEGF_01516
PgCG_00532	core_gene	Y	Y	zntA	Cation-transporting ATPase	Metabolic Homeostasis	P	COG2217	Core	5/5								PgCG_00532	W83	HCNEGF_01511	UniRef90_B2RI16	2208	735	W83__HCNEGF_01511
PgCG_00533	core_gene	Y	Y	mpfA	CBS domain protein	Metabolic Homeostasis	P;T	COG1253	Core	5/5								PgCG_00533	W83	HCNEGF_00252	UniRef90_Q7MXD1	1329	442	W83__HCNEGF_00252
PgCG_00534	core_gene	Y	Y	mpfA	CBS domain protein	Metabolic Homeostasis	P;T	COG1253	Core	5/5								PgCG_00534	W83	HCNEGF_00409	UniRef90_Q7MWX8	1254	417	W83__HCNEGF_00409
PgCG_00535	core_gene	Y	Y	pgsA	CDP-alcohol phosphatidyltransferase	Metabolic Homeostasis	I	COG0558	Core	5/5								PgCG_00535	W83	HCNEGF_01916	UniRef90_Q7MTA5	927	308	W83__HCNEGF_01916
PgCG_00536	core_gene	Y	Y	pssA	CDP-diacylglycerol--serine O-phosphatidyltransferase	Metabolic Homeostasis	I	COG1183	Core	5/5								PgCG_00536	W83	HCNEGF_01189	UniRef90_A0AAF0B986	711	236	W83__HCNEGF_01189
PgCG_00537	core_gene	Y	Y		CDP-Glycerol:Poly(Glycerophosphate) glycerophosphotransferase	Metabolic Homeostasis			Core	5/5								PgCG_00537	W83	HCNEGF_00128	UniRef90_B2RHB9	1311	436	W83__HCNEGF_00128
PgCG_00538	core_gene	Y	Y		Chain length determinant protein	Metabolic Homeostasis			Core	5/5								PgCG_00538	W83	HCNEGF_00053	UniRef90_A0A0E2LNI3	1701	566	W83__HCNEGF_00053
PgCG_00539	core_gene	Y	Y	aroGA	Chorismate mutase	Metabolic Homeostasis	E	COG2876	Core	5/5								PgCG_00539	W83	HCNEGF_01261	UniRef90_A0AAF0BFU7	1101	366	W83__HCNEGF_01261
PgCG_00540	core_gene	Y	Y	aroC	chorismate synthase	Metabolic Homeostasis	E	COG0082	Core	5/5								PgCG_00540	W83	HCNEGF_00871	UniRef90_Q7MV04	1107	368	W83__HCNEGF_00871
PgCG_00541	core_gene	Y	Y	dnaA	chromosomal replication initiator protein DnaA	Metabolic Homeostasis	L	COG0593	Core	5/5								PgCG_00541	W83	HCNEGF_00001	UniRef90_Q7MXZ1	1422	473	W83__HCNEGF_00001
PgCG_00542	core_gene	Y	Y		Chromosome segregation protein SMC	Metabolic Homeostasis			Core	5/5								PgCG_00542	W83	HCNEGF_00799	UniRef90_Q7MUU4	897	298	W83__HCNEGF_00799
PgCG_00543	core_gene	Y	Y	ctlX	citrulline utilization hydrolase CtlX	Metabolic Homeostasis	R	COG4874	Core	5/5								PgCG_00543	W83	HCNEGF_00906	UniRef90_Q7MV35	930	309	W83__HCNEGF_00906
PgCG_00544	core_gene	Y	Y	dfsB	ClbS/DfsB family four-helix bundle protein	Metabolic Homeostasis	R	COG4283	Core	5/5								PgCG_00544	W83	HCNEGF_01155	UniRef90_Q7MVP7	537	178	W83__HCNEGF_01155
PgCG_00545	core_gene	Y	Y		cobyric acid synthase	Metabolic Homeostasis			Core	5/5								PgCG_00545	W83	HCNEGF_01006	UniRef90_B2RK84	1359	452	W83__HCNEGF_01006
PgCG_00546	core_gene	Y	Y	cobB	cobyrinate a,c-diamide synthase	Metabolic Homeostasis	H	COG1797	Core	5/5								PgCG_00546	W83	HCNEGF_01003	UniRef90_B2RK86	1320	439	W83__HCNEGF_01003
PgCG_00547	core_gene	Y	Y	atoA	Coenzyme A transferase beta subunit	Metabolic Homeostasis	I	COG2057	Core	5/5								PgCG_00547	W83	HCNEGF_01087	UniRef90_B2RJZ5	663	220	W83__HCNEGF_01087
PgCG_00548	core_gene	Y	Y	comEC	ComEC/Rec2-related protein	Metabolic Homeostasis	U	COG0658	Core	5/5								PgCG_00548	W83	HCNEGF_01468	UniRef90_Q7MUD5	1536	511	W83__HCNEGF_01468
PgCG_00549	core_gene	Y	Y	comEA	Competence protein ComEA helix-hairpin-helix repeat region	Metabolic Homeostasis	L	COG1555	Core	5/5								PgCG_00549	W83	HCNEGF_01558	UniRef90_A0A0E2LRW6	705	234	W83__HCNEGF_01558
PgCG_00550	core_gene	Y	Y	pncC	Competence/damage-inducible protein CinA domain protein	Metabolic Homeostasis	H	COG1546	Core	5/5								PgCG_00550	W83	HCNEGF_01588	UniRef90_Q7MU41	483	160	W83__HCNEGF_01588
PgCG_00551	core_gene	Y	Y	dAP2	Conserved domain protein	Metabolic Homeostasis	E	COG1506	Core	5/5								PgCG_00551	W83	HCNEGF_01613	UniRef90_Q7MU18	2508	835	W83__HCNEGF_01613
PgCG_00552	core_gene	Y	Y	ruvC	crossover junction endodeoxyribonuclease RuvC	Metabolic Homeostasis	L	COG0817	Core	5/5								PgCG_00552	W83	HCNEGF_00863	UniRef90_B2RJT7	570	189	W83__HCNEGF_00863
PgCG_00553	core_gene	Y	Y	pyrG	CTP synthase	Metabolic Homeostasis	F	COG0504	Core	5/5								PgCG_00553	W83	HCNEGF_00473	UniRef90_B2RKS1	1620	539	W83__HCNEGF_00473
PgCG_00554	core_gene	Y	Y	cvpA	CvpA family protein	Metabolic Homeostasis			Core	5/5								PgCG_00554	W83	HCNEGF_00240	UniRef90_Q7MXE3	492	163	W83__HCNEGF_00240
PgCG_00555	core_gene	Y	Y	csdA	cysteine desulfurase	Metabolic Homeostasis	E	COG0520	Core	5/5								PgCG_00555	W83	HCNEGF_00661	UniRef90_Q7MW97	1215	404	W83__HCNEGF_00661
PgCG_00556	core_gene	Y	Y	cdd	cytidine deaminase	Metabolic Homeostasis	F	COG0295	Core	5/5								PgCG_00556	W83	HCNEGF_00030	UniRef90_A0AAE9XK76	477	158	W83__HCNEGF_00030
PgCG_00557	core_gene	Y	Y	tadA	Cytidine/deoxycytidylate deaminase family protein	Metabolic Homeostasis	J	COG0590	Core	5/5								PgCG_00557	W83	HCNEGF_01591	UniRef90_Q7MU38	492	163	W83__HCNEGF_01591
PgCG_00558	core_gene	Y	Y	comEB	Cytidine/deoxycytidylate deaminase family protein	Metabolic Homeostasis	F;J	COG2131	Core	5/5								PgCG_00558	W83	HCNEGF_01705	UniRef90_Q7MTT5	450	149	W83__HCNEGF_01705
PgCG_00559	core_gene	Y	Y	ccmC	Cytochrome c assembly protein domain-containing protein	Metabolic Homeostasis	O	COG0755	Core	5/5								PgCG_00559	W83	HCNEGF_01673	UniRef90_Q7MTW4	816	271	W83__HCNEGF_01673
PgCG_00560	core_gene	Y	Y	nrfH	cytochrome c nitrite reductase small subunit	Metabolic Homeostasis	C	COG3005	Core	5/5								PgCG_00560	W83	HCNEGF_01677	UniRef90_A0AAE9X6D7	612	203	W83__HCNEGF_01677
PgCG_00561	core_gene	Y	Y	appC	Cytochrome d ubiquinol oxidase, subunit I	Metabolic Homeostasis	C	COG1271	Core	5/5								PgCG_00561	W83	HCNEGF_01249	UniRef90_Q7MVX4	1590	529	W83__HCNEGF_01249
PgCG_00562	core_gene	Y	Y	appB	Cytochrome d ubiquinol oxidase, subunit II	Metabolic Homeostasis	C	COG1294	Core	5/5								PgCG_00562	W83	HCNEGF_01250	UniRef90_Q7MVX5	1164	387	W83__HCNEGF_01250
PgCG_00563	core_gene	Y	Y	serA	D-3-phosphoglycerate dehydrogenase	Metabolic Homeostasis	H	COG0111	Core	5/5								PgCG_00563	W83	HCNEGF_00900	UniRef90_B2RID5	921	306	W83__HCNEGF_00900
PgCG_00564	core_gene	Y	Y	ldhA	D-isomer specific 2-hydroxyacid dehydrogenase family protein	Metabolic Homeostasis	C;H;R	COG1052	Core	5/5								PgCG_00564	W83	HCNEGF_02009	UniRef90_B2RGZ9	960	319	W83__HCNEGF_02009
PgCG_00565	core_gene	Y	Y		D-lysine 5,6-aminomutase, alpha subunit	Metabolic Homeostasis			Core	5/5								PgCG_00565	W83	HCNEGF_01089	UniRef90_Q7MVI8	1572	523	W83__HCNEGF_01089
PgCG_00566	core_gene	Y	Y	mtbC1	D-lysine 5,6-aminomutase, beta subunit	Metabolic Homeostasis	C	COG5012	Core	5/5								PgCG_00566	W83	HCNEGF_01088	UniRef90_Q7MVI7	792	263	W83__HCNEGF_01088
PgCG_00567	core_gene	Y	Y	dedA	DedA family protein	Metabolic Homeostasis	M	COG0586	Core	5/5								PgCG_00567	W83	HCNEGF_01804	UniRef90_Q7MTJ9	648	215	W83__HCNEGF_01804
PgCG_00568	core_gene	Y	Y		Delta-aminolevulinic acid dehydratase	Metabolic Homeostasis			Core	5/5								PgCG_00568	W83	HCNEGF_00114	UniRef90_Q7MXQ4	1224	407	W83__HCNEGF_00114
PgCG_00569	core_gene	Y	Y	dgt	Deoxyguanosinetriphosphate triphosphohydrolase	Metabolic Homeostasis	F	COG0232	Core	5/5								PgCG_00569	W83	HCNEGF_01851	UniRef90_Q7MTF8	1338	445	W83__HCNEGF_01851
PgCG_00570	core_gene	Y	Y	deoC	deoxyribose-phosphate aldolase	Metabolic Homeostasis	F	COG0274	Core	5/5								PgCG_00570	W83	HCNEGF_01844	UniRef90_Q7MTG5	870	289	W83__HCNEGF_01844
PgCG_00571	core_gene	Y	Y	coaE	dephospho-CoA kinase	Metabolic Homeostasis	H	COG0237	Core	5/5								PgCG_00571	W83	HCNEGF_00437	UniRef90_Q7MWV3	609	202	W83__HCNEGF_00437
PgCG_00572	core_gene	Y	Y	bioD	dethiobiotin synthase	Metabolic Homeostasis	H	COG0132	Core	5/5								PgCG_00572	W83	HCNEGF_01896	UniRef90_Q7MTB8	654	217	W83__HCNEGF_01896
PgCG_00573	core_gene	Y	Y	nrnA	DHH family phosphoesterase	Metabolic Homeostasis	F;T	COG0618	Core	5/5								PgCG_00573	W83	HCNEGF_01073	UniRef90_B2RK11	1044	347	W83__HCNEGF_01073
PgCG_00574	core_gene	Y	Y	cdaA	diadenylate cyclase CdaA	Metabolic Homeostasis	T	COG1642	Core	5/5								PgCG_00574	W83	HCNEGF_01462	UniRef90_B2RI47	768	255	W83__HCNEGF_01462
PgCG_00575	core_gene	Y	Y	lysA	diaminopimelate decarboxylase	Metabolic Homeostasis	E	COG0019	Core	5/5								PgCG_00575	W83	HCNEGF_02026	UniRef90_Q7MT14	1149	382	W83__HCNEGF_02026
PgCG_00576	core_gene	Y	Y	aspD	diaminopimelate dehydrogenase	Metabolic Homeostasis	E	COG1712	Core	5/5								PgCG_00576	W83	HCNEGF_00728	UniRef90_Q7MW40	906	301	W83__HCNEGF_00728
PgCG_00577	core_gene	Y	Y		Diguanylate cyclase	Metabolic Homeostasis	R	COG2461	Core	5/5								PgCG_00577	W83	HCNEGF_00618	UniRef90_Q7MWD6	1554	517	W83__HCNEGF_00618
PgCG_00578	core_gene	Y	Y	folA	Dihydrofolate reductase	Metabolic Homeostasis	H	COG0262	Core	5/5								PgCG_00578	W83	HCNEGF_01907	UniRef90_Q7MTB4	489	162	W83__HCNEGF_01907
PgCG_00579	core_gene	Y	Y	lpdA	dihydrolipoyl dehydrogenase	Metabolic Homeostasis	C	COG1249	Core	5/5								PgCG_00579	W83	HCNEGF_00724	UniRef90_Q7MW44	1350	449	W83__HCNEGF_00724
PgCG_00580	core_gene	Y	Y	folB	dihydroneopterin aldolase	Metabolic Homeostasis	H	COG1539	Core	5/5								PgCG_00580	W83	HCNEGF_01939	UniRef90_Q7MT88	354	117	W83__HCNEGF_01939
PgCG_00581	core_gene	Y	Y	allB	dihydroorotase	Metabolic Homeostasis	F	COG0044	Core	5/5								PgCG_00581	W83	HCNEGF_01233	UniRef90_A0A0A2F964	1350	449	W83__HCNEGF_01233
PgCG_00582	core_gene	Y	Y	pyrD	dihydroorotate dehydrogenase	Metabolic Homeostasis	F	COG0167	Core	5/5								PgCG_00582	W83	HCNEGF_01097	UniRef90_Q7MVJ6	870	289	W83__HCNEGF_01097
PgCG_00583	core_gene	Y	Y	mcr1	Dihydroorotate dehydrogenase, putative	Metabolic Homeostasis	H;C	COG0543	Core	5/5								PgCG_00583	W83	HCNEGF_01098	UniRef90_Q7MVJ7	798	265	W83__HCNEGF_01098
PgCG_00584	core_gene	Y	Y	folP	dihydropteroate synthase	Metabolic Homeostasis	H	COG0294	Core	5/5								PgCG_00584	W83	HCNEGF_01463	UniRef90_Q7MUD9	846	281	W83__HCNEGF_01463
PgCG_00585	core_gene	Y	Y	pfp	diphosphate--fructose-6-phosphate 1-phosphotransferase	Metabolic Homeostasis	G	COG0205	Core	5/5								PgCG_00585	W83	HCNEGF_00158	UniRef90_Q9FAF8	1650	549	W83__HCNEGF_00158
PgCG_00586	core_gene	Y	Y	yajL	DJ-1 family glyoxalase III	Metabolic Homeostasis	V	COG0693	Core	5/5								PgCG_00586	W83	HCNEGF_00571	UniRef90_B2RIJ9	546	181	W83__HCNEGF_00571
PgCG_00587	core_gene	Y	Y	alkD	DNA alkylation repair protein	Metabolic Homeostasis	L	COG4912	Core	5/5								PgCG_00587	W83	HCNEGF_00928	UniRef90_Q7MV52	732	243	W83__HCNEGF_00928
PgCG_00588	core_gene	Y	Y	dnaG	DNA primase	Metabolic Homeostasis	L	COG0358	Core	5/5								PgCG_00588	W83	HCNEGF_01670	UniRef90_Q7MTW7	2022	673	W83__HCNEGF_01670
PgCG_00589	core_gene	Y	Y	recF	DNA replication/repair protein RecF	Metabolic Homeostasis	L	COG1195	Core	5/5								PgCG_00589	W83	HCNEGF_00364	UniRef90_Q7MX24	1095	364	W83__HCNEGF_00364
PgCG_00590	core_gene	Y	Y		DNA-binding protein	Metabolic Homeostasis			Core	5/5								PgCG_00590	W83	HCNEGF_00234	UniRef90_Q7MXF0	255	84	W83__HCNEGF_00234
PgCG_00591	core_gene	Y	Y		DNA-binding protein	Metabolic Homeostasis			Core	5/5								PgCG_00591	W83	HCNEGF_01828	UniRef90_Q7MTI2	2007	668	W83__HCNEGF_01828
PgCG_00592	core_gene	Y	Y	yceD	DNA-binding protein	Metabolic Homeostasis	J	COG1399	Core	5/5								PgCG_00592	W83	HCNEGF_01978	UniRef90_B2RH61	552	183	W83__HCNEGF_01978
PgCG_00593	core_gene	Y	Y	hupA	DNA-binding protein HU	Metabolic Homeostasis	B	COG0776	Core	5/5								PgCG_00593	W83	HCNEGF_00119	UniRef90_Q7MXP9	267	88	W83__HCNEGF_00119
PgCG_00594	core_gene	Y	Y	hupA	DNA-binding protein HU	Metabolic Homeostasis	B	COG0776	Core	5/5								PgCG_00594	W83	HCNEGF_00919	UniRef90_Q7MV42	279	92	W83__HCNEGF_00919
PgCG_00595	core_gene	Y	Y		DNA-binding protein, histone-like family	Metabolic Homeostasis			Core	5/5								PgCG_00595	W83	HCNEGF_01885	UniRef90_B2RMA9	477	158	W83__HCNEGF_01885
PgCG_00596	core_gene	Y	Y		DNA-binding protein, histone-like family	Metabolic Homeostasis			Core	5/5								PgCG_00596	W83	HCNEGF_00500	UniRef90_Q7MWP5	519	172	W83__HCNEGF_00500
PgCG_00597	core_gene	Y	Y	hupA	DNA-binding protein, histone-like family	Metabolic Homeostasis	B	COG0776	Core	5/5								PgCG_00597	W83	HCNEGF_00305	UniRef90_Q7MX80	516	171	W83__HCNEGF_00305
PgCG_00598	core_gene	Y	Y	ompR	DNA-binding response regulator	Metabolic Homeostasis	T;K	COG0745	Core	5/5								PgCG_00598	W83	HCNEGF_00648	UniRef90_Q7MWB1	690	229	W83__HCNEGF_00648
PgCG_00599	core_gene	Y	Y	ompR	DNA-binding response regulator RprY	Genetic Information Processing	T;K	COG0745	Core	5/5	Y	rprY	regulator					PgCG_00599	W83	HCNEGF_01074	UniRef90_Q7MVH3	738	245	W83__HCNEGF_01074
PgCG_00600	core_gene	Y	Y	norM	DNA-damage-inducible protein F	Metabolic Homeostasis	V	COG0534	Core	5/5								PgCG_00600	W83	HCNEGF_01509	UniRef90_Q7MU98	1335	444	W83__HCNEGF_01509
PgCG_00601	core_gene	Y	Y	mug	DNA-deoxyinosine glycosylase	Metabolic Homeostasis	L	COG3663	Core	5/5								PgCG_00601	W83	HCNEGF_01242	UniRef90_A0AAF0BF37	492	163	W83__HCNEGF_01242
PgCG_00602	core_gene	Y	Y	dprA	DNA-processing protein DprA	Metabolic Homeostasis	L	COG0758	Core	5/5								PgCG_00602	W83	HCNEGF_00274	UniRef90_Q7MXB1	1125	374	W83__HCNEGF_00274
PgCG_00603	core_gene	Y	Y		Dolichol-P-glucose synthetase	Metabolic Homeostasis			Core	5/5								PgCG_00603	W83	HCNEGF_00132	UniRef90_Q7MXN6	1023	340	W83__HCNEGF_00132
PgCG_00604	core_gene	Y	Y	rfbC	dTDP-4-dehydrorhamnose 3,5-epimerase	Metabolic Homeostasis	M	COG1898	Core	5/5								PgCG_00604	W83	HCNEGF_01440	UniRef90_Q7MUG1	591	196	W83__HCNEGF_01440
PgCG_00605	core_gene	Y	Y	rfbD	dTDP-4-dehydrorhamnose reductase	Metabolic Homeostasis	M	COG1091	Core	5/5								PgCG_00605	W83	HCNEGF_01439	UniRef90_Q7MUG2	858	285	W83__HCNEGF_01439
PgCG_00606	core_gene	Y	Y	rfbB	dTDP-glucose 4,6-dehydratase	Metabolic Homeostasis	M	COG1088	Core	5/5								PgCG_00606	W83	HCNEGF_01438	UniRef90_Q7MUG3	1065	354	W83__HCNEGF_01438
PgCG_00607	core_gene	Y	Y	maf	dTTP/UTP pyrophosphatase	Metabolic Homeostasis	Q	COG0424	Core	5/5								PgCG_00607	W83	HCNEGF_00592	UniRef90_Q7MWG0	600	199	W83__HCNEGF_00592
PgCG_00608	core_gene	Y	Y	dut	dUTP diphosphatase	Metabolic Homeostasis	F;V	COG0756	Core	5/5								PgCG_00608	W83	HCNEGF_01201	UniRef90_B2RJH1	435	144	W83__HCNEGF_01201
PgCG_00609	core_gene	Y	Y	fixB	Electron transfer flavoprotein, alpha subunit	Metabolic Homeostasis	C	COG2025	Core	5/5								PgCG_00609	W83	HCNEGF_00697	UniRef90_Q7MW69	1020	339	W83__HCNEGF_00697
PgCG_00610	core_gene	Y	Y	fixB	Electron transfer flavoprotein, alpha subunit	Metabolic Homeostasis	C	COG2025	Core	5/5								PgCG_00610	W83	HCNEGF_01084	UniRef90_Q7MVI3	1008	335	W83__HCNEGF_01084
PgCG_00611	core_gene	Y	Y	fixA	Electron transfer flavoprotein, beta subunit	Metabolic Homeostasis	C	COG2086	Core	5/5								PgCG_00611	W83	HCNEGF_00698	UniRef90_Q7MW68	867	288	W83__HCNEGF_00698
PgCG_00612	core_gene	Y	Y	fixA	Electron transfer flavoprotein, beta subunit	Metabolic Homeostasis	C	COG2086	Core	5/5								PgCG_00612	W83	HCNEGF_01085	UniRef90_Q7MVI4	786	261	W83__HCNEGF_01085
PgCG_00613	core_gene	Y	Y	rsxC	electron transport complex subunit RsxC	Metabolic Homeostasis	C	COG4656	Core	5/5								PgCG_00613	W83	HCNEGF_00280	UniRef90_A0AAF0BAR0	1332	443	W83__HCNEGF_00280
PgCG_00614	core_gene	Y	Y	mltG	Endolytic murein transglycosylase	Metabolic Homeostasis	M	COG1559	Core	5/5								PgCG_00614	W83	HCNEGF_01561	UniRef90_A0A0A2FB22	1095	364	W83__HCNEGF_01561
PgCG_00615	core_gene	Y	Y	nth	endonuclease III	Metabolic Homeostasis	L	COG0177	Core	5/5								PgCG_00615	W83	HCNEGF_01629	UniRef90_B2RLI6	675	224	W83__HCNEGF_01629
PgCG_00616	core_gene	Y	Y	rqcU	endonuclease MutS2	Metabolic Homeostasis	J	COG1193	Core	5/5								PgCG_00616	W83	HCNEGF_00347	UniRef90_Q7MX35	2523	840	W83__HCNEGF_00347
PgCG_00617	core_gene	Y	Y	yrpB	Enoyl-(Acyl-carrier-protein) reductase II	Metabolic Homeostasis	R	COG2070	Core	5/5								PgCG_00617	W83	HCNEGF_00774	UniRef90_Q7MAW0	942	313	W83__HCNEGF_00774
PgCG_00618	core_gene	Y	Y	caiD	Enoyl-CoA hydratase/isomerase family protein	Metabolic Homeostasis	I	COG1024	Core	5/5								PgCG_00618	W83	HCNEGF_01083	UniRef90_Q7MVI2	771	256	W83__HCNEGF_01083
PgCG_00619	core_gene	Y	Y	wcaG	Epimerase/reductase, putative	Metabolic Homeostasis	M	COG0451	Core	5/5								PgCG_00619	W83	HCNEGF_00942	UniRef90_Q7MV60	996	331	W83__HCNEGF_00942
PgCG_00620	core_gene	Y	Y	nanH	exo-alpha-sialidase	Metabolic Homeostasis	G;M	COG4409	Core	5/5	Y	siaPg_nanH	glycosidase					PgCG_00620	W83	HCNEGF_00322	UniRef90_B2RL82	1581	526	W83__HCNEGF_00322
PgCG_00621	core_gene	Y	Y	xthA	exodeoxyribonuclease III	Genetic Information Processing	L	COG0708	Core	5/5								PgCG_00621	W83	HCNEGF_00249	UniRef90_Q7MXD4	765	254	W83__HCNEGF_00249
PgCG_00622	core_gene	Y	Y	xseA	exodeoxyribonuclease VII large subunit	Metabolic Homeostasis	L	COG1570	Core	5/5								PgCG_00622	W83	HCNEGF_01035	UniRef90_Q7MVE0	1383	460	W83__HCNEGF_01035
PgCG_00623	core_gene	Y	Y	xseB	exodeoxyribonuclease VII small subunit	Metabolic Homeostasis			Core	5/5								PgCG_00623	W83	HCNEGF_00760	UniRef90_B2RJ14	216	71	W83__HCNEGF_00760
PgCG_00624	core_gene	Y	Y	dnaQ	Exonuclease	Metabolic Homeostasis	L	COG0847	Core	5/5								PgCG_00624	W83	HCNEGF_00212	UniRef90_Q7MXG6	492	163	W83__HCNEGF_00212
PgCG_00625	core_gene	Y	Y		FAD-dependent dehydrogenase	Metabolic Homeostasis	R	COG2509	Core	5/5								PgCG_00625	W83	HCNEGF_00722	UniRef90_Q7MW46	1560	519	W83__HCNEGF_00722
PgCG_00626	core_gene	Y	Y	yrkE	FAD-dependent oxidoreductase	Metabolic Homeostasis	C	COG2210	Core	5/5								PgCG_00626	W83	HCNEGF_00168	UniRef90_A0AAE9XA62	2679	892	W83__HCNEGF_00168
PgCG_00627	core_gene	Y	Y	apbE	FAD:protein FMN transferase	Metabolic Homeostasis	H;O	COG1477	Core	5/5								PgCG_00627	W83	HCNEGF_00285	UniRef90_Q7MXA0	1014	337	W83__HCNEGF_00285
PgCG_00628	core_gene	Y	Y	sufC	Fe-S cluster assembly ATPase SufC	Metabolic Homeostasis	O	COG0396	Core	5/5								PgCG_00628	W83	HCNEGF_00242	UniRef90_A0A099WQ58	753	250	W83__HCNEGF_00242
PgCG_00629	core_gene	Y	Y	sufB	Fe-S cluster assembly protein SufB	Metabolic Homeostasis	O	COG0719	Core	5/5								PgCG_00629	W83	HCNEGF_00241	UniRef90_Q7MXE2	1446	481	W83__HCNEGF_00241
PgCG_00630	core_gene	Y	Y	sufD	Fe-S cluster assembly protein SufD	Metabolic Homeostasis	O	COG0719	Core	5/5								PgCG_00630	W83	HCNEGF_00243	UniRef90_Q7MXE0	1344	447	W83__HCNEGF_00243
PgCG_00631	core_gene	Y	Y	sufE	Fe-S metabolism associated domain-containing protein	Metabolic Homeostasis	O;J	COG2166	Core	5/5								PgCG_00631	W83	HCNEGF_01996	UniRef90_Q7MT36	426	141	W83__HCNEGF_01996
PgCG_00632	core_gene	Y	Y	paaD	Fe-S protein maturation auxiliary factor PG_1777	Metabolic Homeostasis	O	COG2151	Core	5/5								PgCG_00632	W83	HCNEGF_01634	UniRef90_Q7MTZ9	318	105	W83__HCNEGF_01634
PgCG_00633	core_gene	Y	Y		Ferredoxin	Metabolic Homeostasis	S	COG2768	Core	5/5								PgCG_00633	W83	HCNEGF_00769	UniRef90_Q7MUS0	171	56	W83__HCNEGF_00769
PgCG_00634	core_gene	Y	Y	nuoI	Ferredoxin, 4Fe-4S	Metabolic Homeostasis	C	COG1143	Core	5/5								PgCG_00634	W83	HCNEGF_01669	UniRef90_Q7MTW8	228	75	W83__HCNEGF_01669
PgCG_00635	core_gene	Y	Y	mcr1	Ferredoxin-NADP reductase	Metabolic Homeostasis	H;C	COG0543	Core	5/5								PgCG_00635	W83	HCNEGF_01880	UniRef90_A0A0A2EYA6	792	263	W83__HCNEGF_01880
PgCG_00636	core_gene	Y	Y	hemH	ferrochelatase	Metabolic Homeostasis	H	COG0276	Core	5/5								PgCG_00636	ATCC33277	OHKNAD_00241	UniRef90_Q7MXP4	1287	428	ATCC33277__OHKNAD_00241
PgCG_00637	core_gene	Y	Y		FHA domain protein	Metabolic Homeostasis			Core	5/5								PgCG_00637	W83	HCNEGF_01240	UniRef90_Q7MVW7	573	190	W83__HCNEGF_01240
PgCG_00638	core_gene	Y	Y	citB	FimR protein	Metabolic Homeostasis	T;K	COG2197	Core	5/5	Y	fimR	regulator					PgCG_00638	W83	HCNEGF_00762	UniRef90_A5LFV2	684	227	W83__HCNEGF_00762
PgCG_00639	core_gene	Y	Y	norV	Flavodoxin	Metabolic Homeostasis	C	COG0426	Core	5/5								PgCG_00639	W83	HCNEGF_00726	UniRef90_Q7MW42	1212	403	W83__HCNEGF_00726
PgCG_00640	core_gene	Y	Y	fldA	flavodoxin	Metabolic Homeostasis	C	COG0716	Core	5/5								PgCG_00640	W83	HCNEGF_01707	UniRef90_Q7MTT3	498	165	W83__HCNEGF_01707
PgCG_00641	core_gene	Y	Y	fda	fructose bisphosphate aldolase	Metabolic Homeostasis	G	COG3588	Core	5/5								PgCG_00641	W83	HCNEGF_01614	UniRef90_P60053	882	293	W83__HCNEGF_01614
PgCG_00642	core_gene	Y	Y	fbp	Fructose-1,6-bisphosphatase class 3	Metabolic Homeostasis	G	COG3855	Core	5/5								PgCG_00642	W83	HCNEGF_00715	UniRef90_B2RIZ0	1998	665	W83__HCNEGF_00715
PgCG_00643	core_gene	Y	Y	fsa	fructose-6-phosphate aldolase	Metabolic Homeostasis	G	COG0176	Core	5/5								PgCG_00643	W83	HCNEGF_00218	UniRef90_Q7MXG0	663	220	W83__HCNEGF_00218
PgCG_00644	core_gene	Y	Y	ttdA	Fumarate hydratase class I	Metabolic Homeostasis	C	COG1951	Core	5/5								PgCG_00644	W83	HCNEGF_00773	UniRef90_Q7MUS2	1647	548	W83__HCNEGF_00773
PgCG_00645	core_gene	Y	Y	sdhB	Fumarate reductase, iron-sulfur protein	Metabolic Homeostasis	C	COG0479	Core	5/5								PgCG_00645	W83	HCNEGF_01488	UniRef90_Q7MUB7	756	251	W83__HCNEGF_01488
PgCG_00646	core_gene	Y	Y	galK	galactokinase	Metabolic Homeostasis	G	COG0153	Core	5/5								PgCG_00646	W83	HCNEGF_01504	UniRef90_Q7MUA3	1155	384	W83__HCNEGF_01504
PgCG_00647	core_gene	Y	Y	wcaJ	Galactose-1-phosphate transferase	Metabolic Homeostasis	M	COG2148	Core	5/5	Y	wbaP	LPS					PgCG_00647	W83	HCNEGF_01817	UniRef90_B2RM20	1407	468	W83__HCNEGF_01817
PgCG_00648	core_gene	Y	Y	wcaG	GDP-L-fucose synthase	Metabolic Homeostasis	M	COG0451	Core	5/5								PgCG_00648	W83	HCNEGF_00892	UniRef90_Q7MV22	1074	357	W83__HCNEGF_00892
PgCG_00649	core_gene	Y	Y	gmd	GDP-mannose 4,6-dehydratase	Metabolic Homeostasis	M	COG1089	Core	5/5								PgCG_00649	W83	HCNEGF_00893	UniRef90_B2RJQ2	1098	365	W83__HCNEGF_00893
PgCG_00650	core_gene	Y	Y		GH3 auxin-responsive promoter	Metabolic Homeostasis			Core	5/5								PgCG_00650	W83	HCNEGF_01581	UniRef90_A0A0A2FA67	1512	503	W83__HCNEGF_01581
PgCG_00651	core_gene	Y	Y		GH92 family glycosyl hydrolase	Metabolic Homeostasis	G	COG3537	Core	5/5								PgCG_00651	W83	HCNEGF_01575	UniRef90_A0AAF0BA19	2346	781	W83__HCNEGF_01575
PgCG_00652	core_gene	Y	Y		GH92 family glycosyl hydrolase	Metabolic Homeostasis	G	COG3537	Core	5/5								PgCG_00652	W83	HCNEGF_01247	UniRef90_A0AAE9XHV8	2226	741	W83__HCNEGF_01247
PgCG_00653	core_gene	Y	Y		GH92 family glycosyl hydrolase	Metabolic Homeostasis	G	COG3537	Core	5/5								PgCG_00653	W83	HCNEGF_01181	UniRef90_A0AAE9X997	2316	771	W83__HCNEGF_01181
PgCG_00654	core_gene	Y	Y	gldB	Gliding motility protein GldB	Metabolic Homeostasis			Core	5/5								PgCG_00654	W83	HCNEGF_01268	UniRef90_A0A0A2FWL0	912	303	W83__HCNEGF_01268
PgCG_00655	core_gene	Y	Y	gldH	Gliding motility protein GldH	Metabolic Homeostasis			Core	5/5								PgCG_00655	W83	HCNEGF_00365	UniRef90_A0A099WX06	531	176	W83__HCNEGF_00365
PgCG_00656	core_gene	Y	Y	gldN	Gliding motility protein GldN	Metabolic Homeostasis	N;U	COG6066	Core	5/5								PgCG_00656	W83	HCNEGF_00269	UniRef90_Q7MXB4	1080	359	W83__HCNEGF_00269
PgCG_00657	core_gene	Y	Y		GLPGLI family protein	Metabolic Homeostasis			Core	5/5								PgCG_00657	W83	HCNEGF_00398	UniRef90_Q7MWZ0	876	291	W83__HCNEGF_00398
PgCG_00658	core_gene	Y	Y	lmbE	Glucosamine-6-phosphate deaminase	Metabolic Homeostasis	G	COG2120	Core	5/5								PgCG_00658	W83	HCNEGF_00895	UniRef90_A0A0A2F3B3	1989	662	W83__HCNEGF_00895
PgCG_00659	core_gene	Y	Y	nagB	glucosamine-6-phosphate deaminase	Metabolic Homeostasis	G	COG0363	Core	5/5								PgCG_00659	W83	HCNEGF_00725	UniRef90_B2RJ01	792	263	W83__HCNEGF_00725
PgCG_00660	core_gene	Y	Y	rfbA	glucose-1-phosphate thymidylyltransferase RfbA	Metabolic Homeostasis	M	COG1209	Core	5/5								PgCG_00660	W83	HCNEGF_01441	UniRef90_Q7MUG0	870	289	W83__HCNEGF_01441
PgCG_00661	core_gene	Y	Y	pgi	glucose-6-phosphate isomerase	Metabolic Homeostasis	G	COG0166	Core	5/5								PgCG_00661	W83	HCNEGF_00818	UniRef90_Q7MUV9	1338	445	W83__HCNEGF_00818
PgCG_00662	core_gene	Y	Y	ftcD	glutamate formimidoyltransferase	Metabolic Homeostasis	E	COG3643	Core	5/5								PgCG_00662	W83	HCNEGF_00304	UniRef90_A0A254MT13	903	300	W83__HCNEGF_00304
PgCG_00663	core_gene	Y	Y	murI	glutamate racemase	Metabolic Homeostasis	M	COG0796	Core	5/5								PgCG_00663	W83	HCNEGF_00634	UniRef90_Q7MWC3	927	308	W83__HCNEGF_00634
PgCG_00664	core_gene	Y	Y	guaA	glutamine-hydrolyzing GMP synthase	Metabolic Homeostasis	F	COG0519	Core	5/5								PgCG_00664	W83	HCNEGF_00530	UniRef90_B2RIF9	1521	506	W83__HCNEGF_00530
PgCG_00665	core_gene	Y	Y	ldhA	Glycerate dehydrogenase	Metabolic Homeostasis	C;H;R	COG1052	Core	5/5								PgCG_00665	W83	HCNEGF_00979	UniRef90_Q7MV92	954	317	W83__HCNEGF_00979
PgCG_00666	core_gene	Y	Y		Glycerate kinase	Metabolic Homeostasis			Core	5/5								PgCG_00666	W83	HCNEGF_01710	UniRef90_Q7MTT0	171	56	W83__HCNEGF_01710
PgCG_00667	core_gene	Y	Y		Glycerate kinase family protein	Metabolic Homeostasis			Core	5/5								PgCG_00667	W83	HCNEGF_01708	UniRef90_Q7MTT2	1161	386	W83__HCNEGF_01708
PgCG_00668	core_gene	Y	Y	tagD	Glycerol-3-phosphate cytidylyltransferase	Metabolic Homeostasis	M	COG0615	Core	5/5								PgCG_00668	W83	HCNEGF_01914	UniRef90_Q7MTA7	459	152	W83__HCNEGF_01914
PgCG_00669	core_gene	Y	Y	gpsA	Glycerol-3-phosphate dehydrogenase	Metabolic Homeostasis	C	COG0240	Core	5/5								PgCG_00669	W83	HCNEGF_00817	UniRef90_Q7MUV8	1005	334	W83__HCNEGF_00817
PgCG_00670	core_gene	Y	Y	kbl	glycine C-acetyltransferase	Metabolic Homeostasis	H	COG0156	Core	5/5								PgCG_00670	W83	HCNEGF_00435	UniRef90_A0A099WSQ5	1191	396	W83__HCNEGF_00435
PgCG_00671	core_gene	Y	Y	gcvT	glycine cleavage system aminomethyltransferase GcvT	Metabolic Homeostasis	E	COG0404	Core	5/5								PgCG_00671	W83	HCNEGF_01437	UniRef90_Q7MUG4	1089	362	W83__HCNEGF_01437
PgCG_00672	core_gene	Y	Y	gcvH	glycine cleavage system protein GcvH	Metabolic Homeostasis	E	COG0509	Core	5/5								PgCG_00672	W83	HCNEGF_01204	UniRef90_Q7MVT9	381	126	W83__HCNEGF_01204
PgCG_00673	core_gene	Y	Y	mviM	Glycosyl hydrolase family 109 protein	Metabolic Homeostasis	R	COG0673	Core	5/5	Y	vimA	Vim_biogenesis					PgCG_00673	W83	HCNEGF_00597	UniRef90_Q7MWF4	1488	495	W83__HCNEGF_00597
PgCG_00674	core_gene	Y	Y	rfe	Glycosyl transferase family 4	Metabolic Homeostasis	M	COG0472	Core	5/5								PgCG_00674	W83	HCNEGF_00104	UniRef90_B2RH97	1107	368	W83__HCNEGF_00104
PgCG_00675	core_gene	Y	Y	rfaB	Glycosyl transferase, group 1 family protein	Metabolic Homeostasis	M	COG0438	Core	5/5								PgCG_00675	W83	HCNEGF_00840	UniRef90_Q7MUX9	1272	423	W83__HCNEGF_00840
PgCG_00676	core_gene	Y	Y	rfaB	Glycosyl transferase, group 1 family protein	Metabolic Homeostasis	M	COG0438	Core	5/5								PgCG_00676	W83	HCNEGF_01550	UniRef90_Q7MU73	1251	416	W83__HCNEGF_01550
PgCG_00677	core_gene	Y	Y	rfaB	Glycosyl transferase, group 1 family protein	Metabolic Homeostasis	M	COG0438	Core	5/5	Y	gtfB	glycosyltransferase					PgCG_00677	W83	HCNEGF_01014	UniRef90_Q7MVC4	1128	375	W83__HCNEGF_01014
PgCG_00678	core_gene	Y	Y	wcaE	Glycosyl transferase, group 2 family protein	Metabolic Homeostasis	G	COG1216	Core	5/5	Y	gtfC	glycosyltransferase					PgCG_00678	W83	HCNEGF_00246	UniRef90_Q7MXD7	1068	355	W83__HCNEGF_00246
PgCG_00679	core_gene	Y	Y	wcaA	Glycosyl transferase, group 2 family protein	Metabolic Homeostasis	M	COG0463	Core	5/5								PgCG_00679	W83	HCNEGF_00674	UniRef90_Q7MW87	810	269	W83__HCNEGF_00674
PgCG_00680	core_gene	Y	Y	wcaE	Glycosyl transferase, group 2 family protein	Metabolic Homeostasis	G	COG1216	Core	5/5	Y	gtfD	glycosyltransferase					PgCG_00680	W83	HCNEGF_01022	UniRef90_Q7MVD0	861	286	W83__HCNEGF_01022
PgCG_00681	core_gene	Y	Y	wcaA	Glycosyl transferase, group 2 family protein	Metabolic Homeostasis	M	COG0463	Core	5/5								PgCG_00681	W83	HCNEGF_00308	UniRef90_Q7MX77	960	319	W83__HCNEGF_00308
PgCG_00682	core_gene	Y	Y	wcaA	Glycosyl transferase, group 2 family protein	Metabolic Homeostasis	M	COG0463	Core	5/5								PgCG_00682	W83	HCNEGF_00287	UniRef90_Q7MX98	954	317	W83__HCNEGF_00287
PgCG_00683	core_gene	Y	Y	rfaB	Glycosyltransferase	Metabolic Homeostasis	M	COG0438	Core	5/5								PgCG_00683	W83	HCNEGF_01117	UniRef90_A0AAE9XAV5	1647	548	W83__HCNEGF_01117
PgCG_00684	core_gene	Y	Y	rfaB	Glycosyltransferase	Metabolic Homeostasis	M	COG0438	Core	5/5								PgCG_00684	W83	HCNEGF_01262	UniRef90_A0AAE9XH74	1251	416	W83__HCNEGF_01262
PgCG_00685	core_gene	Y	Y	wcaE	Glycosyltransferase	Metabolic Homeostasis	G	COG1216	Core	5/5								PgCG_00685	W83	HCNEGF_01725	UniRef90_A0AAE9XB50	1011	336	W83__HCNEGF_01725
PgCG_00686	core_gene	Y	Y	eis	GNAT family N-acetyltransferase	Metabolic Homeostasis	R	COG4552	Core	5/5								PgCG_00686	W83	HCNEGF_01691	UniRef90_A0AAE9XFE7	1020	339	W83__HCNEGF_01691
PgCG_00687	core_gene	Y	Y	folE	GTP cyclohydrolase I FolE	Metabolic Homeostasis	H	COG0302	Core	5/5								PgCG_00687	W83	HCNEGF_00562	UniRef90_Q7MWI5	582	193	W83__HCNEGF_00562
PgCG_00688	core_gene	Y	Y	spoT	GTP pyrophosphokinase	Metabolic Homeostasis	T;K	COG0317	Core	5/5								PgCG_00688	W83	HCNEGF_01517	UniRef90_B2RHY9	2241	746	W83__HCNEGF_01517
PgCG_00689	core_gene	Y	Y	era	GTPase Era	Metabolic Homeostasis	J	COG1159	Core	5/5								PgCG_00689	W83	HCNEGF_01981	UniRef90_Q7MT49	900	299	W83__HCNEGF_01981
PgCG_00690	core_gene	Y	Y	hflX	GTPase HflX	Metabolic Homeostasis	J	COG2262	Core	5/5								PgCG_00690	W83	HCNEGF_01730	UniRef90_Q7MTR0	1221	406	W83__HCNEGF_01730
PgCG_00691	core_gene	Y	Y	obgE	GTPase ObgE	Metabolic Homeostasis	D;L	COG0536	Core	5/5								PgCG_00691	W83	HCNEGF_00711	UniRef90_Q7MW55	1185	394	W83__HCNEGF_00711
PgCG_00692	core_gene	Y	Y	gtrA	GtrA family protein	Metabolic Homeostasis	I	COG2246	Core	5/5								PgCG_00692	W83	HCNEGF_01235	UniRef90_Q7MVW3	396	131	W83__HCNEGF_01235
PgCG_00693	core_gene	Y	Y	spoT	Guanosine-3',5'-bis(Diphosphate) 3'-pyrophosphohydrolase	Metabolic Homeostasis	T;K	COG0317	Core	5/5								PgCG_00693	W83	HCNEGF_01663	UniRef90_Q7MAV5	2289	762	W83__HCNEGF_01663
PgCG_00694	core_gene	Y	Y	gmk	guanylate kinase	Metabolic Homeostasis	F	COG0194	Core	5/5								PgCG_00694	W83	HCNEGF_00460	UniRef90_Q7MWS7	567	188	W83__HCNEGF_00460
PgCG_00695	core_gene	Y	Y	serB	HAD-superfamily subfamily IB hydrolase, TIGR01490	Metabolic Homeostasis	E	COG0560	Core	5/5								PgCG_00695	W83	HCNEGF_00456	UniRef90_Q7MWT1	603	200	W83__HCNEGF_00456
PgCG_00696	core_gene	Y	Y	yigB	Haloacid dehalogenase	Metabolic Homeostasis	H	COG1011	Core	5/5								PgCG_00696	W83	HCNEGF_00652	UniRef90_B2RIT1	627	208	W83__HCNEGF_00652
PgCG_00697	core_gene	Y	Y		Hemolysin	Metabolic Homeostasis			Core	5/5								PgCG_00697	W83	HCNEGF_01720	UniRef90_B2RLS6	975	324	W83__HCNEGF_01720
PgCG_00698	core_gene	Y	Y	tcdA	HesA/MoeB/ThiF family protein	Metabolic Homeostasis	J	COG1179	Core	5/5								PgCG_00698	W83	HCNEGF_01560	UniRef90_Q7MU64	750	249	W83__HCNEGF_01560
PgCG_00699	core_gene	Y	Y	hutH	histidine ammonia-lyase	Metabolic Homeostasis	E	COG2986	Core	5/5								PgCG_00699	W83	HCNEGF_00299	UniRef90_Q7MX86	1494	497	W83__HCNEGF_00299
PgCG_00700	core_gene	Y	Y	hupA	Histidinol phosphate aminotransferase	Metabolic Homeostasis	B	COG0776	Core	5/5								PgCG_00700	W83	HCNEGF_00797	UniRef90_A0A0A2F3L5	459	152	W83__HCNEGF_00797
PgCG_00701	core_gene	Y	Y	hupA	Histidinol phosphate aminotransferase	Metabolic Homeostasis	B	COG0776	Core	5/5								PgCG_00701	W83	HCNEGF_00211	UniRef90_A0A0A2F8E7	468	155	W83__HCNEGF_00211
PgCG_00702	core_gene	Y	Y		Histidinol phosphate aminotransferase	Metabolic Homeostasis			Core	5/5								PgCG_00702	W83	HCNEGF_00511	UniRef90_A0A0A2FWH9	507	168	W83__HCNEGF_00511
PgCG_00703	core_gene	Y	Y	hinT	HIT family protein	Metabolic Homeostasis	F;R	COG0537	Core	5/5								PgCG_00703	W83	HCNEGF_01555	UniRef90_Q7MU69	390	129	W83__HCNEGF_01555
PgCG_00704	core_gene	Y	Y	degQ	HtrA protein	Metabolic Homeostasis	O	COG0265	Core	5/5	Y	htrA	protease_other					PgCG_00704	W83	HCNEGF_00535	UniRef90_Q7MWL5	1497	498	W83__HCNEGF_00535
PgCG_00705	core_gene	Y	Y	tatD	Hydrolase TatD	Metabolic Homeostasis	N	COG0084	Core	5/5								PgCG_00705	W83	HCNEGF_00191	UniRef90_B2RHI1	714	237	W83__HCNEGF_00191
PgCG_00706	core_gene	Y	Y	nit1	Hydrolase, carbon-nitrogen family	Metabolic Homeostasis	V	COG0388	Core	5/5								PgCG_00706	W83	HCNEGF_00831	UniRef90_Q7MUX3	822	273	W83__HCNEGF_00831
PgCG_00707	core_gene	Y	Y	ycjU	Hydrolase, haloacid dehalogenase-like family	Metabolic Homeostasis	G	COG0637	Core	5/5								PgCG_00707	W83	HCNEGF_00320	UniRef90_Q7MX65	753	250	W83__HCNEGF_00320
PgCG_00708	core_gene	Y	Y	hcp	hydroxylamine reductase	Metabolic Homeostasis	C	COG1151	Core	5/5								PgCG_00708	W83	HCNEGF_01256	UniRef90_Q7MVY0	1641	546	W83__HCNEGF_01256
PgCG_00709	core_gene	Y	Y	hptA	Hypoxanthine phosphoribosyltransferase	Metabolic Homeostasis	F	COG0634	Core	5/5								PgCG_00709	W83	HCNEGF_00713	UniRef90_Q7MW53	537	178	W83__HCNEGF_00713
PgCG_00710	core_gene	Y	Y	hutI	imidazolonepropionase	Metabolic Homeostasis	Q	COG1228	Core	5/5								PgCG_00710	W83	HCNEGF_00303	UniRef90_Q7MX82	1251	416	W83__HCNEGF_00303
PgCG_00711	core_gene	Y	Y		Immunity protein 17	Metabolic Homeostasis			Core	5/5								PgCG_00711	W83	HCNEGF_01227	UniRef90_Q7MVV6	228	75	W83__HCNEGF_01227
PgCG_00712	core_gene	Y	Y	cBS	IMP dehydrogenase	Metabolic Homeostasis	T	COG0517	Core	5/5								PgCG_00712	W83	HCNEGF_00472	UniRef90_A0A0A2F8B5	1497	498	W83__HCNEGF_00472
PgCG_00713	core_gene	Y	Y	iorA	Indolepyruvate oxidoreductase subunit IorA	Metabolic Homeostasis	C	COG4231	Core	5/5								PgCG_00713	W83	HCNEGF_00607	UniRef90_Q7MWE7	1608	535	W83__HCNEGF_00607
PgCG_00714	core_gene	Y	Y	yopM	Internalin	Metabolic Homeostasis	U	COG4886	Core	5/5	Y	inlJ	adhesin_other					PgCG_00714	W83	HCNEGF_00321	UniRef90_B2RL85	1455	484	W83__HCNEGF_00321
PgCG_00715	core_gene	Y	Y	rnfA	Ion-translocating oxidoreductase complex subunit A	Metabolic Homeostasis	C	COG4657	Core	5/5								PgCG_00715	W83	HCNEGF_00284	UniRef90_Q7MXA1	573	190	W83__HCNEGF_00284
PgCG_00716	core_gene	Y	Y	rnfD	Ion-translocating oxidoreductase complex subunit D	Metabolic Homeostasis	C	COG4658	Core	5/5								PgCG_00716	W83	HCNEGF_00281	UniRef90_Q7MXA4	984	327	W83__HCNEGF_00281
PgCG_00717	core_gene	Y	Y	rnfE	Ion-translocating oxidoreductase complex subunit E	Metabolic Homeostasis	C	COG4660	Core	5/5								PgCG_00717	W83	HCNEGF_00283	UniRef90_Q7MXA2	591	196	W83__HCNEGF_00283
PgCG_00718	core_gene	Y	Y	rnfG	Ion-translocating oxidoreductase complex subunit G	Metabolic Homeostasis	C	COG4659	Core	5/5								PgCG_00718	W83	HCNEGF_00282	UniRef90_Q7MXA3	648	215	W83__HCNEGF_00282
PgCG_00719	core_gene	Y	Y	yqdH	Iron-containing alcohol dehydrogenase	Metabolic Homeostasis	C	COG1979	Core	5/5								PgCG_00719	W83	HCNEGF_01012	UniRef90_B2RK76	1149	382	W83__HCNEGF_01012
PgCG_00720	core_gene	Y	Y	mrp	Iron-sulfur cluster carrier protein	Metabolic Homeostasis	D	COG0489	Core	5/5								PgCG_00720	W83	HCNEGF_01194	UniRef90_Q7MVT0	1119	372	W83__HCNEGF_01194
PgCG_00721	core_gene	Y	Y	uppS	isoprenyl transferase	Metabolic Homeostasis	I	COG0020	Core	5/5								PgCG_00721	W83	HCNEGF_00183	UniRef90_Q7MXJ4	765	254	W83__HCNEGF_00183
PgCG_00722	core_gene	Y	Y	ypbQ	Isoprenylcysteine carboxyl methyltransferase family protein	Metabolic Homeostasis	S	COG1755	Core	5/5								PgCG_00722	W83	HCNEGF_01715	UniRef90_B2RLS1	522	173	W83__HCNEGF_01715
PgCG_00723	core_gene	Y	Y	eCM27	K+-dependent Na+/Ca+ exchanger related-protein	Metabolic Homeostasis	P	COG0530	Core	5/5								PgCG_00723	W83	HCNEGF_01118	UniRef90_Q7MVL3	954	317	W83__HCNEGF_01118
PgCG_00724	core_gene	Y	Y	nadB	L-aspartate oxidase	Metabolic Homeostasis	H	COG0029	Core	5/5								PgCG_00724	W83	HCNEGF_01450	UniRef90_Q7MUF2	1557	518	W83__HCNEGF_01450
PgCG_00725	core_gene	Y	Y	pruA	L-glutamate gamma-semialdehyde dehydrogenase	Metabolic Homeostasis	I	COG1012	Core	5/5								PgCG_00725	W83	HCNEGF_00907	UniRef90_A0A2U1FKG9	1632	543	W83__HCNEGF_00907
PgCG_00726	core_gene	Y	Y	sdaA	L-serine ammonia-lyase	Metabolic Homeostasis	E	COG1760	Core	5/5								PgCG_00726	W83	HCNEGF_00078	UniRef90_Q7MXS6	1200	399	W83__HCNEGF_00078
PgCG_00727	core_gene	Y	Y	tsaC	L-threonylcarbamoyladenylate synthase	Metabolic Homeostasis	J	COG0009	Core	5/5								PgCG_00727	W83	HCNEGF_01557	UniRef90_B2RHU6	603	200	W83__HCNEGF_01557
PgCG_00728	core_gene	Y	Y	tsaC	L-threonylcarbamoyladenylate synthase	Metabolic Homeostasis	J	COG0009	Core	5/5								PgCG_00728	W83	HCNEGF_01816	UniRef90_Q7MTJ2	576	191	W83__HCNEGF_01816
PgCG_00729	core_gene	Y	Y	mscL	large-conductance mechanosensitive channel protein MscL	Metabolic Homeostasis	M	COG1970	Core	5/5								PgCG_00729	W83	HCNEGF_00857	UniRef90_Q7MUZ1	420	139	W83__HCNEGF_00857
PgCG_00730	core_gene	Y	Y	lemA	LemA protein	Metabolic Homeostasis	M	COG1704	Core	5/5								PgCG_00730	W83	HCNEGF_00328	UniRef90_Q7MX55	591	196	W83__HCNEGF_00328
PgCG_00731	core_gene	Y	Y		Lipase	Metabolic Homeostasis			Core	5/5								PgCG_00731	W83	HCNEGF_00982	UniRef90_Q7MV94	1392	463	W83__HCNEGF_00982
PgCG_00732	core_gene	Y	Y	lipA	lipoyl synthase	Metabolic Homeostasis	H	COG0320	Core	5/5								PgCG_00732	W83	HCNEGF_00454	UniRef90_Q7MWT4	849	282	W83__HCNEGF_00454
PgCG_00733	core_gene	Y	Y	ablA	lysine 2,3-aminomutase	Metabolic Homeostasis	E	COG1509	Core	5/5								PgCG_00733	W83	HCNEGF_01092	UniRef90_A0A2U1FPE1	1251	416	W83__HCNEGF_01092
PgCG_00734	core_gene	Y	Y	yifB	Magnesium chelatase, subunit D/I family	Metabolic Homeostasis	O	COG0606	Core	5/5								PgCG_00734	W83	HCNEGF_01626	UniRef90_Q7MU07	1590	529	W83__HCNEGF_01626
PgCG_00735	core_gene	Y	Y	bioC	malonyl-ACP O-methyltransferase BioC	Metabolic Homeostasis	H;J	COG2226	Core	5/5								PgCG_00735	W83	HCNEGF_01492	UniRef90_Q7MUB2	768	255	W83__HCNEGF_01492
PgCG_00736	core_gene	Y	Y	glgP	Maltodextrin phosphorylase	Metabolic Homeostasis	G	COG0058	Core	5/5								PgCG_00736	W83	HCNEGF_00628	UniRef90_Q7MWC9	2571	856	W83__HCNEGF_00628
PgCG_00737	core_gene	Y	Y	manA	mannose-6-phosphate isomerase, class I	Metabolic Homeostasis	G	COG1482	Core	5/5								PgCG_00737	W83	HCNEGF_00424	UniRef90_Q7MWW6	1011	336	W83__HCNEGF_00424
PgCG_00738	core_gene	Y	Y	rfaB	Mannosyltransferase	Metabolic Homeostasis	M	COG0438	Core	5/5								PgCG_00738	W83	HCNEGF_00126	UniRef90_Q7MXP2	1125	374	W83__HCNEGF_00126
PgCG_00739	core_gene	Y	Y	lipB	MBL fold metallo-hydrolase	Metabolic Homeostasis	P	COG1235	Core	5/5								PgCG_00739	W83	HCNEGF_00842	UniRef90_Q7MUY1	1479	492	W83__HCNEGF_00842
PgCG_00740	core_gene	Y	Y	mscS	Mechanosensitive ion channel protein MscS	Metabolic Homeostasis	M	COG3264	Core	5/5								PgCG_00740	W83	HCNEGF_01820	UniRef90_Q7MTJ0	999	332	W83__HCNEGF_01820
PgCG_00741	core_gene	Y	Y	gloB	Metallo-beta-lactamase family protein	Metabolic Homeostasis	R	COG0491	Core	5/5								PgCG_00741	W83	HCNEGF_00879	UniRef90_Q7MV11	645	214	W83__HCNEGF_00879
PgCG_00742	core_gene	Y	Y	pspE	Metallo-beta-lactamase superfamily protein	Metabolic Homeostasis	P	COG0607	Core	5/5								PgCG_00742	W83	HCNEGF_01447	UniRef90_Q7MUF5	1416	471	W83__HCNEGF_01447
PgCG_00743	core_gene	Y	Y	phnP	Metallo-beta-lactamase superfamily protein	Metabolic Homeostasis	P	COG1235	Core	5/5								PgCG_00743	W83	HCNEGF_01962	UniRef90_Q7MT64	810	269	W83__HCNEGF_01962
PgCG_00744	core_gene	Y	Y	cpdA	Metallophosphoesterase family protein	Metabolic Homeostasis	T	COG1409	Core	5/5								PgCG_00744	W83	HCNEGF_00315	UniRef90_A0AAE9X645	1470	489	W83__HCNEGF_00315
PgCG_00745	core_gene	Y	Y	metK	methionine adenosyltransferase	Metabolic Homeostasis	H	COG0192	Core	5/5								PgCG_00745	W83	HCNEGF_01745	UniRef90_Q7MTQ0	1290	429	W83__HCNEGF_01745
PgCG_00746	core_gene	Y	Y	megL	methionine gamma-lyase	Metabolic Homeostasis	E	COG0626	Core	5/5								PgCG_00746	W83	HCNEGF_00314	UniRef90_Q7MX71	1182	393	W83__HCNEGF_00314
PgCG_00747	core_gene	Y	Y	meaB	methylmalonyl Co-A mutase-associated GTPase MeaB	Metabolic Homeostasis	O	COG1703	Core	5/5								PgCG_00747	W83	HCNEGF_00296	UniRef90_A0A134DRQ3	1107	368	W83__HCNEGF_00296
PgCG_00748	core_gene	Y	Y	mmdA	Methylmalonyl-CoA decarboxylase, alpha subunit	Metabolic Homeostasis	I	COG4799	Core	5/5								PgCG_00748	W83	HCNEGF_01486	UniRef90_Q7MUB9	1554	517	W83__HCNEGF_01486
PgCG_00749	core_gene	Y	Y	oadB	Methylmalonyl-CoA decarboxylase, beta subunit	Metabolic Homeostasis	C	COG1883	Core	5/5								PgCG_00749	W83	HCNEGF_01482	UniRef90_Q7MUC3	1152	383	W83__HCNEGF_01482
PgCG_00750	core_gene	Y	Y	pccA	Methylmalonyl-CoA decarboxylase, gamma subunit	Metabolic Homeostasis	I	COG4770	Core	5/5								PgCG_00750	W83	HCNEGF_01483	UniRef90_Q7MUC2	435	144	W83__HCNEGF_01483
PgCG_00751	core_gene	Y	Y	mce	methylmalonyl-CoA epimerase	Metabolic Homeostasis	E;R	COG3185	Core	5/5								PgCG_00751	W83	HCNEGF_01487	UniRef90_Q7MUB8	405	134	W83__HCNEGF_01487
PgCG_00752	core_gene	Y	Y	scpA	methylmalonyl-CoA mutase	Metabolic Homeostasis	I	COG2185	Core	5/5								PgCG_00752	W83	HCNEGF_01523	UniRef90_Q59677	2148	715	W83__HCNEGF_01523
PgCG_00753	core_gene	Y	Y	mutA	methylmalonyl-CoA mutase small subunit	Metabolic Homeostasis	I	COG2185	Core	5/5								PgCG_00753	W83	HCNEGF_01522	UniRef90_Q59676	1857	618	W83__HCNEGF_01522
PgCG_00754	core_gene	Y	Y	mmcQ	MmcQ-like protein	Metabolic Homeostasis	K	COG2315	Core	5/5								PgCG_00754	W83	HCNEGF_01477	UniRef90_Q7MUC7	381	126	W83__HCNEGF_01477
PgCG_00755	core_gene	Y	Y		Mpv17 / PMP22 family protein	Metabolic Homeostasis			Core	5/5								PgCG_00755	W83	HCNEGF_00681	UniRef90_Q7MW83	648	215	W83__HCNEGF_00681
PgCG_00756	core_gene	Y	Y	murQ	N-acetylmuramic acid 6-phosphate etherase	Metabolic Homeostasis	M	COG2103	Core	5/5								PgCG_00756	W83	HCNEGF_01064	UniRef90_Q7MVG5	825	274	W83__HCNEGF_01064
PgCG_00757	core_gene	Y	Y	ampD	N-acetylmuramoyl-L-alanine amidase	Metabolic Homeostasis	M	COG3023	Core	5/5								PgCG_00757	W83	HCNEGF_01884	UniRef90_A0AAE9X6J1	450	149	W83__HCNEGF_01884
PgCG_00758	core_gene	Y	Y	purE	N5-carboxyaminoimidazole ribonucleotide mutase	Metabolic Homeostasis	F	COG0041	Core	5/5								PgCG_00758	W83	HCNEGF_01203	UniRef90_Q7MVT8	507	168	W83__HCNEGF_01203
PgCG_00759	core_gene	Y	Y	nqrC	Na(+)-translocating NADH-quinone reductase subunit C	Metabolic Homeostasis	C	COG2869	Core	5/5								PgCG_00759	W83	HCNEGF_02019	UniRef90_Q7MT19	735	244	W83__HCNEGF_02019
PgCG_00760	core_gene	Y	Y	nhaA	Na+/H+ antiporter NhaA	Metabolic Homeostasis	C;P	COG3004	Core	5/5								PgCG_00760	W83	HCNEGF_01722	UniRef90_B2RLS8	1359	452	W83__HCNEGF_01722
PgCG_00761	core_gene	Y	Y	nadK	NAD kinase	Metabolic Homeostasis	H	COG0061	Core	5/5								PgCG_00761	W83	HCNEGF_00566	UniRef90_Q51841	867	288	W83__HCNEGF_00566
PgCG_00762	core_gene	Y	Y	nit1	NAD(+) synthase	Metabolic Homeostasis	V	COG0388	Core	5/5								PgCG_00762	W83	HCNEGF_00478	UniRef90_Q7MWR3	1944	647	W83__HCNEGF_00478
PgCG_00763	core_gene	Y	Y	mdaB	NAD(P)H dehydrogenase, quinone family, putative	Metabolic Homeostasis	R	COG2249	Core	5/5								PgCG_00763	W83	HCNEGF_01672	UniRef90_Q7MTW5	522	173	W83__HCNEGF_01672
PgCG_00764	core_gene	Y	Y	eutG	NAD-dependent 4-hydroxybutyrate dehydrogenase	Metabolic Homeostasis	C	COG1454	Core	5/5								PgCG_00764	W83	HCNEGF_00621	UniRef90_Q7MWD4	1116	371	W83__HCNEGF_00621
PgCG_00765	core_gene	Y	Y	sIR2	NAD-dependent protein deacylase	Metabolic Homeostasis	O	COG0846	Core	5/5								PgCG_00765	W83	HCNEGF_00004	UniRef90_B2RGM8	705	234	W83__HCNEGF_00004
PgCG_00766	core_gene	Y	Y	nqrA	NADH:ubiquinone reductase (Na(+)-transporting) subunit A	Metabolic Homeostasis	C	COG1726	Core	5/5								PgCG_00766	W83	HCNEGF_02021	UniRef90_F5HFB1	1356	451	W83__HCNEGF_02021
PgCG_00767	core_gene	Y	Y	nqrB	NADH:ubiquinone reductase (Na(+)-transporting) subunit B	Metabolic Homeostasis	C	COG1805	Core	5/5								PgCG_00767	W83	HCNEGF_02020	UniRef90_B2RGY9	1200	399	W83__HCNEGF_02020
PgCG_00768	core_gene	Y	Y	nqrD	NADH:ubiquinone reductase (Na(+)-transporting) subunit D	Metabolic Homeostasis	C	COG1347	Core	5/5								PgCG_00768	W83	HCNEGF_02018	UniRef90_Q7MT20	630	209	W83__HCNEGF_02018
PgCG_00769	core_gene	Y	Y	nqrE	NADH:ubiquinone reductase (Na(+)-transporting) subunit E	Metabolic Homeostasis	C	COG2209	Core	5/5								PgCG_00769	W83	HCNEGF_02017	UniRef90_Q7MT21	615	204	W83__HCNEGF_02017
PgCG_00770	core_gene	Y	Y	nqrF	NADH:ubiquinone reductase (Na(+)-transporting) subunit F	Metabolic Homeostasis	C	COG2871	Core	5/5								PgCG_00770	W83	HCNEGF_02016	UniRef90_Q7MT22	1239	412	W83__HCNEGF_02016
PgCG_00771	core_gene	Y	Y	sfcA	NADP-dependent malic enzyme	Metabolic Homeostasis	C	COG0281	Core	5/5								PgCG_00771	W83	HCNEGF_00258	UniRef90_Q7MXC5	2616	871	W83__HCNEGF_00258
PgCG_00772	core_gene	Y	Y	gdhA	NADP-specific glutamate dehydrogenase	Metabolic Homeostasis	E	COG0334	Core	5/5								PgCG_00772	W83	HCNEGF_00943	UniRef90_P0C934	1404	467	W83__HCNEGF_00943
PgCG_00773	core_gene	Y	Y	gltA	NADPH-dependent glutamate synthase	Metabolic Homeostasis	E;R	COG0493	Core	5/5								PgCG_00773	W83	HCNEGF_01879	UniRef90_A0AAF0BAH1	1473	490	W83__HCNEGF_01879
PgCG_00774	core_gene	Y	Y	pncA	nicotinamidase	Metabolic Homeostasis	H;R	COG1335	Core	5/5								PgCG_00774	W83	HCNEGF_00610	UniRef90_B2RIN8	513	170	W83__HCNEGF_00610
PgCG_00775	core_gene	Y	Y	nadD	nicotinate (nicotinamide) nucleotide adenylyltransferase	Metabolic Homeostasis	H	COG1057	Core	5/5								PgCG_00775	W83	HCNEGF_00055	UniRef90_Q7MXU9	594	197	W83__HCNEGF_00055
PgCG_00776	core_gene	Y	Y	pncB	nicotinate phosphoribosyltransferase	Metabolic Homeostasis	H	COG1488	Core	5/5								PgCG_00776	W83	HCNEGF_00054	UniRef90_Q7MXV0	1185	394	W83__HCNEGF_00054
PgCG_00777	core_gene	Y	Y	cobT	nicotinate-nucleotide--dimethylbenzimidazole phosphoribosyltransferase	Metabolic Homeostasis	H	COG2038	Core	5/5								PgCG_00777	W83	HCNEGF_00631	UniRef90_B2RIR0	1038	345	W83__HCNEGF_00631
PgCG_00778	core_gene	Y	Y	yqfO	Nif3-like dinuclear metal center hexameric protein	Metabolic Homeostasis	S	COG3323	Core	5/5								PgCG_00778	W83	HCNEGF_01888	UniRef90_Q7MTC6	1095	364	W83__HCNEGF_01888
PgCG_00779	core_gene	Y	Y	nifU	NifU-related protein	Metabolic Homeostasis	O	COG0694	Core	5/5								PgCG_00779	W83	HCNEGF_00623	UniRef90_Q7MWD2	285	94	W83__HCNEGF_00623
PgCG_00780	core_gene	Y	Y		Nitroreductase domain-containing protein	Metabolic Homeostasis			Core	5/5								PgCG_00780	W83	HCNEGF_01153	UniRef90_A0A0E2LPB4	993	330	W83__HCNEGF_01153
PgCG_00781	core_gene	Y	Y	nfnB	Nitroreductase family protein	Metabolic Homeostasis	C	COG0778	Core	5/5								PgCG_00781	W83	HCNEGF_00595	UniRef90_Q7MWF7	555	184	W83__HCNEGF_00595
PgCG_00782	core_gene	Y	Y	nfnB	Nitroreductase family protein	Metabolic Homeostasis	C	COG0778	Core	5/5								PgCG_00782	W83	HCNEGF_00286	UniRef90_Q7MX99	540	179	W83__HCNEGF_00286
PgCG_00783	core_gene	Y	Y	rdgB	non-canonical purine NTP diphosphatase	Metabolic Homeostasis	F	COG0127	Core	5/5								PgCG_00783	W83	HCNEGF_01478	UniRef90_Q7MUC6	585	194	W83__HCNEGF_01478
PgCG_00784	core_gene	Y	Y	mazG	nucleoside triphosphate pyrophosphohydrolase	Metabolic Homeostasis	R	COG3956	Core	5/5								PgCG_00784	W83	HCNEGF_01567	UniRef90_B2RHT6	786	261	W83__HCNEGF_01567
PgCG_00785	core_gene	Y	Y	rmlA1	Nucleotidyltransferase	Metabolic Homeostasis	M	COG1209	Core	5/5								PgCG_00785	W83	HCNEGF_00155	UniRef90_B2RHE6	903	300	W83__HCNEGF_00155
PgCG_00786	core_gene	Y	Y	ymdB	O-acetyl-ADP-ribose deacetylase	Metabolic Homeostasis	J	COG2110	Core	5/5								PgCG_00786	W83	HCNEGF_01636	UniRef90_Q7MTZ7	495	164	W83__HCNEGF_01636
PgCG_00787	core_gene	Y	Y	trmR	O-methyltransferase family protein	Metabolic Homeostasis	J	COG4122	Core	5/5								PgCG_00787	W83	HCNEGF_01593	UniRef90_Q7MU36	633	210	W83__HCNEGF_01593
PgCG_00788	core_gene	Y	Y	ompA	OmpA family protein	Cell Envelope & Morphogenesis	M	COG2885	Core	5/5								PgCG_00788	W83	HCNEGF_01103	UniRef90_F5HF80	2019	672	W83__HCNEGF_01103
PgCG_00789	core_gene	Y	Y	rocD	ornithine--oxo-acid transaminase	Metabolic Homeostasis	E	COG4992	Core	5/5								PgCG_00789	W83	HCNEGF_00905	UniRef90_A0A099WUL9	1230	409	W83__HCNEGF_00905
PgCG_00790	core_gene	Y	Y	pyrE	Orotate phosphoribosyltransferase	Metabolic Homeostasis	F	COG0461	Core	5/5								PgCG_00790	W83	HCNEGF_00832	UniRef90_Q7MUX4	633	210	W83__HCNEGF_00832
PgCG_00791	core_gene	Y	Y	pyrF	orotidine-5'-phosphate decarboxylase	Metabolic Homeostasis	F	COG0284	Core	5/5								PgCG_00791	W83	HCNEGF_00069	UniRef90_B2RME4	831	276	W83__HCNEGF_00069
PgCG_00792	core_gene	Y	Y		Orthopoxovirus protein, PF05708 family	Metabolic Homeostasis			Core	5/5								PgCG_00792	W83	HCNEGF_00385	UniRef90_B2RL17	660	219	W83__HCNEGF_00385
PgCG_00793	core_gene	Y	Y	porB	Oxidoreductase, putative	Metabolic Homeostasis	C	COG1013	Core	5/5								PgCG_00793	W83	HCNEGF_00391	UniRef90_Q7MWZ8	1038	345	W83__HCNEGF_00391
PgCG_00794	core_gene	Y	Y	glpC	Oxidoreductase, putative	Metabolic Homeostasis	C	COG0247	Core	5/5								PgCG_00794	W83	HCNEGF_00996	UniRef90_Q7MVA6	741	246	W83__HCNEGF_00996
PgCG_00795	core_gene	Y	Y	ydfG	Oxidoreductase, short chain dehydrogenase/reductase family	Metabolic Homeostasis	C	COG4221	Core	5/5								PgCG_00795	W83	HCNEGF_00608	UniRef90_Q7MWE6	762	253	W83__HCNEGF_00608
PgCG_00796	core_gene	Y	Y	fabG	Oxidoreductase, short chain dehydrogenase/reductase family	Metabolic Homeostasis	I	COG1028	Core	5/5								PgCG_00796	W83	HCNEGF_01915	UniRef90_Q7MTA6	732	243	W83__HCNEGF_01915
PgCG_00797	core_gene	Y	Y	yqjQ	Oxidoreductase, short chain dehydrogenase/reductase family	Metabolic Homeostasis	R	COG0300	Core	5/5								PgCG_00797	W83	HCNEGF_00952	UniRef90_Q7MV69	726	241	W83__HCNEGF_00952
PgCG_00798	core_gene	Y	Y	coaD	pantetheine-phosphate adenylyltransferase	Metabolic Homeostasis	H	COG0669	Core	5/5								PgCG_00798	W83	HCNEGF_00336	UniRef90_Q7MX47	462	153	W83__HCNEGF_00336
PgCG_00799	core_gene	Y	Y	mrdA	penicillin-binding protein 2	Metabolic Homeostasis	D;M	COG0768	Core	5/5								PgCG_00799	W83	HCNEGF_00794	UniRef90_A0AAE9XBX4	1866	621	W83__HCNEGF_00794
PgCG_00800	core_gene	Y	Y		Peptidase M48 family protein	Metabolic Homeostasis	M;O	COG4783	Core	5/5								PgCG_00800	AJW4	CELAOB_02053	UniRef90_A0A099WUQ2	798	265	AJW4__CELAOB_02053
PgCG_00801	core_gene	Y	Y	def	peptide deformylase	Metabolic Homeostasis	J	COG0242	Core	5/5								PgCG_00801	W83	HCNEGF_02038	UniRef90_Q7MT07	678	225	W83__HCNEGF_02038
PgCG_00802	core_gene	Y	Y	fkpA	Peptidyl-prolyl cis-trans isomerase	Metabolic Homeostasis	O	COG0545	Core	5/5								PgCG_00802	W83	HCNEGF_00640	UniRef90_B2RIR8	588	195	W83__HCNEGF_00640
PgCG_00803	core_gene	Y	Y	fkpA	Peptidyl-prolyl cis-trans isomerase	Metabolic Homeostasis	O	COG0545	Core	5/5								PgCG_00803	W83	HCNEGF_00639	UniRef90_B2RIR7	774	257	W83__HCNEGF_00639
PgCG_00804	core_gene	Y	Y	fkpA	Peptidyl-prolyl cis-trans isomerase	Metabolic Homeostasis	O	COG0545	Core	5/5								PgCG_00804	W83	HCNEGF_00638	UniRef90_B2RIR6	831	276	W83__HCNEGF_00638
PgCG_00805	core_gene	Y	Y	slpA	Peptidyl-prolyl cis-trans isomerase	Metabolic Homeostasis	O	COG1047	Core	5/5								PgCG_00805	W83	HCNEGF_00870	UniRef90_Q7MV03	549	182	W83__HCNEGF_00870
PgCG_00806	core_gene	Y	Y	fkpA	Peptidyl-prolyl cis-trans isomerase	Metabolic Homeostasis	O	COG0545	Core	5/5								PgCG_00806	W83	HCNEGF_02001	UniRef90_B2RH82	558	185	W83__HCNEGF_02001
PgCG_00807	core_gene	Y	Y		Peptidylprolyl isomerase	Metabolic Homeostasis			Core	5/5								PgCG_00807	W83	HCNEGF_00410	UniRef90_Q7MWX7	2148	715	W83__HCNEGF_00410
PgCG_00808	core_gene	Y	Y	surA	Peptidylprolyl isomerase	Metabolic Homeostasis	O	COG0760	Core	5/5								PgCG_00808	W83	HCNEGF_00377	UniRef90_A0A099WVL4	1368	455	W83__HCNEGF_00377
PgCG_00809	core_gene	Y	Y	ppiB	peptidylprolyl isomerase	Metabolic Homeostasis	O	COG0652	Core	5/5								PgCG_00809	W83	HCNEGF_00947	UniRef90_Q7MV65	666	221	W83__HCNEGF_00947
PgCG_00810	core_gene	Y	Y		Periplasmic heavy metal sensor	Metabolic Homeostasis			Core	5/5								PgCG_00810	W83	HCNEGF_00869	UniRef90_Q7MV02	531	176	W83__HCNEGF_00869
PgCG_00811	core_gene	Y	Y	cutC	PF03932 family protein CutC	Metabolic Homeostasis	P	COG3142	Core	5/5								PgCG_00811	W83	HCNEGF_00643	UniRef90_Q7MWB6	747	248	W83__HCNEGF_00643
PgCG_00812	core_gene	Y	Y	ylaK	PhoH family protein	Metabolic Homeostasis	R	COG1875	Core	5/5								PgCG_00812	W83	HCNEGF_00864	UniRef90_Q7MUZ7	1335	444	W83__HCNEGF_00864
PgCG_00813	core_gene	Y	Y	phoH	PhoH-like protein	Metabolic Homeostasis	T	COG1702	Core	5/5								PgCG_00813	W83	HCNEGF_01180	UniRef90_Q7MVR9	993	330	W83__HCNEGF_01180
PgCG_00814	core_gene	Y	Y	pta	phosphate acetyltransferase	Metabolic Homeostasis	C	COG0280	Core	5/5								PgCG_00814	W83	HCNEGF_01080	UniRef90_Q7MVH9	1200	399	W83__HCNEGF_01080
PgCG_00815	core_gene	Y	Y	cdsA	Phosphatidate cytidylyltransferase	Metabolic Homeostasis	I	COG0575	Core	5/5								PgCG_00815	W83	HCNEGF_00044	UniRef90_Q7MXV9	855	284	W83__HCNEGF_00044
PgCG_00816	core_gene	Y	Y	psd	phosphatidylserine decarboxylase family protein	Metabolic Homeostasis	I	COG0688	Core	5/5								PgCG_00816	W83	HCNEGF_01188	UniRef90_Q7MVS5	666	221	W83__HCNEGF_01188
PgCG_00817	core_gene	Y	Y	mraY	phospho-N-acetylmuramoyl-pentapeptide-transferase	Metabolic Homeostasis	M	COG0472	Core	5/5								PgCG_00817	W83	HCNEGF_00519	UniRef90_B2RIE8	1260	419	W83__HCNEGF_00519
PgCG_00818	core_gene	Y	Y	pckA	phosphoenolpyruvate carboxykinase (ATP)	Metabolic Homeostasis	C	COG1866	Core	5/5								PgCG_00818	W83	HCNEGF_01543	UniRef90_Q7MU78	1608	535	W83__HCNEGF_01543
PgCG_00819	core_gene	Y	Y	yfcE	Phosphoesterase	Metabolic Homeostasis	R	COG0622	Core	5/5								PgCG_00819	W83	HCNEGF_00875	UniRef90_Q7MV07	495	164	W83__HCNEGF_00875
PgCG_00820	core_gene	Y	Y	glmM	phosphoglucosamine mutase	Metabolic Homeostasis	G	COG1109	Core	5/5								PgCG_00820	W83	HCNEGF_01071	UniRef90_A0AAF0B9J0	1389	462	W83__HCNEGF_01071
PgCG_00821	core_gene	Y	Y	pgk	Phosphoglycerate kinase	Metabolic Homeostasis	G	COG0126	Core	5/5								PgCG_00821	W83	HCNEGF_01544	UniRef90_Q7MU77	1257	418	W83__HCNEGF_01544
PgCG_00822	core_gene	Y	Y	phoE	phosphoglycerate mutase (2,3-diphosphoglycerate-dependent)	Metabolic Homeostasis	G	COG0406	Core	5/5								PgCG_00822	W83	HCNEGF_01872	UniRef90_A0A0A2FT37	534	177	W83__HCNEGF_01872
PgCG_00823	core_gene	Y	Y	cls	phospholipase D	Metabolic Homeostasis	I	COG1502	Core	5/5								PgCG_00823	W83	HCNEGF_00890	UniRef90_B2RJQ5	1722	573	W83__HCNEGF_00890
PgCG_00824	core_gene	Y	Y	manB	Phosphomannomutase	Metabolic Homeostasis	G	COG1109	Core	5/5								PgCG_00824	W83	HCNEGF_01856	UniRef90_B2RM79	1749	582	W83__HCNEGF_01856
PgCG_00825	core_gene	Y	Y	thiC	phosphomethylpyrimidine synthase ThiC	Metabolic Homeostasis	H	COG0422	Core	5/5								PgCG_00825	W83	HCNEGF_01955	UniRef90_Q7MT71	1764	587	W83__HCNEGF_01955
PgCG_00826	core_gene	Y	Y	eno	phosphopyruvate hydratase	Metabolic Homeostasis	G	COG0148	Core	5/5								PgCG_00826	W83	HCNEGF_01680	UniRef90_B2RLL7	1278	425	W83__HCNEGF_01680
PgCG_00827	core_gene	Y	Y	ubiA	Phosphoribose diphosphate:decaprenyl-phosphate phosphoribosyltransferase	Metabolic Homeostasis	H	COG0382	Core	5/5								PgCG_00827	W83	HCNEGF_00457	UniRef90_A0A0A2EJS5	861	286	W83__HCNEGF_00457
PgCG_00828	core_gene	Y	Y	purD	Phosphoribosylamine--glycine ligase	Metabolic Homeostasis	F	COG0151	Core	5/5								PgCG_00828	W83	HCNEGF_00825	UniRef90_Q7MUW7	1296	431	W83__HCNEGF_00825
PgCG_00829	core_gene	Y	Y	purC	phosphoribosylaminoimidazolesuccinocarboxamide synthase	Metabolic Homeostasis	F	COG0152	Core	5/5								PgCG_00829	W83	HCNEGF_01179	UniRef90_Q7MVR8	942	313	W83__HCNEGF_01179
PgCG_00830	core_gene	Y	Y	purM	Phosphoribosylformylglycinamidine cyclo-ligase	Metabolic Homeostasis	F	COG0150	Core	5/5								PgCG_00830	W83	HCNEGF_00071	UniRef90_B2RME6	1167	388	W83__HCNEGF_00071
PgCG_00831	core_gene	Y	Y	purL	phosphoribosylformylglycinamidine synthase	Metabolic Homeostasis	F	COG0047	Core	5/5								PgCG_00831	W83	HCNEGF_00275	UniRef90_A0AAE9X5R4	3705	1234	W83__HCNEGF_00275
PgCG_00832	core_gene	Y	Y	purN	Phosphoribosylglycinamide formyltransferase	Metabolic Homeostasis	F	COG0299	Core	5/5								PgCG_00832	W83	HCNEGF_01624	UniRef90_Q7MU09	582	193	W83__HCNEGF_01624
PgCG_00833	core_gene	Y	Y	udk	Phosphoribulokinase family protein	Metabolic Homeostasis	F	COG0572	Core	5/5								PgCG_00833	W83	HCNEGF_01605	UniRef90_Q7MU25	1590	529	W83__HCNEGF_01605
PgCG_00834	core_gene	Y	Y	serB	phosphoserine phosphatase SerB	Metabolic Homeostasis	E	COG0560	Core	5/5								PgCG_00834	W83	HCNEGF_00997	UniRef90_A0AAF0B963	873	290	W83__HCNEGF_00997
PgCG_00835	core_gene	Y	Y	serC	phosphoserine transaminase	Metabolic Homeostasis	H;E	COG1932	Core	5/5								PgCG_00835	W83	HCNEGF_00901	UniRef90_Q7MV30	1083	360	W83__HCNEGF_00901
PgCG_00836	core_gene	Y	Y	wzb	Phosphotyrosine protein phosphatase	Metabolic Homeostasis	T	COG0394	Core	5/5	Y	ltp1	phosphatase					PgCG_00836	W83	HCNEGF_01510	UniRef90_Q7MU97	504	167	W83__HCNEGF_01510
PgCG_00837	core_gene	Y	Y	wecE	Pigmentation and extracellular proteinase regulator	Metabolic Homeostasis	M	COG0399	Core	5/5								PgCG_00837	W83	HCNEGF_01024	UniRef90_F5HAV3	1155	384	W83__HCNEGF_01024
PgCG_00838	core_gene	Y	Y		Polyketide cyclase	Metabolic Homeostasis			Core	5/5								PgCG_00838	W83	HCNEGF_00833	UniRef90_Q7MUX5	414	137	W83__HCNEGF_00833
PgCG_00839	core_gene	Y	Y	ispA	Polyprenyl synthetase	Metabolic Homeostasis	H	COG0142	Core	5/5								PgCG_00839	W83	HCNEGF_01846	UniRef90_Q7MTG3	975	324	W83__HCNEGF_01846
PgCG_00840	core_gene	Y	Y	pnp	polyribonucleotide nucleotidyltransferase	Metabolic Homeostasis	J	COG1185	Core	5/5								PgCG_00840	W83	HCNEGF_00689	UniRef90_B2RIW6	2232	743	W83__HCNEGF_00689
PgCG_00841	core_gene	Y	Y	rfbX	Polysaccharide biosynthesis-related protein	Metabolic Homeostasis	M	COG2244	Core	5/5								PgCG_00841	W83	HCNEGF_00443	UniRef90_Q7MWU8	1482	493	W83__HCNEGF_00443
PgCG_00842	core_gene	Y	Y	pgaB	Polysaccharide deacetylase	Metabolic Homeostasis	G;M	COG0726	Core	5/5								PgCG_00842	W83	HCNEGF_01984	UniRef90_Q7MT46	648	215	W83__HCNEGF_01984
PgCG_00843	core_gene	Y	Y		Porin	Metabolic Homeostasis			Core	5/5								PgCG_00843	W83	HCNEGF_00805	UniRef90_B2RJ34	1050	349	W83__HCNEGF_00805
PgCG_00844	core_gene	Y	Y		Porin	Metabolic Homeostasis			Core	5/5								PgCG_00844	W83	HCNEGF_00988	UniRef90_Q7MVA0	1278	425	W83__HCNEGF_00988
PgCG_00845	core_gene	Y	Y	lomR	Porin	Metabolic Homeostasis	M	COG3637	Core	5/5								PgCG_00845	W83	HCNEGF_00301	UniRef90_B2RLB0	1128	375	W83__HCNEGF_00301
PgCG_00846	core_gene	Y	Y	trkH	Potassium uptake protein TrkH	Metabolic Homeostasis	P	COG0168	Core	5/5								PgCG_00846	W83	HCNEGF_02056	UniRef90_Q7MSZ1	1464	487	W83__HCNEGF_02056
PgCG_00847	core_gene	Y	Y	nhaP2	potassium/proton antiporter	Metabolic Homeostasis	C;P	COG3263	Core	5/5								PgCG_00847	W83	HCNEGF_00344	UniRef90_Q7MX38	1521	506	W83__HCNEGF_00344
PgCG_00848	core_gene	Y	Y	secA	preprotein translocase subunit SecA	Metabolic Homeostasis	U	COG0653	Core	5/5								PgCG_00848	W83	HCNEGF_00462	UniRef90_B2RKT2	3342	1113	W83__HCNEGF_00462
PgCG_00849	core_gene	Y	Y	secE	preprotein translocase subunit SecE	Metabolic Homeostasis			Core	5/5								PgCG_00849	W83	HCNEGF_00354	UniRef90_A0A099WVN7	204	67	W83__HCNEGF_00354
PgCG_00850	core_gene	Y	Y	secG	preprotein translocase subunit SecG	Metabolic Homeostasis	U	COG1314	Core	5/5								PgCG_00850	W83	HCNEGF_00141	UniRef90_A0A099WN44	387	128	W83__HCNEGF_00141
PgCG_00851	core_gene	Y	Y	secY	preprotein translocase subunit SecY	Metabolic Homeostasis	U	COG0201	Core	5/5								PgCG_00851	W83	HCNEGF_01770	UniRef90_Q7MTN3	1341	446	W83__HCNEGF_01770
PgCG_00852	core_gene	Y	Y	yajC	preprotein translocase subunit YajC	Metabolic Homeostasis	U	COG1862	Core	5/5								PgCG_00852	W83	HCNEGF_00439	UniRef90_Q7MWV1	339	112	W83__HCNEGF_00439
PgCG_00853	core_gene	Y	Y	queF	preQ(1) synthase	Metabolic Homeostasis	J	COG0780	Core	5/5								PgCG_00853	W83	HCNEGF_00839	UniRef90_Q7MUX8	465	154	W83__HCNEGF_00839
PgCG_00854	core_gene	Y	Y	priA	primosomal protein N'	Metabolic Homeostasis	L	COG1198	Core	5/5								PgCG_00854	W83	HCNEGF_01878	UniRef90_Q7MTD5	2514	837	W83__HCNEGF_01878
PgCG_00855	core_gene	Y	Y	grpE	Protein GrpE	Metabolic Homeostasis	O	COG0576	Core	5/5								PgCG_00855	W83	HCNEGF_01632	UniRef90_Q7MU00	585	194	W83__HCNEGF_01632
PgCG_00856	core_gene	Y	Y	secDF	protein translocase subunit SecDF	Metabolic Homeostasis	U	COG0342	Core	5/5								PgCG_00856	W83	HCNEGF_01620	UniRef90_Q7MU12	2946	981	W83__HCNEGF_01620
PgCG_00857	core_gene	Y	Y	serB	protein-serine phosphatase SerB	Metabolic Homeostasis	T	COG3830	Core	5/5	Y	serB	phosphatase					PgCG_00857	W83	HCNEGF_00589	UniRef90_Q7MWG4	1242	413	W83__HCNEGF_00589
PgCG_00858	core_gene	Y	Y	pntA	proton-translocating NAD(P)(+) transhydrogenase	Metabolic Homeostasis	C	COG3288	Core	5/5								PgCG_00858	W83	HCNEGF_00855	UniRef90_A0A099WRR5	315	104	W83__HCNEGF_00855
PgCG_00859	core_gene	Y	Y	pntA	proton-translocating NAD(P)(+) transhydrogenase	Metabolic Homeostasis	C	COG3288	Core	5/5								PgCG_00859	W83	HCNEGF_00856	UniRef90_A0A1R4AFC3	1158	385	W83__HCNEGF_00856
PgCG_00860	core_gene	Y	Y	hemG	protoporphyrinogen oxidase	Metabolic Homeostasis	H	COG1232	Core	5/5								PgCG_00860	W83	HCNEGF_01997	UniRef90_A0AAE9XK19	1398	465	W83__HCNEGF_01997
PgCG_00861	core_gene	Y	Y	rluA	Pseudouridine synthase	Metabolic Homeostasis	J	COG0564	Core	5/5								PgCG_00861	W83	HCNEGF_01569	UniRef90_A0AAE9XJH6	975	324	W83__HCNEGF_01569
PgCG_00862	core_gene	Y	Y	rluA	Pseudouridine synthase	Metabolic Homeostasis	J	COG0564	Core	5/5								PgCG_00862	W83	HCNEGF_00656	UniRef90_B2RIT5	1122	373	W83__HCNEGF_00656
PgCG_00863	core_gene	Y	Y	rsuA	Pseudouridine synthase	Metabolic Homeostasis	J	COG1187	Core	5/5								PgCG_00863	W83	HCNEGF_01041	UniRef90_B2RK43	1320	439	W83__HCNEGF_01041
PgCG_00864	core_gene	Y	Y	xapA	purine nucleoside phosphorylase I, inosine and guanosine-specific	Metabolic Homeostasis	F	COG0005	Core	5/5								PgCG_00864	W83	HCNEGF_00505	UniRef90_Q7MWP2	822	273	W83__HCNEGF_00505
PgCG_00865	core_gene	Y	Y		Putative carbohydrate metabolism domain-containing protein	Metabolic Homeostasis			Core	5/5								PgCG_00865	W83	HCNEGF_00076	UniRef90_B2RMF2	903	300	W83__HCNEGF_00076
PgCG_00866	core_gene	Y	Y	pyrD	Putative dihydroorotate dehydrogenase	Metabolic Homeostasis	F	COG0167	Core	5/5								PgCG_00866	W83	HCNEGF_01898	UniRef90_B2RMC2	981	326	W83__HCNEGF_01898
PgCG_00867	core_gene	Y	Y	nfnB	putative nitroreductase	Metabolic Homeostasis	C	COG0778	Core	5/5								PgCG_00867	W83	HCNEGF_00660	UniRef90_B2RIT9	552	183	W83__HCNEGF_00660
PgCG_00868	core_gene	Y	Y	gutQ	putative sugar isomerase	Metabolic Homeostasis	G;M	COG0794	Core	5/5								PgCG_00868	W83	HCNEGF_00081	UniRef90_B2RMF7	642	213	W83__HCNEGF_00081
PgCG_00869	core_gene	Y	Y	trxA	putative thiol:disulfide oxidoreductase	Metabolic Homeostasis	O	COG0526	Core	5/5								PgCG_00869	W83	HCNEGF_01078	UniRef90_B2RK05	1104	367	W83__HCNEGF_01078
PgCG_00870	core_gene	Y	Y	yggS	Pyridoxal phosphate homeostasis protein	Metabolic Homeostasis	H	COG0325	Core	5/5								PgCG_00870	W83	HCNEGF_01967	UniRef90_Q7MT59	675	224	W83__HCNEGF_01967
PgCG_00871	core_gene	Y	Y	pdxH	pyridoxamine 5'-phosphate oxidase	Metabolic Homeostasis	H	COG0259	Core	5/5								PgCG_00871	W83	HCNEGF_01577	UniRef90_B2RHS7	645	214	W83__HCNEGF_01577
PgCG_00872	core_gene	Y	Y	pdxJ	pyridoxine 5'-phosphate synthase	Metabolic Homeostasis	H	COG0854	Core	5/5								PgCG_00872	W83	HCNEGF_00567	UniRef90_Q51843	717	238	W83__HCNEGF_00567
PgCG_00873	core_gene	Y	Y	ppdK	pyruvate, phosphate dikinase	Metabolic Homeostasis	G	COG0574	Core	5/5								PgCG_00873	W83	HCNEGF_01139	UniRef90_Q7MVN4	2727	908	W83__HCNEGF_01139
PgCG_00874	core_gene	Y	Y	nifJ	pyruvate:ferredoxin (flavodoxin) oxidoreductase	Metabolic Homeostasis	C	COG1143	Core	5/5								PgCG_00874	W83	HCNEGF_00497	UniRef90_A0AAF0BGE5	3582	1193	W83__HCNEGF_00497
PgCG_00875	core_gene	Y	Y	pdaD	Pyruvoyl-dependent arginine decarboxylase AaxB	Metabolic Homeostasis	E	COG1945	Core	5/5								PgCG_00875	W83	HCNEGF_01246	UniRef90_Q7MVX1	543	180	W83__HCNEGF_01246
PgCG_00876	core_gene	Y	Y	nadA	quinolinate synthase NadA	Metabolic Homeostasis	H	COG0379	Core	5/5								PgCG_00876	W83	HCNEGF_01452	UniRef90_Q7MUF0	927	308	W83__HCNEGF_01452
PgCG_00877	core_gene	Y	Y	ychF	redox-regulated ATPase YchF	Metabolic Homeostasis	J	COG0012	Core	5/5								PgCG_00877	W83	HCNEGF_00046	UniRef90_B2RGR8	1104	367	W83__HCNEGF_00046
PgCG_00878	core_gene	Y	Y	recX	Regulatory protein RecX	Metabolic Homeostasis	O	COG2137	Core	5/5								PgCG_00878	W83	HCNEGF_00152	UniRef90_Q7MXL7	486	161	W83__HCNEGF_00152
PgCG_00879	core_gene	Y	Y	glpG	Rhomboid family protein	Metabolic Homeostasis	O	COG0705	Core	5/5								PgCG_00879	W83	HCNEGF_00783	UniRef90_Q7MUT0	717	238	W83__HCNEGF_00783
PgCG_00880	core_gene	Y	Y	ribF	riboflavin biosynthesis protein RibF	Metabolic Homeostasis	H	COG0196	Core	5/5								PgCG_00880	W83	HCNEGF_01197	UniRef90_Q7MVT2	972	323	W83__HCNEGF_01197
PgCG_00881	core_gene	Y	Y	ribC	riboflavin synthase	Metabolic Homeostasis	H	COG0307	Core	5/5								PgCG_00881	W83	HCNEGF_00659	UniRef90_Q7MW99	603	200	W83__HCNEGF_00659
PgCG_00882	core_gene	Y	Y	rnh1	Ribonuclease H	Metabolic Homeostasis	R	COG3341	Core	5/5								PgCG_00882	W83	HCNEGF_00959	UniRef90_Q7MV77	651	216	W83__HCNEGF_00959
PgCG_00883	core_gene	Y	Y	rnhB	ribonuclease HII	Metabolic Homeostasis	L	COG0164	Core	5/5								PgCG_00883	W83	HCNEGF_00662	UniRef90_Q51832	606	201	W83__HCNEGF_00662
PgCG_00884	core_gene	Y	Y	rnc	ribonuclease III	Metabolic Homeostasis			Core	5/5								PgCG_00884	W83	HCNEGF_01621	UniRef90_B2RLH7	786	261	W83__HCNEGF_01621
PgCG_00885	core_gene	Y	Y	rnpA	ribonuclease P protein component	Metabolic Homeostasis	J	COG0594	Core	5/5								PgCG_00885	W83	HCNEGF_00193	UniRef90_B2RHI3	414	137	W83__HCNEGF_00193
PgCG_00886	core_gene	Y	Y	rnr	ribonuclease R	Metabolic Homeostasis	K	COG0557	Core	5/5								PgCG_00886	W83	HCNEGF_01582	UniRef90_B2RHS0	2196	731	W83__HCNEGF_01582
PgCG_00887	core_gene	Y	Y	rny	ribonuclease Y	Metabolic Homeostasis	J;R	COG1418	Core	5/5								PgCG_00887	W83	HCNEGF_00367	UniRef90_Q7MX21	1542	513	W83__HCNEGF_00367
PgCG_00888	core_gene	Y	Y	rnz	ribonuclease Z	Metabolic Homeostasis	J	COG1234	Core	5/5								PgCG_00888	W83	HCNEGF_00665	UniRef90_B2RIU4	915	304	W83__HCNEGF_00665
PgCG_00889	core_gene	Y	Y	cafA	Ribonuclease, Rne/Rng family	Metabolic Homeostasis	J	COG1530	Core	5/5								PgCG_00889	W83	HCNEGF_00921	UniRef90_Q7MV44	1515	504	W83__HCNEGF_00921
PgCG_00890	core_gene	Y	Y	rpiB	ribose 5-phosphate isomerase B	Metabolic Homeostasis	G	COG0698	Core	5/5								PgCG_00890	W83	HCNEGF_01607	UniRef90_A0AAE9XEV4	438	145	W83__HCNEGF_01607
PgCG_00891	core_gene	Y	Y	prs	Ribose-phosphate pyrophosphokinase	Metabolic Homeostasis	F	COG0462	Core	5/5								PgCG_00891	W83	HCNEGF_01944	UniRef90_Q7MT83	942	313	W83__HCNEGF_01944
PgCG_00892	core_gene	Y	Y	rpe	ribulose-phosphate 3-epimerase	Metabolic Homeostasis	G	COG0036	Core	5/5								PgCG_00892	W83	HCNEGF_01469	UniRef90_Q7MUD4	657	218	W83__HCNEGF_01469
PgCG_00893	core_gene	Y	Y		Right-handed parallel beta-helix repeat-containing protein	Metabolic Homeostasis			Core	5/5								PgCG_00893	W83	HCNEGF_00225	UniRef90_A0AAE9XBB8	1521	506	W83__HCNEGF_00225
PgCG_00894	core_gene	Y	Y	ppk	RNA degradosome polyphosphate kinase	Metabolic Homeostasis	P	COG0855	Core	5/5								PgCG_00894	W83	HCNEGF_01729	UniRef90_Q7MTR1	2088	695	W83__HCNEGF_01729
PgCG_00895	core_gene	Y	Y	rRM	RNA-binding protein	Metabolic Homeostasis	J	COG0724	Core	5/5								PgCG_00895	W83	HCNEGF_00564	UniRef90_Q7MWI3	288	95	W83__HCNEGF_00564
PgCG_00896	core_gene	Y	Y	ybeY	rRNA maturation RNase YbeY	Metabolic Homeostasis	J	COG0319	Core	5/5								PgCG_00896	W83	HCNEGF_00458	UniRef90_B2RKT6	456	151	W83__HCNEGF_00458
PgCG_00897	core_gene	Y	Y	luxS	S-ribosylhomocysteine lyase	Metabolic Homeostasis	T	COG1854	Core	5/5	Y	luxS	QS					PgCG_00897	W83	HCNEGF_00448	UniRef90_Q7MWT9	486	161	W83__HCNEGF_00448
PgCG_00898	core_gene	Y	Y	lys9	Saccharopine dehydrogenase	Metabolic Homeostasis	E	COG1748	Core	5/5								PgCG_00898	W83	HCNEGF_00609	UniRef90_Q7MWE5	1194	397	W83__HCNEGF_00609
PgCG_00899	core_gene	Y	Y		SAM-dependent methyltransferase	Metabolic Homeostasis			Core	5/5								PgCG_00899	W83	HCNEGF_01038	UniRef90_A0A0A2F522	651	216	W83__HCNEGF_01038
PgCG_00900	core_gene	Y	Y		Secreted protein	Metabolic Homeostasis			Core	5/5								PgCG_00900	W83	HCNEGF_01499	UniRef90_Q7MUA7	1203	400	W83__HCNEGF_01499
PgCG_00901	core_gene	Y	Y	selD	selenide, water dikinase SelD	Metabolic Homeostasis	E	COG0709	Core	5/5								PgCG_00901	W83	HCNEGF_01612	UniRef90_B2RLG7	1047	348	W83__HCNEGF_01612
PgCG_00902	core_gene	Y	Y	yqeC	Selenium-dependent hydroxylase accessory protein YqeC	Metabolic Homeostasis			Core	5/5								PgCG_00902	W83	HCNEGF_01091	UniRef90_Q7MVJ0	1071	356	W83__HCNEGF_01091
PgCG_00903	core_gene	Y	Y		Self-protective colicin-like immunity protein	Metabolic Homeostasis			Core	5/5								PgCG_00903	W83	HCNEGF_01192	UniRef90_Q7MVS8	330	109	W83__HCNEGF_01192
PgCG_00904	core_gene	Y	Y	glyA	Serine hydroxymethyltransferase	Metabolic Homeostasis	E	COG0112	Core	5/5								PgCG_00904	W83	HCNEGF_00040	UniRef90_Q7MXW0	1281	426	W83__HCNEGF_00040
PgCG_00905	core_gene	Y	Y	spt	serine palmitoyltransferase	Metabolic Homeostasis	H	COG0156	Core	5/5								PgCG_00905	W83	HCNEGF_01637	UniRef90_Q7MTZ6	1188	395	W83__HCNEGF_01637
PgCG_00906	core_gene	Y	Y	aroE	Shikimate dehydrogenase	Metabolic Homeostasis	E	COG0169	Core	5/5								PgCG_00906	W83	HCNEGF_01177	UniRef90_A0A0A2GRM6	750	249	W83__HCNEGF_01177
PgCG_00907	core_gene	Y	Y	aroK	shikimate kinase	Metabolic Homeostasis	E	COG0703	Core	5/5								PgCG_00907	W83	HCNEGF_01467	UniRef90_Q7MUD6	561	186	W83__HCNEGF_01467
PgCG_00908	core_gene	Y	Y	ffh	signal recognition particle protein	Metabolic Homeostasis	U	COG0541	Core	5/5								PgCG_00908	W83	HCNEGF_01047	UniRef90_B2RK29	1338	445	W83__HCNEGF_01047
PgCG_00909	core_gene	Y	Y	ssb	Single-stranded DNA-binding protein	Metabolic Homeostasis	L	COG0629	Core	5/5								PgCG_00909	W83	HCNEGF_00251	UniRef90_Q7MXD2	471	156	W83__HCNEGF_00251
PgCG_00910	core_gene	Y	Y	sSL2	site-specific DNA-methyltransferase (adenine-specific)	Metabolic Homeostasis	K;L	COG1061	Core	5/5								PgCG_00910	W83	HCNEGF_01563	UniRef90_A0AAE9XFY7	3975	1324	W83__HCNEGF_01563
PgCG_00911	core_gene	Y	Y	yfeH	Sodium bile acid symporter family protein	Metabolic Homeostasis	R	COG0385	Core	5/5								PgCG_00911	W83	HCNEGF_01597	UniRef90_A0A0E2LPL3	912	303	W83__HCNEGF_01597
PgCG_00912	core_gene	Y	Y	kefB	Sodium/hydrogen antiporter	Metabolic Homeostasis	P	COG0475	Core	5/5								PgCG_00912	W83	HCNEGF_01650	UniRef90_B2RLP7	2304	767	W83__HCNEGF_01650
PgCG_00913	core_gene	Y	Y	putP	Sodium:solute symporter family protein	Metabolic Homeostasis	E	COG0591	Core	5/5								PgCG_00913	W83	HCNEGF_01062	UniRef90_Q7MVG3	1461	486	W83__HCNEGF_01062
PgCG_00914	core_gene	Y	Y	spo0J	SpoOJ protein	Metabolic Homeostasis	D	COG1475	Core	5/5								PgCG_00914	W83	HCNEGF_00137	UniRef90_Q7MXN1	870	289	W83__HCNEGF_00137
PgCG_00915	core_gene	Y	Y	parA	SpoOJ regulator protein	Metabolic Homeostasis	D;N	COG1192	Core	5/5								PgCG_00915	W83	HCNEGF_00138	UniRef90_Q7MXN0	777	258	W83__HCNEGF_00138
PgCG_00916	core_gene	Y	Y	spmA	Spore maturation protein A/spore maturation protein B	Metabolic Homeostasis	R	COG2715	Core	5/5								PgCG_00916	W83	HCNEGF_00459	UniRef90_Q7MWS8	1233	410	W83__HCNEGF_00459
PgCG_00917	core_gene	Y	Y	smpB	SsrA-binding protein SmpB	Metabolic Homeostasis	O	COG0691	Core	5/5								PgCG_00917	W83	HCNEGF_00452	UniRef90_Q7MWT5	462	153	W83__HCNEGF_00452
PgCG_00918	core_gene	Y	Y	glgA	starch synthase	Metabolic Homeostasis	G	COG0297	Core	5/5								PgCG_00918	W83	HCNEGF_01686	UniRef90_Q7MTV1	816	271	W83__HCNEGF_01686
PgCG_00919	core_gene	Y	Y	sdhA	Succinate dehydrogenase	Metabolic Homeostasis	C	COG1053	Core	5/5								PgCG_00919	W83	HCNEGF_01489	UniRef90_A0A099WR91	1944	647	W83__HCNEGF_01489
PgCG_00920	core_gene	Y	Y		Succinate dehydrogenase/fumarate reductase cytochrome b subunit	Metabolic Homeostasis			Core	5/5								PgCG_00920	W83	HCNEGF_01490	UniRef90_Q7MUB5	693	230	W83__HCNEGF_01490
PgCG_00921	core_gene	Y	Y	adhE	Succinate-semialdehyde dehydrogenase	Metabolic Homeostasis	I	COG1012	Core	5/5								PgCG_00921	W83	HCNEGF_00620	UniRef90_Q7MWD5	1356	451	W83__HCNEGF_00620
PgCG_00922	core_gene	Y	Y	mdoB	Sulfatase-like hydrolase/transferase	Metabolic Homeostasis	M	COG1368	Core	5/5								PgCG_00922	W83	HCNEGF_01442	UniRef90_A0AAE9XAC6	1956	651	W83__HCNEGF_01442
PgCG_00923	core_gene	Y	Y	sUL1	Sulfate permease	Metabolic Homeostasis	P	COG0659	Core	5/5								PgCG_00923	W83	HCNEGF_00021	UniRef90_A0AAE9X6G9	1722	573	W83__HCNEGF_00021
PgCG_00924	core_gene	Y	Y	thiS	sulfur carrier protein ThiS	Metabolic Homeostasis	H;J	COG2104	Core	5/5								PgCG_00924	W83	HCNEGF_01956	UniRef90_Q7MT70	201	66	W83__HCNEGF_01956
PgCG_00925	core_gene	Y	Y	yedF	sulfurtransferase-like selenium metabolism protein YedF	Metabolic Homeostasis	J;H;O	COG0425	Core	5/5								PgCG_00925	W83	HCNEGF_01732	UniRef90_Q7MTQ8	615	204	W83__HCNEGF_01732
PgCG_00926	core_gene	Y	Y	fusA	Tetracycline resistance protein TetQ	Metabolic Homeostasis	J	COG0480	Core	5/5								PgCG_00926	W83	HCNEGF_01220	UniRef90_Q7MVV0	2160	719	W83__HCNEGF_01220
PgCG_00927	core_gene	Y	Y	folC	tetrahydrofolate synthase	Metabolic Homeostasis	H	COG0285	Core	5/5								PgCG_00927	W83	HCNEGF_00420	UniRef90_Q7MWW9	1290	429	W83__HCNEGF_00420
PgCG_00928	core_gene	Y	Y	bepA	Tetratricopeptide repeat protein	Metabolic Homeostasis	M;O	COG4783	Core	5/5								PgCG_00928	W83	HCNEGF_00801	UniRef90_A0A0A2DRT8	1203	400	W83__HCNEGF_00801
PgCG_00929	core_gene	Y	Y		Tetratricopeptide repeat protein	Metabolic Homeostasis			Core	5/5								PgCG_00929	W83	HCNEGF_00142	UniRef90_B2RHD3	708	235	W83__HCNEGF_00142
PgCG_00930	core_gene	Y	Y	pilF	Tetratricopeptide repeat protein	Metabolic Homeostasis	N;W	COG3063	Core	5/5								PgCG_00930	W83	HCNEGF_00683	UniRef90_A0AAE9XK71	2139	712	W83__HCNEGF_00683
PgCG_00931	core_gene	Y	Y	pilF	Tetratricopeptide repeat protein	Metabolic Homeostasis	N;W	COG3063	Core	5/5								PgCG_00931	W83	HCNEGF_01130	UniRef90_A0AAE9X8H1	1698	565	W83__HCNEGF_01130
PgCG_00932	core_gene	Y	Y	thiN	thiamine diphosphokinase	Metabolic Homeostasis	H	COG1564	Core	5/5								PgCG_00932	W83	HCNEGF_01746	UniRef90_Q7MTP9	678	225	W83__HCNEGF_01746
PgCG_00933	core_gene	Y	Y	thiE	thiamine phosphate synthase	Metabolic Homeostasis	H	COG0352	Core	5/5								PgCG_00933	W83	HCNEGF_01954	UniRef90_Q7MT72	1944	647	W83__HCNEGF_01954
PgCG_00934	core_gene	Y	Y	thiL	thiamine-phosphate kinase	Metabolic Homeostasis	H	COG0611	Core	5/5								PgCG_00934	W83	HCNEGF_00574	UniRef90_Q7MWH5	1041	346	W83__HCNEGF_00574
PgCG_00935	core_gene	Y	Y	thiG	Thiazole synthase	Metabolic Homeostasis	H	COG2022	Core	5/5								PgCG_00935	W83	HCNEGF_01953	UniRef90_Q7MT73	780	259	W83__HCNEGF_01953
PgCG_00936	core_gene	Y	Y	thiF	ThiF protein	Metabolic Homeostasis	H	COG0476	Core	5/5								PgCG_00936	W83	HCNEGF_00404	UniRef90_Q7MWY3	708	235	W83__HCNEGF_00404
PgCG_00937	core_gene	Y	Y	fadM	Thioesterase family protein	Metabolic Homeostasis	I	COG0824	Core	5/5								PgCG_00937	W83	HCNEGF_01423	UniRef90_Q7MUH4	420	139	W83__HCNEGF_01423
PgCG_00938	core_gene	Y	Y	paaI	Thioesterase family protein	Metabolic Homeostasis	Q	COG2050	Core	5/5								PgCG_00938	W83	HCNEGF_00993	UniRef90_Q7MVA3	474	157	W83__HCNEGF_00993
PgCG_00939	core_gene	Y	Y	cobD	threonine-phosphate decarboxylase CobD	Metabolic Homeostasis	E	COG0079	Core	5/5								PgCG_00939	W83	HCNEGF_01007	UniRef90_B2RK83	1008	335	W83__HCNEGF_01007
PgCG_00940	core_gene	Y	Y	tdk	thymidine kinase	Metabolic Homeostasis	F	COG1435	Core	5/5								PgCG_00940	W83	HCNEGF_01228	UniRef90_B2RJJ6	615	204	W83__HCNEGF_01228
PgCG_00941	core_gene	Y	Y	thyA	thymidylate synthase	Metabolic Homeostasis	F	COG0207	Core	5/5								PgCG_00941	W83	HCNEGF_01906	UniRef90_Q7MTB5	795	264	W83__HCNEGF_01906
PgCG_00942	core_gene	Y	Y	aF0785	TIGR00341 family protein	Metabolic Homeostasis	S	COG1808	Core	5/5								PgCG_00942	W83	HCNEGF_00444	UniRef90_B2RKV4	1419	472	W83__HCNEGF_00444
PgCG_00943	core_gene	Y	Y	yhcC	TIGR01212 family radical SAM protein	Metabolic Homeostasis	R	COG1242	Core	5/5								PgCG_00943	W83	HCNEGF_01076	UniRef90_B2RK08	936	311	W83__HCNEGF_01076
PgCG_00944	core_gene	Y	Y	ybgF	tol-pal system protein YbgF	Metabolic Homeostasis	D	COG1729	Core	5/5								PgCG_00944	W83	HCNEGF_01518	UniRef90_A0A0A2FB60	2988	995	W83__HCNEGF_01518
PgCG_00945	core_gene	Y	Y		Toxin-antitoxin system, antitoxin component, ribbon-helix-helix domain protein	Metabolic Homeostasis			Core	5/5								PgCG_00945	W83	HCNEGF_00663	UniRef90_A0A0E2M5A2	228	75	W83__HCNEGF_00663
PgCG_00946	core_gene	Y	Y	recD	TPR domain protein	Metabolic Homeostasis	L	COG0507	Core	5/5								PgCG_00946	W83	HCNEGF_00059	UniRef90_Q7MXU5	2043	680	W83__HCNEGF_00059
PgCG_00947	core_gene	Y	Y	cpoB	TPR domain protein	Metabolic Homeostasis	D	COG1729	Core	5/5								PgCG_00947	W83	HCNEGF_00763	UniRef90_Q7MUR3	687	228	W83__HCNEGF_00763
PgCG_00948	core_gene	Y	Y		TPR domain protein	Metabolic Homeostasis			Core	5/5								PgCG_00948	W83	HCNEGF_02065	UniRef90_Q7MSY3	657	218	W83__HCNEGF_02065
PgCG_00949	core_gene	Y	Y	bepA	TPR domain protein	Metabolic Homeostasis	M;O	COG4783	Core	5/5								PgCG_00949	W83	HCNEGF_00407	UniRef90_B2RKY7	1353	450	W83__HCNEGF_00407
PgCG_00950	core_gene	Y	Y	bepA	TPR domain protein	Metabolic Homeostasis	M;O	COG4783	Core	5/5								PgCG_00950	W83	HCNEGF_01821	UniRef90_Q7MTI9	888	295	W83__HCNEGF_01821
PgCG_00951	core_gene	Y	Y	pilF	TPR domain protein	Metabolic Homeostasis	N;W	COG3063	Core	5/5								PgCG_00951	W83	HCNEGF_02037	UniRef90_B2RMJ0	2088	695	W83__HCNEGF_02037
PgCG_00952	core_gene	Y	Y	tPR	TPR domain protein	Metabolic Homeostasis	R	COG0457	Core	5/5								PgCG_00952	W83	HCNEGF_00960	UniRef90_B2RJ86	1014	337	W83__HCNEGF_00960
PgCG_00953	core_gene	Y	Y	cpoB	TPR domain protein	Metabolic Homeostasis	D	COG1729	Core	5/5								PgCG_00953	W83	HCNEGF_00277	UniRef90_B2RLD5	1293	430	W83__HCNEGF_00277
PgCG_00954	core_gene	Y	Y	tktA	Transketolase	Metabolic Homeostasis	G	COG0021	Core	5/5								PgCG_00954	W83	HCNEGF_01608	UniRef90_A0AAE9XI82	2028	675	W83__HCNEGF_01608
PgCG_00955	core_gene	Y	Y	tig	trigger factor	Metabolic Homeostasis	O	COG0544	Core	5/5								PgCG_00955	W83	HCNEGF_00686	UniRef90_B2RIW5	1377	458	W83__HCNEGF_00686
PgCG_00956	core_gene	Y	Y	tpiA	triose-phosphate isomerase	Metabolic Homeostasis	G	COG0149	Core	5/5								PgCG_00956	W83	HCNEGF_00560	UniRef90_B2RII9	756	251	W83__HCNEGF_00560
PgCG_00957	core_gene	Y	Y	gap	type I glyceraldehyde-3-phosphate dehydrogenase	Metabolic Homeostasis	G	COG0057	Core	5/5								PgCG_00957	W83	HCNEGF_01965	UniRef90_Q7MT61	1011	336	W83__HCNEGF_01965
PgCG_00958	core_gene	Y	Y		Type I phosphodiesterase / nucleotide pyrophosphatase	Metabolic Homeostasis	T	COG1524	Core	5/5								PgCG_00958	TDC60	EGHGLF_01504	UniRef90_A0A0E2LTX9	1419	472	TDC60__EGHGLF_01504
PgCG_00959	core_gene	Y	Y		Type II DNA modification methyltransferase	Metabolic Homeostasis			Core	5/5								PgCG_00959	W83	HCNEGF_01562	UniRef90_A0A0E2LS54	1005	334	W83__HCNEGF_01562
PgCG_00960	core_gene	Y	Y	coaX	type III pantothenate kinase	Metabolic Homeostasis	H	COG1521	Core	5/5								PgCG_00960	W83	HCNEGF_00405	UniRef90_Q7MWY2	735	244	W83__HCNEGF_00405
PgCG_00961	core_gene	Y	Y		Ubiquitin carboxyl-hydrolase	Metabolic Homeostasis			Core	5/5								PgCG_00961	W83	HCNEGF_00375	UniRef90_A0A099WVZ3	345	114	W83__HCNEGF_00375
PgCG_00962	core_gene	Y	Y	wecC	UDP-N-acetyl-D-mannosamine dehydrogenase	Metabolic Homeostasis	M	COG0677	Core	5/5	Y	wecC	LPS					PgCG_00962	W83	HCNEGF_00105	UniRef90_Q50HT7	1209	402	W83__HCNEGF_00105
PgCG_00963	core_gene	Y	Y	murA	UDP-N-acetylglucosamine 1-carboxyvinyltransferase	Metabolic Homeostasis	M	COG0766	Core	5/5								PgCG_00963	W83	HCNEGF_00820	UniRef90_Q7MUW1	1305	434	W83__HCNEGF_00820
PgCG_00964	core_gene	Y	Y	murB	UDP-N-acetylmuramate dehydrogenase	Metabolic Homeostasis	M	COG0812	Core	5/5								PgCG_00964	W83	HCNEGF_00843	UniRef90_Q7MUY2	1017	338	W83__HCNEGF_00843
PgCG_00965	core_gene	Y	Y	pyrH	UMP kinase	Metabolic Homeostasis	F	COG0528	Core	5/5								PgCG_00965	W83	HCNEGF_01751	UniRef90_Q7MTP5	720	239	W83__HCNEGF_01751
PgCG_00966	core_gene	Y	Y	uppP	undecaprenyl-diphosphate phosphatase	Metabolic Homeostasis	I	COG1968	Core	5/5								PgCG_00966	W83	HCNEGF_01418	UniRef90_Q7MUH6	843	280	W83__HCNEGF_01418
PgCG_00967	core_gene	Y	Y	murG	undecaprenyldiphospho-muramoylpentapeptide beta-N-acetylglucosaminyltransferase	Metabolic Homeostasis	M	COG0707	Core	5/5								PgCG_00967	W83	HCNEGF_00522	UniRef90_B2RIF1	1140	379	W83__HCNEGF_00522
PgCG_00968	core_gene	Y	Y	uspA	Universal stress family protein	Metabolic Homeostasis	T	COG0589	Core	5/5	Y	uspA	other_VF					PgCG_00968	W83	HCNEGF_00233	UniRef90_A0A0E2LMN8	1113	370	W83__HCNEGF_00233
PgCG_00969	core_gene	Y	Y	yraN	UPF0102 protein PGN_1801	Metabolic Homeostasis	L	COG0792	Core	5/5								PgCG_00969	W83	HCNEGF_01719	UniRef90_Q7MTS0	408	135	W83__HCNEGF_01719
PgCG_00970	core_gene	Y	Y	cdsB	UPF0597 protein PG_0909	Metabolic Homeostasis	E	COG3681	Core	5/5								PgCG_00970	W83	HCNEGF_01241	UniRef90_Q7MVW8	1302	433	W83__HCNEGF_01241
PgCG_00971	core_gene	Y	Y	upp	uracil phosphoribosyltransferase	Metabolic Homeostasis	F	COG0035	Core	5/5								PgCG_00971	W83	HCNEGF_00676	UniRef90_P0C939	651	216	W83__HCNEGF_00676
PgCG_00972	core_gene	Y	Y	ung	uracil-DNA glycosylase	Metabolic Homeostasis	L	COG0692	Core	5/5								PgCG_00972	W83	HCNEGF_00226	UniRef90_B2RHL6	669	222	W83__HCNEGF_00226
PgCG_00973	core_gene	Y	Y	udk	uridine kinase	Metabolic Homeostasis	F	COG0572	Core	5/5								PgCG_00973	W83	HCNEGF_01638	UniRef90_A0A099X102	630	209	W83__HCNEGF_01638
PgCG_00974	core_gene	Y	Y	udp	Uridine phosphorylase	Metabolic Homeostasis	F	COG2820	Core	5/5								PgCG_00974	W83	HCNEGF_00815	UniRef90_Q7MUV6	879	292	W83__HCNEGF_00815
PgCG_00975	core_gene	Y	Y	hutU	urocanate hydratase	Metabolic Homeostasis	E	COG2987	Core	5/5								PgCG_00975	W83	HCNEGF_01718	UniRef90_Q7MTS1	1980	659	W83__HCNEGF_01718
PgCG_00976	core_gene	Y	Y	hemD	Uroporphyrinogen-III synthase HemD, putative	Metabolic Homeostasis	H	COG1587	Core	5/5								PgCG_00976	W83	HCNEGF_00194	UniRef90_Q7MXI3	747	248	W83__HCNEGF_00194
PgCG_00977	core_gene	Y	Y	ntpA	V-type ATP synthase alpha chain	Metabolic Homeostasis	C	COG1155	Core	5/5								PgCG_00977	W83	HCNEGF_01658	UniRef90_Q7MTX7	1755	584	W83__HCNEGF_01658
PgCG_00978	core_gene	Y	Y	ntpB	V-type ATP synthase subunit B	Metabolic Homeostasis	C	COG1156	Core	5/5								PgCG_00978	W83	HCNEGF_01659	UniRef90_A0A0A2FSN9	1320	439	W83__HCNEGF_01659
PgCG_00979	core_gene	Y	Y	ntpD	V-type ATP synthase subunit D	Metabolic Homeostasis	C	COG1394	Core	5/5								PgCG_00979	W83	HCNEGF_01660	UniRef90_A0A099WMP9	615	204	W83__HCNEGF_01660
PgCG_00980	core_gene	Y	Y		V-type ATP synthase subunit E	Metabolic Homeostasis			Core	5/5								PgCG_00980	W83	HCNEGF_01656	UniRef90_A0AAF0BGQ8	591	196	W83__HCNEGF_01656
PgCG_00981	core_gene	Y	Y	ntpI	V-type ATP synthase subunit I	Metabolic Homeostasis	C	COG1269	Core	5/5								PgCG_00981	W83	HCNEGF_01661	UniRef90_Q7MTX4	1815	604	W83__HCNEGF_01661
PgCG_00982	core_gene	Y	Y		V-type ATPase, subunit K	Metabolic Homeostasis			Core	5/5								PgCG_00982	W83	HCNEGF_01662	UniRef90_Q7MTX3	477	158	W83__HCNEGF_01662
PgCG_00983	core_gene	Y	Y		WbqC-like protein	Metabolic Homeostasis			Core	5/5								PgCG_00983	W83	HCNEGF_01847	UniRef90_Q7MTG2	639	212	W83__HCNEGF_01847
PgCG_00984	core_gene	Y	Y		With phospholipase A2	Metabolic Homeostasis			Core	5/5								PgCG_00984	W83	HCNEGF_01797	UniRef90_Q7MTK6	444	147	W83__HCNEGF_01797
PgCG_00985	core_gene	Y	Y	xpt	xanthine phosphoribosyltransferase	Metabolic Homeostasis	F	COG0503	Core	5/5								PgCG_00985	W83	HCNEGF_01986	UniRef90_Q7MT44	582	193	W83__HCNEGF_01986
PgCG_00986	core_gene	Y	Y	yadS	YadS protein	Metabolic Homeostasis	P	COG2860	Core	5/5								PgCG_00986	W83	HCNEGF_00528	UniRef90_Q7MWM1	633	210	W83__HCNEGF_00528
PgCG_00987	core_gene	Y	Y	yfhO	YfhO family protein	Metabolic Homeostasis			Core	5/5								PgCG_00987	W83	HCNEGF_01868	UniRef90_Q7MTE4	2544	847	W83__HCNEGF_01868
PgCG_00988	core_gene	Y	Y	ygiQ	YgiQ family radical SAM protein	Metabolic Homeostasis	R	COG1032	Core	5/5								PgCG_00988	W83	HCNEGF_01219	UniRef90_Q7MVU9	1854	617	W83__HCNEGF_01219
PgCG_00989	core_gene	Y	Y	yicC	YicC family protein	Metabolic Homeostasis	J	COG1561	Core	5/5								PgCG_00989	W83	HCNEGF_00461	UniRef90_Q7MWS6	891	296	W83__HCNEGF_00461
PgCG_00990	core_gene	Y	Y	yitT	YitT family protein	Metabolic Homeostasis	S	COG1284	Core	5/5								PgCG_00990	W83	HCNEGF_01805	UniRef90_Q7MTJ8	936	311	W83__HCNEGF_01805
PgCG_00991	core_gene	Y	Y	yigB	YjjG family noncanonical pyrimidine nucleotidase	Metabolic Homeostasis	H	COG1011	Core	5/5								PgCG_00991	W83	HCNEGF_00228	UniRef90_Q7MXF5	816	271	W83__HCNEGF_00228
PgCG_00992	core_gene	Y	Y		Conjugal transfer protein	Mobile Genetic Elements & HGT			Core	5/5								PgCG_00992	W83	HCNEGF_00425	UniRef90_A0A099WXD3	252	83	W83__HCNEGF_00425
PgCG_00993	core_gene	Y	Y		Conjugal transfer protein	Mobile Genetic Elements & HGT			Core	5/5								PgCG_00993	W83	HCNEGF_00486	UniRef90_A0A0A2DQ28	216	71	W83__HCNEGF_00486
PgCG_00994	core_gene	Y	Y	traE	Conjugative transposon protein TraE	Mobile Genetic Elements & HGT			Core	5/5								PgCG_00994	W83	HCNEGF_01359	UniRef90_Q7MUM5	285	94	W83__HCNEGF_01359
PgCG_00995	core_gene	Y	Y	tnp	IS5 family ISPg8 transposase	Mobile Genetic Elements & HGT	X	COG3666	Core	5/5								PgCG_00995	W83	HCNEGF_00177	UniRef90_B2RJY5	1086	361	W83__HCNEGF_00177
PgCG_00996	core_gene	Y	Y	tnp	IS982 family IS195 transposase	Mobile Genetic Elements & HGT			Core	5/5								PgCG_00996	W83	HCNEGF_00187	UniRef90_O87010	903	300	W83__HCNEGF_00187
PgCG_00997	core_gene	Y	Y	iS5	Partial transposase in ISPg1	Mobile Genetic Elements & HGT	X	COG3039	Core	5/5								PgCG_00997	W83	HCNEGF_01168	UniRef90_B2RJE0	570	189	W83__HCNEGF_01168
PgCG_00998	core_gene	Y	Y		Partial transposase in ISPg2	Mobile Genetic Elements & HGT			Core	5/5								PgCG_00998	W83	HCNEGF_01964	UniRef90_B2RH45	288	95	W83__HCNEGF_01964
PgCG_00999	core_gene	Y	Y		Phage holin family protein	Mobile Genetic Elements & HGT			Core	5/5								PgCG_00999	W83	HCNEGF_01893	UniRef90_Q7MTC1	378	125	W83__HCNEGF_01893
PgCG_01000	core_gene	Y	Y	traB	TraB/GumN family protein	Mobile Genetic Elements & HGT	S	COG3735	Core	5/5								PgCG_01000	W83	HCNEGF_01993	UniRef90_B2RH74	891	296	W83__HCNEGF_01993
PgCG_01001	core_gene	Y	Y	yfaS	Alpha-2-macroglobulin domain-containing protein	Proteolytic Virulence & Effectors	R	COG2373	Core	5/5								PgCG_01001	W83	HCNEGF_02040	UniRef90_Q7MT05	5724	1907	W83__HCNEGF_02040
PgCG_01002	core_gene	Y	Y	pepD2	Aminoacyl-histidine dipeptidase	Proteolytic Virulence & Effectors	E	COG2195	Core	5/5	Y	pepD2	peptidase					PgCG_01002	W83	HCNEGF_00133	UniRef90_Q7MXN5	1455	484	W83__HCNEGF_00133
PgCG_01003	core_gene	Y	Y	pepD2	Aminoacyl-histidine dipeptidase	Proteolytic Virulence & Effectors	E	COG2195	Core	5/5	Y	pepD2	peptidase					PgCG_01003	W83	HCNEGF_00487	UniRef90_Q7MWQ8	1461	486	W83__HCNEGF_00487
PgCG_01004	core_gene	Y	Y	pepC	Aminopeptidase	Proteolytic Virulence & Effectors	E	COG3579	Core	5/5								PgCG_01004	W83	HCNEGF_01646	UniRef90_Q7MTY9	1203	400	W83__HCNEGF_01646
PgCG_01005	core_gene	Y	Y	pepC	Aminopeptidase	Proteolytic Virulence & Effectors	E	COG3579	Core	5/5								PgCG_01005	W83	HCNEGF_01480	UniRef90_B2RI32	1404	467	W83__HCNEGF_01480
PgCG_01006	core_gene	Y	Y	rgpA	Arg-gingipain RgpA	Proteolytic Virulence & Effectors			Core	5/5	Y	rgpA	gingipain					PgCG_01006	W83	HCNEGF_01871	UniRef90_B2RM93	5121	1706	W83__HCNEGF_01871
PgCG_01007	core_gene	Y	Y	rgpB	Arg-gingipain RgpB	Proteolytic Virulence & Effectors	U	COG6083	Core	5/5	Y	rgpB	gingipain					PgCG_01007	W83	HCNEGF_00455	UniRef90_P95493	2211	736	W83__HCNEGF_00455
PgCG_01008	core_gene	Y	Y	dpp11	Asp/Glu-specific dipeptidyl-peptidase	Proteolytic Virulence & Effectors			Core	5/5	Y	dpp11	peptidase					PgCG_01008	W83	HCNEGF_00896	UniRef90_B2RID1	2163	720	W83__HCNEGF_00896
PgCG_01009	core_gene	Y	Y	nlpC	C40 family peptidase	Proteolytic Virulence & Effectors	M	COG0791	Core	5/5	Y	nlpC	peptidase					PgCG_01009	W83	HCNEGF_00649	UniRef90_A0AAE9XIT4	609	202	W83__HCNEGF_00649
PgCG_01010	core_gene	Y	Y	ctpA	Carboxyl-terminal processing protease	Proteolytic Virulence & Effectors	O	COG0793	Core	5/5								PgCG_01010	W83	HCNEGF_00224	UniRef90_B2RHL4	1602	533	W83__HCNEGF_00224
PgCG_01011	core_gene	Y	Y	ctpA	Carboxyl-terminal processing protease	Proteolytic Virulence & Effectors	O	COG0793	Core	5/5								PgCG_01011	W83	HCNEGF_01102	UniRef90_B2RJC6	1710	569	W83__HCNEGF_01102
PgCG_01012	core_gene	Y	Y	ctpA	Carboxyl-terminal protease	Proteolytic Virulence & Effectors	O	COG0793	Core	5/5								PgCG_01012	W83	HCNEGF_01704	UniRef90_Q7MTT6	1635	544	W83__HCNEGF_01704
PgCG_01013	core_gene	Y	Y	cirA	Carboxypeptidase-like regulatory domain-containing protein	Proteolytic Virulence & Effectors	P	COG1629	Core	5/5								PgCG_01013	W83	HCNEGF_00400	UniRef90_A0AAF0BCP4	2631	876	W83__HCNEGF_00400
PgCG_01014	core_gene	Y	Y	prtC	Collagenase	Proteolytic Virulence & Effectors	J	COG0826	Core	5/5	Y	prtC	protease_other					PgCG_01014	W83	HCNEGF_01422	UniRef90_P33437	1245	414	W83__HCNEGF_01422
PgCG_01015	core_gene	Y	Y	dacB	D-alanyl-D-alanine carboxypeptidase/D-alanyl-D-alanine-endopeptidase	Proteolytic Virulence & Effectors	M	COG2027	Core	5/5								PgCG_01015	W83	HCNEGF_00768	UniRef90_A0AAE9X8K3	1533	510	W83__HCNEGF_00768
PgCG_01016	core_gene	Y	Y	ddpX	D-alanyl-D-alanine dipeptidase	Proteolytic Virulence & Effectors	M	COG2173	Core	5/5								PgCG_01016	W83	HCNEGF_01521	UniRef90_A0A099WNP9	672	223	W83__HCNEGF_01521
PgCG_01017	core_gene	Y	Y	pepD	Dipeptidase	Proteolytic Virulence & Effectors	E	COG4690	Core	5/5								PgCG_01017	W83	HCNEGF_00873	UniRef90_Q7MV05	1659	552	W83__HCNEGF_00873
PgCG_01018	core_gene	Y	Y	argE	dipeptidase	Proteolytic Virulence & Effectors	E	COG0624	Core	5/5								PgCG_01018	W83	HCNEGF_00507	UniRef90_A0AAE9XDE3	1356	451	W83__HCNEGF_00507
PgCG_01019	core_gene	Y	Y	dAP2	Dipeptidyl aminopeptidase IV	Proteolytic Virulence & Effectors	E	COG1506	Core	5/5	Y	dpp4	peptidase					PgCG_01019	W83	HCNEGF_00453	UniRef90_F5HAB9	2172	723	W83__HCNEGF_00453
PgCG_01020	core_gene	Y	Y	dpp5	Dipeptidyl-peptidase 5	Proteolytic Virulence & Effectors	E	COG1506	Core	5/5	Y	dpp5	peptidase					PgCG_01020	W83	HCNEGF_00651	UniRef90_B2RIT0	2031	676	W83__HCNEGF_00651
PgCG_01021	core_gene	Y	Y	dpp7	Dipeptidyl-peptidase 7	Proteolytic Virulence & Effectors			Core	5/5	Y	dpp7	peptidase					PgCG_01021	W83	HCNEGF_00445	UniRef90_B2RKV3	2139	712	W83__HCNEGF_00445
PgCG_01022	core_gene	Y	Y	lon	endopeptidase La	Proteolytic Virulence & Effectors	O	COG0466	Core	5/5	Y	lon	protease_other					PgCG_01022	W83	HCNEGF_00557	UniRef90_B2RII6	2538	845	W83__HCNEGF_00557
PgCG_01023	core_gene	Y	Y		Glutamine amidotransferase, class II/dipeptidase	Proteolytic Virulence & Effectors	O;E	COG2355	Core	5/5								PgCG_01023	W83	HCNEGF_01565	UniRef90_Q7MU59	1809	602	W83__HCNEGF_01565
PgCG_01024	core_gene	Y	Y	cTD-A	Immunoreactive antigen PG91	Proteolytic Virulence & Effectors	U	COG6083	Core	5/5								PgCG_01024	W83	HCNEGF_01948	UniRef90_F5HI79	1623	540	W83__HCNEGF_01948
PgCG_01025	core_gene	Y	Y	lspA	lipoprotein signal peptidase	Proteolytic Virulence & Effectors	M;U	COG0597	Core	5/5								PgCG_01025	W83	HCNEGF_01473	UniRef90_Q7MUD1	681	226	W83__HCNEGF_01473
PgCG_01026	core_gene	Y	Y	kgp	Lys-gingipain W83	Proteolytic Virulence & Effectors			Core	5/5	Y	kgp	gingipain					PgCG_01026	W83	HCNEGF_01693	UniRef90_Q51817	5196	1731	W83__HCNEGF_01693
PgCG_01027	core_gene	Y	Y	pepO	M13 family metallopeptidase	Proteolytic Virulence & Effectors	O	COG3590	Core	5/5	Y	pepO	protease_other					PgCG_01027	W83	HCNEGF_00154	UniRef90_A0AAE9XDL8	2070	689	W83__HCNEGF_00154
PgCG_01028	core_gene	Y	Y		Membrane protease subunit	Proteolytic Virulence & Effectors			Core	5/5								PgCG_01028	W83	HCNEGF_00257	UniRef90_A0A099WW87	351	116	W83__HCNEGF_00257
PgCG_01029	core_gene	Y	Y		Peptidase	Proteolytic Virulence & Effectors			Core	5/5								PgCG_01029	W83	HCNEGF_02035	UniRef90_A0A0E2LPF3	882	293	W83__HCNEGF_02035
PgCG_01030	core_gene	Y	Y		Peptidase family M49	Proteolytic Virulence & Effectors			Core	5/5								PgCG_01030	W83	HCNEGF_00292	UniRef90_A0A0E2M3A2	2661	886	W83__HCNEGF_00292
PgCG_01031	core_gene	Y	Y	pqqL	Peptidase M16	Proteolytic Virulence & Effectors	R	COG0612	Core	5/5	Y	pqqL	peptidase					PgCG_01031	W83	HCNEGF_00189	UniRef90_A0A0A2FMR4	2826	941	W83__HCNEGF_00189
PgCG_01032	core_gene	Y	Y	pepP	Peptidase M24	Proteolytic Virulence & Effectors	E	COG0006	Core	5/5								PgCG_01032	W83	HCNEGF_01259	UniRef90_B2RJM4	1197	398	W83__HCNEGF_01259
PgCG_01033	core_gene	Y	Y	lysM	Peptidase M24	Proteolytic Virulence & Effectors	M	COG1388	Core	5/5								PgCG_01033	W83	HCNEGF_02029	UniRef90_A0A0A2FSD7	1014	337	W83__HCNEGF_02029
PgCG_01034	core_gene	Y	Y	envC	Peptidase M24	Proteolytic Virulence & Effectors	D	COG4942	Core	5/5								PgCG_01034	W83	HCNEGF_01198	UniRef90_A0A0A2F4J1	1296	431	W83__HCNEGF_01198
PgCG_01035	core_gene	Y	Y		Peptidase M3A/M3B catalytic domain-containing protein	Proteolytic Virulence & Effectors			Core	5/5								PgCG_01035	W83	HCNEGF_00944	UniRef90_Q7MV63	2109	702	W83__HCNEGF_00944
PgCG_01036	core_gene	Y	Y		Peptidase M48 domain-containing protein	Proteolytic Virulence & Effectors			Core	5/5								PgCG_01036	W83	HCNEGF_00694	UniRef90_B2RIX2	1245	414	W83__HCNEGF_00694
PgCG_01037	core_gene	Y	Y	cTD-A	Peptidase S1 domain-containing protein	Proteolytic Virulence & Effectors	U	COG6083	Core	5/5	Y	prtS	T9SS_cargo					PgCG_01037	W83	HCNEGF_00499	UniRef90_A0A0E2LRW8	2823	940	W83__HCNEGF_00499
PgCG_01038	core_gene	Y	Y	pepT	peptidase T	Proteolytic Virulence & Effectors	E	COG2195	Core	5/5	Y	pepT	peptidase					PgCG_01038	W83	HCNEGF_00403	UniRef90_Q7MWY4	1218	405	W83__HCNEGF_00403
PgCG_01039	core_gene	Y	Y	pepP	Peptidase, M24 family	Proteolytic Virulence & Effectors	E	COG0006	Core	5/5								PgCG_01039	W83	HCNEGF_00962	UniRef90_Q7MV80	1788	595	W83__HCNEGF_00962
PgCG_01040	core_gene	Y	Y	dcp	Peptidyl-dipeptidase Dcp	Proteolytic Virulence & Effectors	O	COG0339	Core	5/5	Y	dcp	peptidase					PgCG_01040	W83	HCNEGF_00682	UniRef90_Q7MW82	2127	708	W83__HCNEGF_00682
PgCG_01041	core_gene	Y	Y	dcp	Peptidyl-dipeptidase Dcp	Proteolytic Virulence & Effectors	O	COG0339	Core	5/5	Y	dcp	peptidase					PgCG_01041	W83	HCNEGF_01647	UniRef90_Q7MTY8	2037	678	W83__HCNEGF_01647
PgCG_01042	core_gene	Y	Y	cTD-A	peptidylarginine deiminase PPAD	Proteolytic Virulence & Effectors	U	COG6083	Core	5/5	Y	ppad	PPAD					PgCG_01042	W83	HCNEGF_00767	UniRef90_Q9RQJ2	1671	556	W83__HCNEGF_00767
PgCG_01043	core_gene	Y	Y	cTD-B	PKD domain protein	Proteolytic Virulence & Effectors	U	COG6085	Core	5/5								PgCG_01043	W83	HCNEGF_01124	UniRef90_A0A0E2LPH4	1374	457	W83__HCNEGF_01124
PgCG_01044	core_gene	Y	Y	cTD-A	PKD domain-containing protein	Proteolytic Virulence & Effectors	U	COG6083	Core	5/5	Y	cTD_PKD	T9SS_cargo					PgCG_01044	W83	HCNEGF_00220	UniRef90_B2RHK9	2562	853	W83__HCNEGF_00220
PgCG_01045	core_gene	Y	Y	dAP2	Prolyl oligopeptidase family protein	Proteolytic Virulence & Effectors	E	COG1506	Core	5/5								PgCG_01045	W83	HCNEGF_01152	UniRef90_Q7MVP4	2280	759	W83__HCNEGF_01152
PgCG_01046	core_gene	Y	Y	ptpA	Prolyl tripeptidyl peptidase	Proteolytic Virulence & Effectors	E	COG1506	Core	5/5	Y	ptpA	peptidase					PgCG_01046	W83	HCNEGF_00824	UniRef90_Q7MUW6	2199	732	W83__HCNEGF_00824
PgCG_01047	core_gene	Y	Y	rlhA	Protease	Proteolytic Virulence & Effectors	J	COG0826	Core	5/5								PgCG_01047	W83	HCNEGF_00677	UniRef90_Q7MW86	1908	635	W83__HCNEGF_00677
PgCG_01048	core_gene	Y	Y	tolC	Putative alkaline protease AprF	Proteolytic Virulence & Effectors	M	COG1538	Core	5/5	Y	tolC	OM_efflux					PgCG_01048	W83	HCNEGF_00088	UniRef90_B2RMG4	1506	501	W83__HCNEGF_00088
PgCG_01049	core_gene	Y	Y	iap	putative leucine aminopeptidase	Proteolytic Virulence & Effectors	O;E	COG2234	Core	5/5								PgCG_01049	W83	HCNEGF_01995	UniRef90_B2RH76	1002	333	W83__HCNEGF_01995
PgCG_01050	core_gene	Y	Y	pqqL	Putative peptidase	Proteolytic Virulence & Effectors	R	COG0612	Core	5/5	Y	pqqL	peptidase					PgCG_01050	W83	HCNEGF_00082	UniRef90_B2RMF8	1218	405	W83__HCNEGF_00082
PgCG_01051	core_gene	Y	Y	glpG	Rhomboid family intramembrane serine protease	Proteolytic Virulence & Effectors	O	COG0705	Core	5/5								PgCG_01051	W83	HCNEGF_00784	UniRef90_A0AAE9XC41	915	304	W83__HCNEGF_00784
PgCG_01052	core_gene	Y	Y	rseP	RIP metalloprotease RseP	Proteolytic Virulence & Effectors	O;K	COG0750	Core	5/5								PgCG_01052	W83	HCNEGF_00346	UniRef90_A0AAF0BFR7	1320	439	W83__HCNEGF_00346
PgCG_01053	core_gene	Y	Y	cTD-A	Secretion system C-terminal sorting domain-containing protein	Proteolytic Virulence & Effectors	U	COG6083	Core	5/5								PgCG_01053	W83	HCNEGF_00812	UniRef90_A0A0E2LRR9	1287	428	W83__HCNEGF_00812
PgCG_01054	core_gene	Y	Y	cTD-A	Secretion system C-terminal sorting domain-containing protein	Proteolytic Virulence & Effectors	U	COG6083	Core	5/5								PgCG_01054	W83	HCNEGF_00590	UniRef90_Q7MWG3	1173	390	W83__HCNEGF_00590
PgCG_01055	core_gene	Y	Y	cTD-A	Secretion system C-terminal sorting domain-containing protein	Proteolytic Virulence & Effectors	U	COG6083	Core	5/5								PgCG_01055	W83	HCNEGF_01655	UniRef90_A0A0E2LQB7	1218	405	W83__HCNEGF_01655
PgCG_01056	core_gene	Y	Y	pldB	Serine aminopeptidase S33 domain-containing protein	Proteolytic Virulence & Effectors	I	COG2267	Core	5/5								PgCG_01056	W83	HCNEGF_01800	UniRef90_B2RM02	1422	473	W83__HCNEGF_01800
PgCG_01057	core_gene	Y	Y	lepB	signal peptidase I	Proteolytic Virulence & Effectors	U	COG0681	Core	5/5								PgCG_01057	W83	HCNEGF_01848	UniRef90_A0AAE9XJ61	627	208	W83__HCNEGF_01848
PgCG_01058	core_gene	Y	Y	lepB	signal peptidase I	Proteolytic Virulence & Effectors	U	COG0681	Core	5/5								PgCG_01058	W83	HCNEGF_01849	UniRef90_Q7MTG0	1398	465	W83__HCNEGF_01849
PgCG_01059	core_gene	Y	Y	sppA	signal peptide peptidase SppA	Proteolytic Virulence & Effectors	O	COG0616	Core	5/5	Y	sppA	peptidase					PgCG_01059	W83	HCNEGF_00576	UniRef90_Q7MWH3	1788	595	W83__HCNEGF_00576
PgCG_01060	core_gene	Y	Y	ctpA	Tail specific protease domain-containing protein	Proteolytic Virulence & Effectors	O	COG0793	Core	5/5								PgCG_01060	W83	HCNEGF_01493	UniRef90_B2RHZ4	1062	353	W83__HCNEGF_01493
PgCG_01061	core_gene	Y	Y	prtT	Thiol protease/hemagglutinin PrtT	Proteolytic Virulence & Effectors	U	COG6083	Core	5/5	Y	prtT	protease_other					PgCG_01061	W83	HCNEGF_01428	UniRef90_P43158	2523	840	W83__HCNEGF_01428
PgCG_01062	core_gene	Y	Y	cTD-A	Thiol protease/hemagglutinin PrtT, putative	Proteolytic Virulence & Effectors	U	COG6083	Core	5/5	Y	prtT_paralog	protease_other					PgCG_01062	W83	HCNEGF_00765	UniRef90_Q7MUR6	2532	843	W83__HCNEGF_00765
PgCG_01063	core_gene	Y	Y	map	type I methionyl aminopeptidase	Proteolytic Virulence & Effectors	J	COG0024	Core	5/5								PgCG_01063	W83	HCNEGF_01769	UniRef90_Q7MTN4	786	261	W83__HCNEGF_01769
PgCG_01064	core_gene	Y	Y	porG	2-oxoglutarate oxidoreductase, gamma subunit	Secretion & Molecular Export	C	COG1014	Core	5/5								PgCG_01064	W83	HCNEGF_01665	UniRef90_Q7MTX2	546	181	W83__HCNEGF_01665
PgCG_01065	core_gene	Y	Y	znuB	ABC 3 transporter family protein	Secretion & Molecular Export	P	COG1108	Core	5/5								PgCG_01065	W83	HCNEGF_01798	UniRef90_Q7MTK5	807	268	W83__HCNEGF_01798
PgCG_01066	core_gene	Y	Y	mdlB	ABC transporter ATP-binding protein	Secretion & Molecular Export	V	COG1132	Core	5/5								PgCG_01066	W83	HCNEGF_00991	UniRef90_A0A0A2F628	1722	573	W83__HCNEGF_00991
PgCG_01067	core_gene	Y	Y	mlaE	ABC transporter permease	Secretion & Molecular Export	M	COG0767	Core	5/5	Y	mlaE	OMV_biogen					PgCG_01067	W83	HCNEGF_01126	UniRef90_Q7MVM0	747	248	W83__HCNEGF_01126
PgCG_01068	core_gene	Y	Y		ABC transporter permease	Secretion & Molecular Export			Core	5/5								PgCG_01068	W83	HCNEGF_01146	UniRef90_B2RKG8	855	284	W83__HCNEGF_01146
PgCG_01069	core_gene	Y	Y		ABC transporter permease	Secretion & Molecular Export			Core	5/5								PgCG_01069	W83	HCNEGF_01147	UniRef90_Q7MVP0	759	252	W83__HCNEGF_01147
PgCG_01070	core_gene	Y	Y	tauB	ABC transporter, ATP-binding protein	Secretion & Molecular Export	P	COG1116	Core	5/5								PgCG_01070	W83	HCNEGF_00807	UniRef90_Q7MUV0	699	232	W83__HCNEGF_00807
PgCG_01071	core_gene	Y	Y	lolD	ABC transporter, ATP-binding protein	Secretion & Molecular Export	M	COG1136	Core	5/5								PgCG_01071	W83	HCNEGF_00617	UniRef90_Q7MWD7	660	219	W83__HCNEGF_00617
PgCG_01072	core_gene	Y	Y	lolD	ABC transporter, ATP-binding protein	Secretion & Molecular Export	M	COG1136	Core	5/5								PgCG_01072	W83	HCNEGF_01528	UniRef90_Q7MU84	660	219	W83__HCNEGF_01528
PgCG_01073	core_gene	Y	Y	yhaQ	ABC transporter, ATP-binding protein	Secretion & Molecular Export	R	COG4152	Core	5/5								PgCG_01073	W83	HCNEGF_01208	UniRef90_Q7MVU3	960	319	W83__HCNEGF_01208
PgCG_01074	core_gene	Y	Y	uup	ABC transporter, ATP-binding protein	Secretion & Molecular Export	R	COG0488	Core	5/5								PgCG_01074	W83	HCNEGF_02042	UniRef90_Q7MT03	1617	538	W83__HCNEGF_02042
PgCG_01075	core_gene	Y	Y	lolD	ABC transporter, ATP-binding protein	Secretion & Molecular Export	M	COG1136	Core	5/5								PgCG_01075	W83	HCNEGF_00261	UniRef90_Q7MXC2	672	223	W83__HCNEGF_00261
PgCG_01076	core_gene	Y	Y	znuC	ABC transporter, ATP-binding protein	Secretion & Molecular Export	P	COG1121	Core	5/5								PgCG_01076	W83	HCNEGF_01618	UniRef90_Q7MU14	630	209	W83__HCNEGF_01618
PgCG_01077	core_gene	Y	Y	rbbA	ABC transporter, ATP-binding protein	Secretion & Molecular Export	J;V	COG1131	Core	5/5								PgCG_01077	W83	HCNEGF_01145	UniRef90_Q7MVN8	828	275	W83__HCNEGF_01145
PgCG_01078	core_gene	Y	Y	mdlB	ABC transporter, ATP-binding protein, MsbA family	Secretion & Molecular Export	V	COG1132	Core	5/5								PgCG_01078	W83	HCNEGF_01580	UniRef90_Q7MU47	1851	616	W83__HCNEGF_01580
PgCG_01079	core_gene	Y	Y	mdlB	ABC transporter, ATP-binding protein, putative	Secretion & Molecular Export	V	COG1132	Core	5/5								PgCG_01079	W83	HCNEGF_00992	UniRef90_Q7MVA2	1707	568	W83__HCNEGF_00992
PgCG_01080	core_gene	Y	Y	salY	ABC transporter, permease protein, putative	Secretion & Molecular Export	V	COG0577	Core	5/5								PgCG_01080	W83	HCNEGF_00616	UniRef90_Q7MWD8	2376	791	W83__HCNEGF_00616
PgCG_01081	core_gene	Y	Y		ABC transporter, permease protein, putative	Secretion & Molecular Export			Core	5/5								PgCG_01081	W83	HCNEGF_00614	UniRef90_Q7MWE0	2352	783	W83__HCNEGF_00614
PgCG_01082	core_gene	Y	Y	salY	ABC transporter, permease protein, putative	Secretion & Molecular Export	V	COG0577	Core	5/5								PgCG_01082	W83	HCNEGF_01529	UniRef90_Q7MU83	1275	424	W83__HCNEGF_01529
PgCG_01083	core_gene	Y	Y	natB	ABC transporter, permease protein, putative	Secretion & Molecular Export	C;P	COG1668	Core	5/5								PgCG_01083	W83	HCNEGF_01209	UniRef90_Q7MVU4	1329	442	W83__HCNEGF_01209
PgCG_01084	core_gene	Y	Y	salY	ABC transporter, permease protein, putative	Secretion & Molecular Export	V	COG0577	Core	5/5								PgCG_01084	W83	HCNEGF_00260	UniRef90_Q7MXC3	1377	458	W83__HCNEGF_00260
PgCG_01085	core_gene	Y	Y	salY	ABC transporter, permease protein, putative	Secretion & Molecular Export	V	COG0577	Core	5/5								PgCG_01085	W83	HCNEGF_00259	UniRef90_Q7MXC4	1329	442	W83__HCNEGF_00259
PgCG_01086	core_gene	Y	Y	yadH	ABC-2 type transporter transmembrane domain-containing protein	Secretion & Molecular Export	V	COG0842	Core	5/5								PgCG_01086	W83	HCNEGF_00085	UniRef90_B2RMG1	1275	424	W83__HCNEGF_00085
PgCG_01087	core_gene	Y	Y		ABC-2 type transporter transmembrane domain-containing protein	Secretion & Molecular Export			Core	5/5								PgCG_01087	W83	HCNEGF_00086	UniRef90_B2RMG2	1182	393	W83__HCNEGF_00086
PgCG_01088	core_gene	Y	Y	lolE	ABC3 transporter permease C-terminal domain-containing protein	Secretion & Molecular Export	M	COG4591	Core	5/5								PgCG_01088	W83	HCNEGF_01231	UniRef90_B2RJJ9	1224	407	W83__HCNEGF_01231
PgCG_01089	core_gene	Y	Y	acpP	acyl carrier protein	Secretion & Molecular Export	I	COG0236	Core	5/5								PgCG_01089	W83	HCNEGF_01623	UniRef90_Q7MU10	237	78	W83__HCNEGF_01623
PgCG_01090	core_gene	Y	Y	fieF	Cation efflux family protein	Secretion & Molecular Export	P	COG0053	Core	5/5								PgCG_01090	W83	HCNEGF_01938	UniRef90_Q7MT89	909	302	W83__HCNEGF_01938
PgCG_01091	core_gene	Y	Y	acrA	Cation efflux system protein	Secretion & Molecular Export	M;V	COG0845	Core	5/5								PgCG_01091	W83	HCNEGF_00062	UniRef90_B2RMD7	1179	392	W83__HCNEGF_00062
PgCG_01092	core_gene	Y	Y	sprA	cell surface protein SprA	Secretion & Molecular Export	U	COG6073	Core	5/5								PgCG_01092	W83	HCNEGF_00731	UniRef90_Q7MW38	6951	2316	W83__HCNEGF_00731
PgCG_01093	core_gene	Y	Y	chrA	Chromate transporter	Secretion & Molecular Export	P	COG2059	Core	5/5								PgCG_01093	W83	HCNEGF_00270	UniRef90_A0A0A2EFG2	591	196	W83__HCNEGF_00270
PgCG_01094	core_gene	Y	Y	acrA	Efflux transporter, MFP component, RND family	Secretion & Molecular Export	M;V	COG0845	Core	5/5								PgCG_01094	W83	HCNEGF_00612	UniRef90_Q7MWE2	1254	417	W83__HCNEGF_00612
PgCG_01095	core_gene	Y	Y	acrA	Efflux transporter, MFP component, RND family	Secretion & Molecular Export	M;V	COG0845	Core	5/5								PgCG_01095	W83	HCNEGF_00489	UniRef90_Q7MWQ7	1062	353	W83__HCNEGF_00489
PgCG_01096	core_gene	Y	Y	emrA	Efflux transporter, MFP component, RND family	Secretion & Molecular Export	V	COG1566	Core	5/5								PgCG_01096	W83	HCNEGF_00262	UniRef90_Q7MXC1	1251	416	W83__HCNEGF_00262
PgCG_01097	core_gene	Y	Y	porL	Gliding motility protein GldL-like N-terminal domain-containing protein	Secretion & Molecular Export	N;U	COG6064	Core	5/5	Y	porL	T9SS					PgCG_01097	W83	HCNEGF_00267	UniRef90_Q7MXB6	930	309	W83__HCNEGF_00267
PgCG_01098	core_gene	Y	Y	cTD-A	GLUG domain-containing protein	Secretion & Molecular Export	U	COG6083	Core	5/5								PgCG_01098	W83	HCNEGF_02053	UniRef90_Q7MSZ4	1515	504	W83__HCNEGF_02053
PgCG_01099	core_gene	Y	Y	cusA	Heavy metal efflux pump, CzcA family	Secretion & Molecular Export	P	COG3696	Core	5/5								PgCG_01099	W83	HCNEGF_00061	UniRef90_Q7MXU3	3120	1039	W83__HCNEGF_00061
PgCG_01100	core_gene	Y	Y	czcD	Heavy metal efflux pump, CzcD family	Secretion & Molecular Export	P	COG1230	Core	5/5								PgCG_01100	W83	HCNEGF_00779	UniRef90_Q7MUS7	966	321	W83__HCNEGF_00779
PgCG_01101	core_gene	Y	Y	emrA	Hemolysin secretion protein D	Secretion & Molecular Export	V	COG1566	Core	5/5								PgCG_01101	W83	HCNEGF_00087	UniRef90_B2RMG3	996	331	W83__HCNEGF_00087
PgCG_01102	core_gene	Y	Y	porG	indolepyruvate oxidoreductase subunit beta	Secretion & Molecular Export	C	COG1014	Core	5/5								PgCG_01102	W83	HCNEGF_00606	UniRef90_Q7MWE8	594	197	W83__HCNEGF_00606
PgCG_01103	core_gene	Y	Y		Ion transporter	Secretion & Molecular Export			Core	5/5								PgCG_01103	W83	HCNEGF_01882	UniRef90_Q7MTD2	912	303	W83__HCNEGF_01882
PgCG_01104	core_gene	Y	Y	lldP	L-lactate permease	Secretion & Molecular Export	C	COG1620	Core	5/5								PgCG_01104	W83	HCNEGF_00846	UniRef90_B2RJV2	1551	516	W83__HCNEGF_00846
PgCG_01105	core_gene	Y	Y	narK	Lysosomal dipeptide transporter MFSD1	Secretion & Molecular Export	P	COG2223	Core	5/5								PgCG_01105	W83	HCNEGF_00419	UniRef90_B2RKY0	1404	467	W83__HCNEGF_00419
PgCG_01106	core_gene	Y	Y	mgtE	magnesium transporter	Secretion & Molecular Export	P	COG2239	Core	5/5								PgCG_01106	W83	HCNEGF_00130	UniRef90_Q7MXN8	1353	450	W83__HCNEGF_00130
PgCG_01107	core_gene	Y	Y		Major facilitator superfamily (MFS) profile domain-containing protein	Secretion & Molecular Export			Core	5/5								PgCG_01107	W83	HCNEGF_02045	UniRef90_Q7MT00	255	84	W83__HCNEGF_02045
PgCG_01108	core_gene	Y	Y	norM	MATE efflux family protein	Secretion & Molecular Export	V	COG0534	Core	5/5								PgCG_01108	W83	HCNEGF_00573	UniRef90_Q7MWH6	1365	454	W83__HCNEGF_00573
PgCG_01109	core_gene	Y	Y	acrA	Membrane fusion efflux protein	Secretion & Molecular Export	M;V	COG0845	Core	5/5								PgCG_01109	W83	HCNEGF_01531	UniRef90_B2RHW9	1107	368	W83__HCNEGF_01531
PgCG_01110	core_gene	Y	Y	norM	Multidrug-efflux transporter	Secretion & Molecular Export	V	COG0534	Core	5/5								PgCG_01110	W83	HCNEGF_01045	UniRef90_B2RK31	1452	483	W83__HCNEGF_01045
PgCG_01111	core_gene	Y	Y	pnuC	nicotinamide riboside transporter PnuC	Secretion & Molecular Export	H	COG3201	Core	5/5								PgCG_01111	W83	HCNEGF_01747	UniRef90_A0AAE9X813	609	202	W83__HCNEGF_01747
PgCG_01112	core_gene	Y	Y	nupG	Nucleoside permease NupG	Secretion & Molecular Export			Core	5/5								PgCG_01112	W83	HCNEGF_01688	UniRef90_Q7MTU9	1233	410	W83__HCNEGF_01688
PgCG_01113	core_gene	Y	Y	oPT	OPT family oligopeptide transporter	Secretion & Molecular Export	R	COG1297	Core	5/5								PgCG_01113	W83	HCNEGF_00402	UniRef90_Q7MWY5	1980	659	W83__HCNEGF_00402
PgCG_01114	core_gene	Y	Y	tolC	Outer membrane efflux protein	Secretion & Molecular Export	M	COG1538	Core	5/5	Y	tolC	OM_efflux					PgCG_01114	W83	HCNEGF_00060	UniRef90_Q7MXU4	1179	392	W83__HCNEGF_00060
PgCG_01115	core_gene	Y	Y	tolC	Outer membrane efflux protein	Secretion & Molecular Export	M	COG1538	Core	5/5	Y	tolC	OM_efflux					PgCG_01115	W83	HCNEGF_00611	UniRef90_Q7MWE3	1335	444	W83__HCNEGF_00611
PgCG_01116	core_gene	Y	Y	tolC	Outer membrane efflux protein	Secretion & Molecular Export	M	COG1538	Core	5/5	Y	tolC	OM_efflux					PgCG_01116	W83	HCNEGF_01532	UniRef90_A0A0E2LU56	1368	455	W83__HCNEGF_01532
PgCG_01117	core_gene	Y	Y		PG0541 family transporter-associated protein	Secretion & Molecular Export			Core	5/5								PgCG_01117	W83	HCNEGF_00491	UniRef90_Q7MWQ5	300	99	W83__HCNEGF_00491
PgCG_01118	core_gene	Y	Y	pitA	Phosphate transporter	Secretion & Molecular Export	P	COG0306	Core	5/5								PgCG_01118	W83	HCNEGF_01814	UniRef90_B2RM16	2268	755	W83__HCNEGF_01814
PgCG_01119	core_gene	Y	Y	porK	Por secretion system protein porK/gldK	Secretion & Molecular Export	N;U	COG6063	Core	5/5	Y	porK	T9SS					PgCG_01119	W83	HCNEGF_00266	UniRef90_B2RLF0	1476	491	W83__HCNEGF_00266
PgCG_01120	core_gene	Y	Y	porM	Por secretion system protein porM/gldM	Secretion & Molecular Export	N;U	COG6065	Core	5/5	Y	porM	T9SS					PgCG_01120	W83	HCNEGF_00268	UniRef90_B2RLE8	1551	516	W83__HCNEGF_00268
PgCG_01121	core_gene	Y	Y	porU	Por secretion system protein porU	Secretion & Molecular Export	U	COG6070	Core	5/5	Y	porU	T9SS					PgCG_01121	W83	HCNEGF_00025	UniRef90_B2RGP6	3477	1158	W83__HCNEGF_00025
PgCG_01122	core_gene	Y	Y	porW	Por secretion system protein porW/sprE	Secretion & Molecular Export	U	COG6072	Core	5/5	Y	porW	T9SS					PgCG_01122	W83	HCNEGF_01799	UniRef90_B2RM01	3483	1160	W83__HCNEGF_01799
PgCG_01123	core_gene	Y	Y	rfbX	PorS protein	Secretion & Molecular Export	M	COG2244	Core	5/5	Y	porS	T9SS					PgCG_01123	W83	HCNEGF_01025	UniRef90_Q7MVD2	1308	435	W83__HCNEGF_01025
PgCG_01124	core_gene	Y	Y	porT	PorT protein	Secretion & Molecular Export	U	COG6069	Core	5/5	Y	porT	T9SS					PgCG_01124	W83	HCNEGF_00675	UniRef90_F5HG90	735	244	W83__HCNEGF_00675
PgCG_01125	core_gene	Y	Y	salY	Putative ABC transporter ATP-binding protein	Secretion & Molecular Export	V	COG0577	Core	5/5								PgCG_01125	W83	HCNEGF_01530	UniRef90_B2RHX0	1263	420	W83__HCNEGF_01530
PgCG_01126	core_gene	Y	Y	mlaF	Putative ABC transporter ATP-binding protein	Secretion & Molecular Export	M	COG1127	Core	5/5								PgCG_01126	W83	HCNEGF_01125	UniRef90_B2RKE2	735	244	W83__HCNEGF_01125
PgCG_01127	core_gene	Y	Y	tauC	putative ABC transporter permease protein	Secretion & Molecular Export	P	COG0600	Core	5/5								PgCG_01127	W83	HCNEGF_00806	UniRef90_B2RJ33	750	249	W83__HCNEGF_00806
PgCG_01128	core_gene	Y	Y	focA	putative formate/nitrite transporter	Secretion & Molecular Export	P	COG2116	Core	5/5								PgCG_01128	W83	HCNEGF_00198	UniRef90_B2RHI8	786	261	W83__HCNEGF_00198
PgCG_01129	core_gene	Y	Y	tauE	putative membrane transporter protein	Secretion & Molecular Export	P	COG0730	Core	5/5								PgCG_01129	W83	HCNEGF_01448	UniRef90_B2RI62	807	268	W83__HCNEGF_01448
PgCG_01130	core_gene	Y	Y	tolC	putative outer membrane efflux protein	Secretion & Molecular Export	M	COG1538	Core	5/5	Y	tolC	OM_efflux					PgCG_01130	W83	HCNEGF_00488	UniRef90_B2RKQ6	1389	462	W83__HCNEGF_00488
PgCG_01131	core_gene	Y	Y	ybjL	putative transporter	Secretion & Molecular Export	R	COG2985	Core	5/5								PgCG_01131	W83	HCNEGF_00777	UniRef90_Q7MUS4	1680	559	W83__HCNEGF_00777
PgCG_01132	core_gene	Y	Y	ybjL	putative transporter	Secretion & Molecular Export	R	COG2985	Core	5/5								PgCG_01132	W83	HCNEGF_00508	UniRef90_Q7MWN8	1677	558	W83__HCNEGF_00508
PgCG_01133	core_gene	Y	Y	znuA	putative zinc ABC transporter zinc-binding protein	Secretion & Molecular Export	P	COG0803	Core	5/5								PgCG_01133	W83	HCNEGF_01617	UniRef90_B2RLH3	948	315	W83__HCNEGF_01617
PgCG_01134	core_gene	Y	Y	porG	Pyruvate synthase	Metabolic Homeostasis	C	COG1014	Core	5/5								PgCG_01134	W83	HCNEGF_00390	UniRef90_Q7MWZ9	1860	619	W83__HCNEGF_00390
PgCG_01135	core_gene	Y	Y	porX	Response regulator	Secretion & Molecular Export	U	COG6076	Core	5/5	Y	porX	T9SS_reg					PgCG_01135	W83	HCNEGF_01225	UniRef90_Q7MVV4	1545	514	W83__HCNEGF_01225
PgCG_01136	core_gene	Y	Y	gltP	Serine/threonine transporter	Secretion & Molecular Export	C	COG1301	Core	5/5								PgCG_01136	W83	HCNEGF_00297	UniRef90_Q7MX88	1179	392	W83__HCNEGF_00297
PgCG_01137	core_gene	Y	Y	corA	Transporter	Secretion & Molecular Export	P	COG0598	Core	5/5								PgCG_01137	W83	HCNEGF_00644	UniRef90_Q7MWB5	921	306	W83__HCNEGF_00644
PgCG_01138	core_gene	Y	Y		Transporter	Secretion & Molecular Export			Core	5/5								PgCG_01138	W83	HCNEGF_01500	UniRef90_Q7MUA6	1665	554	W83__HCNEGF_01500
PgCG_01139	core_gene	Y	Y	tolC	Transporter	Secretion & Molecular Export	M	COG1538	Core	5/5	Y	tolC	OM_efflux					PgCG_01139	W83	HCNEGF_00263	UniRef90_Q7MXC0	1506	501	W83__HCNEGF_00263
PgCG_01140	core_gene	Y	Y	trkA	Trk system potassium transporter TrkA	Secretion & Molecular Export	P;T	COG0569	Core	5/5								PgCG_01140	W83	HCNEGF_02055	UniRef90_Q7MSZ2	1341	446	W83__HCNEGF_02055
PgCG_01141	core_gene	Y	Y	porZ	TSS9 PorZ N-terminal beta-propeller domain-containing protein	Secretion & Molecular Export	T	COG3292	Core	5/5	Y	porZ	T9SS					PgCG_01141	W83	HCNEGF_01479	UniRef90_A0A0A2F0C4	2307	768	W83__HCNEGF_01479
PgCG_01142	core_gene	Y	Y	plug	Type 9 secretion system plug protein N-terminal domain-containing protein	Secretion & Molecular Export	U	COG6074	Core	5/5	Y	porPlug	T9SS					PgCG_01142	W83	HCNEGF_01940	UniRef90_B2RH18	1260	419	W83__HCNEGF_01940
PgCG_01143	core_gene	Y	Y	porP	type IX secretion system membrane protein PorP	Secretion & Molecular Export	U	COG6067	Core	5/5	Y	porP	T9SS					PgCG_01143	W83	HCNEGF_00265	UniRef90_Q7MXB8	942	313	W83__HCNEGF_00265
PgCG_01144	core_gene	Y	Y	porV	type IX secretion system outer membrane channel protein PorV	Secretion & Molecular Export	U	COG6071	Core	5/5	Y	porV	T9SS					PgCG_01144	W83	HCNEGF_00026	UniRef90_Q7MXX1	1176	391	W83__HCNEGF_00026
PgCG_01145	core_gene	Y	Y	porQ	type IX secretion system protein PorQ	Secretion & Molecular Export	U	COG6068	Core	5/5	Y	porQ	T9SS					PgCG_01145	W83	HCNEGF_00542	UniRef90_A0A0A2FEM6	1041	346	W83__HCNEGF_00542
PgCG_01146	core_gene	Y	Y	uraA	Uracil permease	Secretion & Molecular Export	F	COG2233	Core	5/5								PgCG_01146	W83	HCNEGF_01037	UniRef90_Q7MVE1	1188	395	W83__HCNEGF_01037
PgCG_01147	core_gene	Y	Y	uraA	Xanthine/uracil permease family protein	Secretion & Molecular Export	F	COG2233	Core	5/5								PgCG_01147	W83	HCNEGF_01987	UniRef90_Q7MT43	1338	445	W83__HCNEGF_01987
PgCG_01148	core_gene	Y	Y	nCS2	Xanthine/uracil permease family protein	Secretion & Molecular Export	F	COG2252	Core	5/5								PgCG_01148	W83	HCNEGF_01217	UniRef90_Q7MVU7	1302	433	W83__HCNEGF_01217
PgCG_01149	core_gene	Y	Y	kdsA	3-deoxy-8-phosphooctulonate synthase	Surface Structures & Colonization	M	COG2877	Core	5/5								PgCG_01149	W83	HCNEGF_01604	UniRef90_Q7MU26	819	272	W83__HCNEGF_01604
PgCG_01150	core_gene	Y	Y	kdtA	3-deoxy-D-manno-octulosonic acid transferase	Surface Structures & Colonization	M	COG1519	Core	5/5								PgCG_01150	W83	HCNEGF_01443	UniRef90_Q7MUF8	1239	412	W83__HCNEGF_01443
PgCG_01151	core_gene	Y	Y	kdsB	3-deoxy-manno-octulosonate cytidylyltransferase	Surface Structures & Colonization	M	COG1212	Core	5/5								PgCG_01151	W83	HCNEGF_01671	UniRef90_B2RLM4	765	254	W83__HCNEGF_01671
PgCG_01152	core_gene	Y	Y	lpxA	acyl-ACP--UDP-N-acetylglucosamine O-acyltransferase	Surface Structures & Colonization	M	COG1043	Core	5/5								PgCG_01152	W83	HCNEGF_00066	UniRef90_A0AAF0BGB7	792	263	W83__HCNEGF_00066
PgCG_01153	core_gene	Y	Y	wecH	Acyltransferase 3 domain-containing protein	Surface Structures & Colonization	M	COG3274	Core	5/5								PgCG_01153	W83	HCNEGF_00003	UniRef90_B2RGM7	1020	339	W83__HCNEGF_00003
PgCG_01154	core_gene	Y	Y		Acyltransferase 3 domain-containing protein	Surface Structures & Colonization			Core	5/5								PgCG_01154	W83	HCNEGF_01475	UniRef90_B2RI37	1026	341	W83__HCNEGF_01475
PgCG_01155	core_gene	Y	Y	lpxP	Acyltransferase, HtrB/MsbB family	Surface Structures & Colonization	I	COG1560	Core	5/5	Y	htrB	lipid_A_modif					PgCG_01155	W83	HCNEGF_02060	UniRef90_Q7MSY8	918	305	W83__HCNEGF_02060
PgCG_01156	core_gene	Y	Y	wcaJ	Bacterial sugar transferase domain-containing protein	Surface Structures & Colonization	M	COG2148	Core	5/5	Y	wbaQ	LPS					PgCG_01156	W83	HCNEGF_01027	UniRef90_B2RK57	615	204	W83__HCNEGF_01027
PgCG_01157	core_gene	Y	Y	lpxC	bifunctional UDP-3-O-[3-hydroxymyristoyl] N-acetylglucosamine deacetylase/3-hydroxyacyl-ACP dehydratase	Surface Structures & Colonization	M	COG0774	Core	5/5	Y	lpxC	LPS					PgCG_01157	W83	HCNEGF_00067	UniRef90_Q7MXT8	1389	462	W83__HCNEGF_00067
PgCG_01158	core_gene	Y	Y	cTD-A	Cleaved adhesin domain-containing protein	Surface Structures & Colonization	U	COG6083	Core	5/5	Y	cTD_adhesin	T9SS_cargo					PgCG_01158	W83	HCNEGF_00373	UniRef90_A0A0E2LND6	2766	921	W83__HCNEGF_00373
PgCG_01159	core_gene	Y	Y	fepA	Collagen-binding protein	Surface Structures & Colonization	P	COG4771	Core	5/5	Y	husB	heme_iron					PgCG_01159	W83	HCNEGF_02064	UniRef90_Q7MSY4	2223	740	W83__HCNEGF_02064
PgCG_01160	core_gene	Y	Y		Collagen-binding protein	Surface Structures & Colonization			Core	5/5	Y	fepA_pg	adhesin_other					PgCG_01160	W83	HCNEGF_00709	UniRef90_Q7MW57	2619	872	W83__HCNEGF_00709
PgCG_01161	core_gene	Y	Y	mfa2	fimbrial anchor subunit Mfa2	Surface Structures & Colonization			Core	5/5	Y	mfa2	adhesin_mfa					PgCG_01161	W83	HCNEGF_00172	UniRef90_B2RHG2	957	318	W83__HCNEGF_00172
PgCG_01162	core_gene	Y	Y	wecG	Glycosyl transferase	Surface Structures & Colonization	M	COG1922	Core	5/5								PgCG_01162	W83	HCNEGF_00117	UniRef90_Q50HU2	699	232	W83__HCNEGF_00117
PgCG_01163	core_gene	Y	Y	rfaB	Glycosyl transferase	Surface Structures & Colonization	M	COG0438	Core	5/5	Y	gtfE	glycosyltransferase					PgCG_01163	W83	HCNEGF_01021	UniRef90_B2RK64	1152	383	W83__HCNEGF_01021
PgCG_01164	core_gene	Y	Y	wcaA	Glycosyl transferase family 2	Surface Structures & Colonization	M	COG0463	Core	5/5								PgCG_01164	W83	HCNEGF_01232	UniRef90_B2RJK0	738	245	W83__HCNEGF_01232
PgCG_01165	core_gene	Y	Y	wcaE	Glycosyltransferase 2-like domain-containing protein	Surface Structures & Colonization	G	COG1216	Core	5/5								PgCG_01165	W83	HCNEGF_02061	UniRef90_P72199	1011	336	W83__HCNEGF_02061
PgCG_01166	core_gene	Y	Y	wcaA	Glycosyltransferase 2-like domain-containing protein	Surface Structures & Colonization	M	COG0463	Core	5/5								PgCG_01166	W83	HCNEGF_01640	UniRef90_B2RLJ8	711	236	W83__HCNEGF_01640
PgCG_01167	core_gene	Y	Y	wcaE	Glycosyltransferase 2-like domain-containing protein	Surface Structures & Colonization	G	COG1216	Core	5/5	Y	gtfF	glycosyltransferase					PgCG_01167	W83	HCNEGF_00273	UniRef90_B2RLE2	891	296	W83__HCNEGF_00273
PgCG_01168	core_gene	Y	Y		Glycosyltransferase RgtA/B/C/D-like domain-containing protein	Surface Structures & Colonization			Core	5/5								PgCG_01168	W83	HCNEGF_00796	UniRef90_Q7MUU1	1212	403	W83__HCNEGF_00796
PgCG_01169	core_gene	Y	Y		Glycosyltransferase RgtA/B/C/D-like domain-containing protein	Surface Structures & Colonization			Core	5/5								PgCG_01169	W83	HCNEGF_00826	UniRef90_A0A0E2LPI2	972	323	W83__HCNEGF_00826
PgCG_01170	core_gene	Y	Y	hagC	HagC hemagglutinin protein	Surface Structures & Colonization			Core	5/5	Y	hagC	hemagglutinin					PgCG_01170	W83	HCNEGF_01824	UniRef90_Q51830	1053	350	W83__HCNEGF_01824
PgCG_01171	core_gene	Y	Y		Hemagglutinin-related protein	Surface Structures & Colonization			Core	5/5								PgCG_01171	W83	HCNEGF_00401	UniRef90_Q7MWY6	1020	339	W83__HCNEGF_00401
PgCG_01172	core_gene	Y	Y	wbbJ	Hexapeptide transferase family protein	Surface Structures & Colonization	R	COG0110	Core	5/5	Y	wbpD	LPS					PgCG_01172	W83	HCNEGF_00002	UniRef90_Q7MXZ0	573	190	W83__HCNEGF_00002
PgCG_01173	core_gene	Y	Y	lpxE	Lipid A 1-phosphatase	Surface Structures & Colonization	I	COG0671	Core	5/5	Y	lpxE	lipid_A_modif					PgCG_01173	W83	HCNEGF_01630	UniRef90_B2RLI7	1338	445	W83__HCNEGF_01630
PgCG_01174	core_gene	Y	Y	lpxF	Lipid A 4'-phosphatase	Surface Structures & Colonization	I	COG0671	Core	5/5	Y	lpxF	lipid_A_modif					PgCG_01174	W83	HCNEGF_01461	UniRef90_B2RI48	717	238	W83__HCNEGF_01461
PgCG_01175	core_gene	Y	Y		lipid A deacylase	Surface Structures & Colonization			Core	5/5	Y	lpxR	lipid_A_modif					PgCG_01175	W83	HCNEGF_00853	UniRef90_B2RJU7	1200	399	W83__HCNEGF_00853
PgCG_01176	core_gene	Y	Y	lpxB	lipid-A-disaccharide synthase	Surface Structures & Colonization	M	COG0763	Core	5/5	Y	lpxB	LPS					PgCG_01176	W83	HCNEGF_01999	UniRef90_Q7MT33	1152	383	W83__HCNEGF_01999
PgCG_01177	core_gene	Y	Y	mviM	Lipopolysaccharide biosynthesis protein WbpB	Surface Structures & Colonization	R	COG0673	Core	5/5	Y	wbpB	LPS					PgCG_01177	W83	HCNEGF_01961	UniRef90_B2RH42	972	323	W83__HCNEGF_01961
PgCG_01178	core_gene	Y	Y	bud32	Lipopolysaccharide kinase	Surface Structures & Colonization	J	COG3642	Core	5/5								PgCG_01178	W83	HCNEGF_00125	UniRef90_B2RHB5	975	324	W83__HCNEGF_00125
PgCG_01179	core_gene	Y	Y	lptB	LPS export ABC transporter ATP-binding protein	Surface Structures & Colonization	M	COG1137	Core	5/5								PgCG_01179	W83	HCNEGF_00565	UniRef90_Q51842	756	251	W83__HCNEGF_00565
PgCG_01180	core_gene	Y	Y	lptC	LPS export ABC transporter periplasmic protein LptC	Surface Structures & Colonization			Core	5/5								PgCG_01180	W83	HCNEGF_00408	UniRef90_B2RKY6	705	234	W83__HCNEGF_00408
PgCG_01181	core_gene	Y	Y	lptD	LPS-assembly protein LptD central domain-containing protein	Surface Structures & Colonization	M	COG1452	Core	5/5								PgCG_01181	W83	HCNEGF_00782	UniRef90_Q7MUS9	2856	951	W83__HCNEGF_00782
PgCG_01182	core_gene	Y	Y	cpsB	Mannose-1-phosphate guanylyltransferase	Surface Structures & Colonization	M	COG0836	Core	5/5								PgCG_01182	W83	HCNEGF_02052	UniRef90_Q7MSZ5	1086	361	W83__HCNEGF_02052
PgCG_01183	core_gene	Y	Y	wecB	non-hydrolyzing UDP-N-acetylglucosamine 2-epimerase	Surface Structures & Colonization	M	COG0381	Core	5/5	Y	wecB	LPS					PgCG_01183	W83	HCNEGF_00118	UniRef90_Q7MXQ0	1149	382	W83__HCNEGF_00118
PgCG_01184	core_gene	Y	Y		O-antigen ligase-related domain-containing protein	Surface Structures & Colonization			Core	5/5								PgCG_01184	W83	HCNEGF_01109	UniRef90_Q7MVK6	1416	471	W83__HCNEGF_01109
PgCG_01185	core_gene	Y	Y		PGN_1808 family fimbria major subunit	Surface Structures & Colonization			Core	5/5								PgCG_01185	W83	HCNEGF_01726	UniRef90_Q7MTR3	1443	480	W83__HCNEGF_01726
PgCG_01186	core_gene	Y	Y		Polysaccharide biosynthesis protein	Surface Structures & Colonization			Core	5/5								PgCG_01186	W83	HCNEGF_01239	UniRef90_A0A0E2LSK4	1566	521	W83__HCNEGF_01239
PgCG_01187	core_gene	Y	Y	php1	polysaccharide biosynthesis protein-tyrosine phosphatase Php1	Surface Structures & Colonization	T	COG4464	Core	5/5	Y	php1	phosphatase					PgCG_01187	W83	HCNEGF_00395	UniRef90_Q7MWZ3	744	247	W83__HCNEGF_00395
PgCG_01188	core_gene	Y	Y	ptk1	polysaccharide biosynthesis tyrosine autokinase Ptk1	Surface Structures & Colonization	M	COG3206	Core	5/5	Y	ptk1	kinase					PgCG_01188	W83	HCNEGF_00396	UniRef90_A0AAF0BGW2	2469	822	W83__HCNEGF_00396
PgCG_01189	core_gene	Y	Y	wza	Polysaccharide export protein, BexD/CtrA/VexA family	Surface Structures & Colonization	M	COG1596	Core	5/5								PgCG_01189	W83	HCNEGF_00397	UniRef90_Q7MWZ1	924	307	W83__HCNEGF_00397
PgCG_01190	core_gene	Y	Y		Putative auto-transporter adhesin head GIN domain-containing protein	Surface Structures & Colonization			Core	5/5	Y	cTD_GIN	T9SS_cargo					PgCG_01190	W83	HCNEGF_00382	UniRef90_Q7MX07	858	285	W83__HCNEGF_00382
PgCG_01191	core_gene	Y	Y		Putative auto-transporter adhesin head GIN domain-containing protein	Surface Structures & Colonization			Core	5/5	Y	cTD_GIN	T9SS_cargo					PgCG_01191	W83	HCNEGF_00381	UniRef90_B2RL22	861	286	W83__HCNEGF_00381
PgCG_01192	core_gene	Y	Y		Putative auto-transporter adhesin head GIN domain-containing protein	Surface Structures & Colonization			Core	5/5	Y	cTD_GIN	T9SS_cargo					PgCG_01192	W83	HCNEGF_01151	UniRef90_B2RKH2	741	246	W83__HCNEGF_01151
PgCG_01193	core_gene	Y	Y		Putative O-antigen polymerase Wzy	Surface Structures & Colonization			Core	5/5	Y	wzy	A-LPS					PgCG_01193	W83	HCNEGF_01019	UniRef90_B2RK66	1044	347	W83__HCNEGF_01019
PgCG_01194	core_gene	Y	Y		putative partial hemagglutinin-related protein	Surface Structures & Colonization			Core	5/5								PgCG_01194	W83	HCNEGF_01541	UniRef90_B2RHW0	363	120	W83__HCNEGF_01541
PgCG_01195	core_gene	Y	Y	sbsA	SbsA Ig-like domain-containing protein	Surface Structures & Colonization			Core	5/5								PgCG_01195	W83	HCNEGF_00075	UniRef90_Q7MXS9	2178	725	W83__HCNEGF_00075
PgCG_01196	core_gene	Y	Y	lpxK	tetraacyldisaccharide 4'-kinase	Surface Structures & Colonization	M	COG1663	Core	5/5	Y	lpxK	LPS					PgCG_01196	W83	HCNEGF_00575	UniRef90_Q7MWH4	1074	357	W83__HCNEGF_00575
PgCG_01197	core_gene	Y	Y	lpxH	UDP-2,3-diacylglucosamine hydrolase	Surface Structures & Colonization	M	COG2908	Core	5/5								PgCG_01197	W83	HCNEGF_01635	UniRef90_Q7MTZ8	831	276	W83__HCNEGF_01635
PgCG_01198	core_gene	Y	Y	lpxD	UDP-3-O-(3-hydroxymyristoyl)glucosamine N-acyltransferase	Surface Structures & Colonization	M	COG1044	Core	5/5	Y	lpxD	LPS					PgCG_01198	W83	HCNEGF_00068	UniRef90_Q7MXT7	1050	349	W83__HCNEGF_00068
PgCG_01199	core_gene	Y	Y	galE	UDP-glucose 4-epimerase GalE	Surface Structures & Colonization	M	COG1087	Core	5/5	Y	galE	other_VF					PgCG_01199	W83	HCNEGF_00318	UniRef90_Q7MX67	1029	342	W83__HCNEGF_00318
PgCG_01200	core_gene	Y	Y	ugd	UDP-glucose 6-dehydrogenase	Surface Structures & Colonization	M	COG1004	Core	5/5	Y	wbpA	LPS					PgCG_01200	W83	HCNEGF_01018	UniRef90_Q7MVC7	1569	522	W83__HCNEGF_01018
PgCG_01201	core_gene	Y	Y	wecC	UDP-glucose 6-dehydrogenase	Surface Structures & Colonization	M	COG0677	Core	5/5								PgCG_01201	W83	HCNEGF_00902	UniRef90_B2RID7	1266	421	W83__HCNEGF_00902
PgCG_01202	core_gene	Y	Y	lptF	YjgP/YjgQ family permease	Surface Structures & Colonization	M;N	COG0795	Core	5/5								PgCG_01202	W83	HCNEGF_00540	UniRef90_Q7MWL0	1956	651	W83__HCNEGF_00540
PgCG_01203	core_gene	Y	Y	lptF	YjgP/YjgQ family permease	Surface Structures & Colonization	M;N	COG0795	Core	5/5								PgCG_01203	W83	HCNEGF_00451	UniRef90_Q7MWT6	1083	360	W83__HCNEGF_00451
PgCG_01204	core_gene	Y	Y	sfp	4'-phosphopantetheinyl transferase domain-containing protein	Uncharacterized Proteins	H	COG2091	Core	5/5								PgCG_01204	W83	HCNEGF_00253	UniRef90_B2RHP5	597	198	W83__HCNEGF_00253
PgCG_01205	core_gene	Y	Y		AAA domain-containing protein	Uncharacterized Proteins	R	COG1373	Core	5/5								PgCG_01205	W83	HCNEGF_00496	UniRef90_Q7MWP9	1182	393	W83__HCNEGF_00496
PgCG_01206	core_gene	Y	Y	plsC	Acyltransferase, putative	Uncharacterized Proteins	I	COG0204	Core	5/5								PgCG_01206	W83	HCNEGF_00830	UniRef90_Q7MUX2	516	171	W83__HCNEGF_00830
PgCG_01207	core_gene	Y	Y	rfaF	ADP-heptose--LPS heptosyltransferase, putative	Uncharacterized Proteins	M	COG0859	Core	5/5								PgCG_01207	W83	HCNEGF_01010	UniRef90_Q7MVB8	1056	351	W83__HCNEGF_01010
PgCG_01208	core_gene	Y	Y	dltB	Alginate O-acetyltransferase, putative	Uncharacterized Proteins	M	COG1696	Core	5/5								PgCG_01208	W83	HCNEGF_00984	UniRef90_Q7MV96	1536	511	W83__HCNEGF_00984
PgCG_01209	core_gene	Y	Y	phoA	Alkaline phosphatase, putative	Uncharacterized Proteins	P;R	COG1785	Core	5/5								PgCG_01209	W83	HCNEGF_01258	UniRef90_Q7MVY1	1692	563	W83__HCNEGF_01258
PgCG_01210	core_gene	Y	Y	afuC	Alpha-1,3/4-fucosidase, putative	Uncharacterized Proteins	G	COG3669	Core	5/5								PgCG_01210	W83	HCNEGF_01609	UniRef90_Q7MU22	1821	606	W83__HCNEGF_01609
PgCG_01211	core_gene	Y	Y	purF	Amidophosphoribosyltransferase, putative	Uncharacterized Proteins	F	COG0034	Core	5/5								PgCG_01211	W83	HCNEGF_00475	UniRef90_Q7MWR6	1884	627	W83__HCNEGF_00475
PgCG_01212	core_gene	Y	Y	rhtB	Amino acid exporter, putative	Uncharacterized Proteins	E	COG1280	Core	5/5								PgCG_01212	W83	HCNEGF_00804	UniRef90_Q7MUU7	639	212	W83__HCNEGF_00804
PgCG_01213	core_gene	Y	Y	aspB	Aminotransferase class I/classII large domain-containing protein	Uncharacterized Proteins	E	COG0436	Core	5/5								PgCG_01213	W83	HCNEGF_00859	UniRef90_A0A0E2LQH8	1311	436	W83__HCNEGF_00859
PgCG_01214	core_gene	Y	Y	asmA	AsmA domain-containing protein	Uncharacterized Proteins	M	COG2982	Core	5/5								PgCG_01214	W83	HCNEGF_01943	UniRef90_A0A0A2F487	4791	1596	W83__HCNEGF_01943
PgCG_01215	core_gene	Y	Y		AURKAIP1/COX24 domain-containing protein	Uncharacterized Proteins			Core	5/5								PgCG_01215	W83	HCNEGF_00920	UniRef90_Q7MV43	93	30	W83__HCNEGF_00920
PgCG_01216	core_gene	Y	Y		Bacterial Pleckstrin-like y domain-containing protein	Uncharacterized Proteins			Core	5/5								PgCG_01216	W83	HCNEGF_00888	UniRef90_Q7MV18	456	151	W83__HCNEGF_00888
PgCG_01217	core_gene	Y	Y	bamA	Bacterial surface antigen (D15) domain-containing protein	Uncharacterized Proteins	M	COG4775	Core	5/5	Y	bamA	OM_assembly					PgCG_01217	W83	HCNEGF_01942	UniRef90_B2RH21	2328	775	W83__HCNEGF_01942
PgCG_01218	core_gene	Y	Y	bamA	Bacterial surface antigen (D15) domain-containing protein	Uncharacterized Proteins	M	COG4775	Core	5/5	Y	bamA	OM_assembly					PgCG_01218	W83	HCNEGF_01176	UniRef90_B2RJE7	2325	774	W83__HCNEGF_01176
PgCG_01219	core_gene	Y	Y		BioF2-like acetyltransferase domain-containing protein	Uncharacterized Proteins			Core	5/5								PgCG_01219	W83	HCNEGF_01264	UniRef90_Q7MVY8	930	309	W83__HCNEGF_01264
PgCG_01220	core_gene	Y	Y		C2H2-type domain-containing protein	Uncharacterized Proteins			Core	5/5								PgCG_01220	W83	HCNEGF_00714	UniRef90_A0A0E2LS20	372	123	W83__HCNEGF_00714
PgCG_01221	core_gene	Y	Y	dR0291	C4-type zinc ribbon domain-containing protein	Uncharacterized Proteins	R	COG1579	Core	5/5								PgCG_01221	W83	HCNEGF_01889	UniRef90_B2RMB3	756	251	W83__HCNEGF_01889
PgCG_01222	core_gene	Y	Y	yaeI	Calcineurin-like phosphoesterase domain-containing protein	Uncharacterized Proteins	R	COG1408	Core	5/5								PgCG_01222	W83	HCNEGF_00005	UniRef90_Q7MXY7	1155	384	W83__HCNEGF_00005
PgCG_01223	core_gene	Y	Y	capA	CapA protein, putative	Uncharacterized Proteins	M	COG2843	Core	5/5								PgCG_01223	W83	HCNEGF_00874	UniRef90_Q7MV06	1188	395	W83__HCNEGF_00874
PgCG_01224	core_gene	Y	Y	qdoI	Cupin type-2 domain-containing protein	Uncharacterized Proteins	R	COG1917	Core	5/5								PgCG_01224	W83	HCNEGF_00298	UniRef90_Q7MX87	330	109	W83__HCNEGF_00298
PgCG_01225	core_gene	Y	Y	ftcD	Cyclodeaminase/cyclohydrolase domain-containing protein	Uncharacterized Proteins	E	COG3404	Core	5/5								PgCG_01225	W83	HCNEGF_00300	UniRef90_Q7MX85	630	209	W83__HCNEGF_00300
PgCG_01226	core_gene	Y	Y	cYTH	CYTH domain-containing protein	Metabolic Homeostasis	R	COG2954	Core	5/5								PgCG_01226	W83	HCNEGF_00897	UniRef90_Q7MV26	456	151	W83__HCNEGF_00897
PgCG_01227	core_gene	Y	Y	lCB5	DAGKc domain-containing protein	Uncharacterized Proteins	I;R	COG1597	Core	5/5								PgCG_01227	W83	HCNEGF_00838	UniRef90_Q7MUX7	882	293	W83__HCNEGF_00838
PgCG_01228	core_gene	Y	Y	dksA	DnaK suppressor protein, putative	Uncharacterized Proteins	K	COG1734	Core	5/5								PgCG_01228	W83	HCNEGF_01472	UniRef90_Q7MUD2	381	126	W83__HCNEGF_01472
PgCG_01229	core_gene	Y	Y		DUF1015 domain-containing protein	Uncharacterized Proteins	S	COG4198	Core	5/5								PgCG_01229	W83	HCNEGF_00899	UniRef90_Q7MV28	1248	415	W83__HCNEGF_00899
PgCG_01230	core_gene	Y	Y	ykvA	DUF1232 domain-containing protein	Uncharacterized Proteins	S	COG3339	Core	5/5								PgCG_01230	W83	HCNEGF_01681	UniRef90_B2RLL5	420	139	W83__HCNEGF_01681
PgCG_01231	core_gene	Y	Y		DUF1573 domain-containing protein	Uncharacterized Proteins			Core	5/5								PgCG_01231	W83	HCNEGF_00295	UniRef90_A0A0A2FBB3	1089	362	W83__HCNEGF_00295
PgCG_01232	core_gene	Y	Y		DUF1573 domain-containing protein	Uncharacterized Proteins			Core	5/5								PgCG_01232	W83	HCNEGF_00294	UniRef90_Q7MX91	384	127	W83__HCNEGF_00294
PgCG_01233	core_gene	Y	Y		DUF1896 domain-containing protein	Uncharacterized Proteins			Core	5/5								PgCG_01233	W83	HCNEGF_01335	UniRef90_Q7MUP8	459	152	W83__HCNEGF_01335
PgCG_01234	core_gene	Y	Y		DUF1905 domain-containing protein	Uncharacterized Proteins			Core	5/5								PgCG_01234	W83	HCNEGF_00159	UniRef90_Q7MXL1	315	104	W83__HCNEGF_00159
PgCG_01235	core_gene	Y	Y		DUF2007 domain-containing protein	Uncharacterized Proteins			Core	5/5								PgCG_01235	W83	HCNEGF_00056	UniRef90_Q7MXU8	384	127	W83__HCNEGF_00056
PgCG_01236	core_gene	Y	Y		DUF2023 domain-containing protein	Uncharacterized Proteins			Core	5/5								PgCG_01236	W83	HCNEGF_01706	UniRef90_Q7MTT4	354	117	W83__HCNEGF_01706
PgCG_01237	core_gene	Y	Y		DUF2029 domain-containing protein	Uncharacterized Proteins			Core	5/5								PgCG_01237	W83	HCNEGF_01639	UniRef90_Q7MTZ4	1188	395	W83__HCNEGF_01639
PgCG_01238	core_gene	Y	Y		DUF2130 domain-containing protein	Uncharacterized Proteins	S	COG4487	Core	5/5								PgCG_01238	W83	HCNEGF_00680	UniRef90_Q7MW84	1353	450	W83__HCNEGF_00680
PgCG_01239	core_gene	Y	Y		DUF2149 domain-containing protein	Uncharacterized Proteins	S	COG4744	Core	5/5	Y	hmuV	heme_iron					PgCG_01239	W83	HCNEGF_01436	UniRef90_Q7MUG5	327	108	W83__HCNEGF_01436
PgCG_01240	core_gene	Y	Y		DUF2520 domain-containing protein	Uncharacterized Proteins	R	COG5495	Core	5/5								PgCG_01240	W83	HCNEGF_00594	UniRef90_Q7MWF8	813	270	W83__HCNEGF_00594
PgCG_01241	core_gene	Y	Y		DUF2723 domain-containing protein	Uncharacterized Proteins			Core	5/5								PgCG_01241	W83	HCNEGF_01983	UniRef90_Q7MT47	3300	1099	W83__HCNEGF_01983
PgCG_01242	core_gene	Y	Y		DUF2764 domain-containing protein	Uncharacterized Proteins			Core	5/5								PgCG_01242	W83	HCNEGF_01657	UniRef90_B2RLN7	939	312	W83__HCNEGF_01657
PgCG_01243	core_gene	Y	Y		DUF2795 domain-containing protein	Uncharacterized Proteins			Core	5/5								PgCG_01243	W83	HCNEGF_00264	UniRef90_Q7MXB9	222	73	W83__HCNEGF_00264
PgCG_01244	core_gene	Y	Y		DUF2851 domain-containing protein	Uncharacterized Proteins			Core	5/5								PgCG_01244	W83	HCNEGF_02051	UniRef90_B2RMK1	1275	424	W83__HCNEGF_02051
PgCG_01245	core_gene	Y	Y		DUF2891 domain-containing protein	Uncharacterized Proteins			Core	5/5								PgCG_01245	W83	HCNEGF_00691	UniRef90_Q7MW77	1107	368	W83__HCNEGF_00691
PgCG_01246	core_gene	Y	Y		DUF306 domain-containing protein	Uncharacterized Proteins			Core	5/5								PgCG_01246	W83	HCNEGF_00635	UniRef90_B2RIR4	432	143	W83__HCNEGF_00635
PgCG_01247	core_gene	Y	Y		DUF3078 domain-containing protein	Uncharacterized Proteins			Core	5/5								PgCG_01247	W83	HCNEGF_00881	UniRef90_B2RJR7	1332	443	W83__HCNEGF_00881
PgCG_01248	core_gene	Y	Y		DUF3098 domain-containing protein	Uncharacterized Proteins			Core	5/5								PgCG_01248	W83	HCNEGF_01417	UniRef90_Q7MUH7	228	75	W83__HCNEGF_01417
PgCG_01249	core_gene	Y	Y		DUF3108 domain-containing protein	Uncharacterized Proteins			Core	5/5								PgCG_01249	W83	HCNEGF_01079	UniRef90_B2RK04	849	282	W83__HCNEGF_01079
PgCG_01250	core_gene	Y	Y		DUF3108 domain-containing protein	Uncharacterized Proteins			Core	5/5								PgCG_01250	W83	HCNEGF_01947	UniRef90_B2RH25	975	324	W83__HCNEGF_01947
PgCG_01251	core_gene	Y	Y		DUF3109 domain-containing protein	Uncharacterized Proteins			Core	5/5								PgCG_01251	W83	HCNEGF_00584	UniRef90_Q7MWG8	585	194	W83__HCNEGF_00584
PgCG_01252	core_gene	Y	Y		DUF3127 domain-containing protein	Uncharacterized Proteins			Core	5/5								PgCG_01252	W83	HCNEGF_01933	UniRef90_Q7MT93	420	139	W83__HCNEGF_01933
PgCG_01253	core_gene	Y	Y		DUF3256 domain-containing protein	Uncharacterized Proteins			Core	5/5								PgCG_01253	W83	HCNEGF_00798	UniRef90_Q7MUU3	711	236	W83__HCNEGF_00798
PgCG_01254	core_gene	Y	Y		DUF3276 domain-containing protein	Uncharacterized Proteins			Core	5/5								PgCG_01254	W83	HCNEGF_00585	UniRef90_B2RIL3	384	127	W83__HCNEGF_00585
PgCG_01255	core_gene	Y	Y		DUF3298 domain-containing protein	Uncharacterized Proteins			Core	5/5								PgCG_01255	W83	HCNEGF_00877	UniRef90_A0A0A2DZC9	846	281	W83__HCNEGF_00877
PgCG_01256	core_gene	Y	Y		DUF3298 domain-containing protein	Uncharacterized Proteins			Core	5/5								PgCG_01256	W83	HCNEGF_00423	UniRef90_B2RKX6	873	290	W83__HCNEGF_00423
PgCG_01257	core_gene	Y	Y		DUF3316 domain-containing protein	Uncharacterized Proteins			Core	5/5								PgCG_01257	W83	HCNEGF_01494	UniRef90_Q7MUB0	948	315	W83__HCNEGF_01494
PgCG_01258	core_gene	Y	Y		DUF3333 domain-containing protein	Uncharacterized Proteins			Core	5/5								PgCG_01258	W83	HCNEGF_01525	UniRef90_Q7MU88	393	130	W83__HCNEGF_01525
PgCG_01259	core_gene	Y	Y		DUF3467 domain-containing protein	Uncharacterized Proteins			Core	5/5								PgCG_01259	W83	HCNEGF_00954	UniRef90_Q7MV71	312	103	W83__HCNEGF_00954
PgCG_01260	core_gene	Y	Y		DUF349 domain-containing protein	Uncharacterized Proteins			Core	5/5								PgCG_01260	W83	HCNEGF_00980	UniRef90_Q7MV93	1881	626	W83__HCNEGF_00980
PgCG_01261	core_gene	Y	Y		DUF3575 domain-containing protein	Uncharacterized Proteins			Core	5/5								PgCG_01261	W83	HCNEGF_01971	UniRef90_Q7MT57	582	193	W83__HCNEGF_01971
PgCG_01262	core_gene	Y	Y		DUF3575 domain-containing protein	Uncharacterized Proteins			Core	5/5								PgCG_01262	W83	HCNEGF_02004	UniRef90_A0A099WY93	567	188	W83__HCNEGF_02004
PgCG_01263	core_gene	Y	Y		DUF3784 domain-containing protein	Uncharacterized Proteins			Core	5/5								PgCG_01263	W83	HCNEGF_00926	UniRef90_B2RKK9	267	88	W83__HCNEGF_00926
PgCG_01264	core_gene	Y	Y		DUF3822 domain-containing protein	Uncharacterized Proteins			Core	5/5								PgCG_01264	W83	HCNEGF_00884	UniRef90_Q7MV16	753	250	W83__HCNEGF_00884
PgCG_01265	core_gene	Y	Y		DUF3943 domain-containing protein	Uncharacterized Proteins			Core	5/5								PgCG_01265	W83	HCNEGF_01648	UniRef90_Q7MTY7	1410	469	W83__HCNEGF_01648
PgCG_01266	core_gene	Y	Y	mgtC	DUF4010 domain-containing protein	Uncharacterized Proteins	P	COG3174	Core	5/5								PgCG_01266	W83	HCNEGF_00411	UniRef90_B2RKY3	1275	424	W83__HCNEGF_00411
PgCG_01267	core_gene	Y	Y		DUF4105 domain-containing protein	Uncharacterized Proteins			Core	5/5								PgCG_01267	W83	HCNEGF_00464	UniRef90_A0A0A2F5J9	1248	415	W83__HCNEGF_00464
PgCG_01268	core_gene	Y	Y		DUF4199 domain-containing protein	Uncharacterized Proteins			Core	5/5								PgCG_01268	W83	HCNEGF_00288	UniRef90_Q7MX97	540	179	W83__HCNEGF_00288
PgCG_01269	core_gene	Y	Y		DUF4248 domain-containing protein	Uncharacterized Proteins			Core	5/5								PgCG_01269	W83	HCNEGF_00428	UniRef90_B2RKX0	267	88	W83__HCNEGF_00428
PgCG_01270	core_gene	Y	Y		DUF4252 domain-containing protein	Uncharacterized Proteins			Core	5/5								PgCG_01270	W83	HCNEGF_00205	UniRef90_Q7MXH2	453	150	W83__HCNEGF_00205
PgCG_01271	core_gene	Y	Y		DUF4252 domain-containing protein	Uncharacterized Proteins			Core	5/5								PgCG_01271	W83	HCNEGF_01171	UniRef90_Q7MVQ9	777	258	W83__HCNEGF_01171
PgCG_01272	core_gene	Y	Y		DUF4254 domain-containing protein	Uncharacterized Proteins			Core	5/5								PgCG_01272	W83	HCNEGF_01011	UniRef90_B2RK78	606	201	W83__HCNEGF_01011
PgCG_01273	core_gene	Y	Y		DUF4270 domain-containing protein	Uncharacterized Proteins			Core	5/5								PgCG_01273	W83	HCNEGF_01687	UniRef90_B2RLK9	1335	444	W83__HCNEGF_01687
PgCG_01274	core_gene	Y	Y		DUF4271 domain-containing protein	Uncharacterized Proteins			Core	5/5								PgCG_01274	W83	HCNEGF_00195	UniRef90_B2RHI5	708	235	W83__HCNEGF_00195
PgCG_01275	core_gene	Y	Y		DUF4290 domain-containing protein	Uncharacterized Proteins			Core	5/5								PgCG_01275	W83	HCNEGF_00819	UniRef90_Q7MUW0	603	200	W83__HCNEGF_00819
PgCG_01276	core_gene	Y	Y		DUF4292 domain-containing protein	Uncharacterized Proteins			Core	5/5								PgCG_01276	W83	HCNEGF_01199	UniRef90_Q7MVT4	864	287	W83__HCNEGF_01199
PgCG_01277	core_gene	Y	Y		DUF4293 domain-containing protein	Uncharacterized Proteins			Core	5/5								PgCG_01277	W83	HCNEGF_00955	UniRef90_Q7MV72	459	152	W83__HCNEGF_00955
PgCG_01278	core_gene	Y	Y		DUF4294 domain-containing protein	Uncharacterized Proteins			Core	5/5								PgCG_01278	W83	HCNEGF_01876	UniRef90_B2RMA0	636	211	W83__HCNEGF_01876
PgCG_01279	core_gene	Y	Y		DUF4295 domain-containing protein	Uncharacterized Proteins			Core	5/5								PgCG_01279	W83	HCNEGF_01811	UniRef90_A0A2U1F9C1	150	49	W83__HCNEGF_01811
PgCG_01280	core_gene	Y	Y		DUF4296 domain-containing protein	Uncharacterized Proteins			Core	5/5								PgCG_01280	W83	HCNEGF_01474	UniRef90_Q7MUD0	789	262	W83__HCNEGF_01474
PgCG_01281	core_gene	Y	Y		DUF4301 domain-containing protein	Uncharacterized Proteins			Core	5/5								PgCG_01281	W83	HCNEGF_00963	UniRef90_B2RJ89	1548	515	W83__HCNEGF_00963
PgCG_01282	core_gene	Y	Y		DUF4369 domain-containing protein	Uncharacterized Proteins			Core	5/5								PgCG_01282	W83	HCNEGF_01023	UniRef90_Q7MVD1	1128	375	W83__HCNEGF_01023
PgCG_01283	core_gene	Y	Y		DUF4375 domain-containing protein	Uncharacterized Proteins			Core	5/5								PgCG_01283	W83	HCNEGF_01337	UniRef90_A0A0E2LT94	522	173	W83__HCNEGF_01337
PgCG_01284	core_gene	Y	Y		DUF4492 domain-containing protein	Uncharacterized Proteins			Core	5/5								PgCG_01284	W83	HCNEGF_01248	UniRef90_Q7MVX3	249	82	W83__HCNEGF_01248
PgCG_01285	core_gene	Y	Y		DUF4494 domain-containing protein	Uncharacterized Proteins			Core	5/5								PgCG_01285	W83	HCNEGF_01968	UniRef90_Q7MT58	444	147	W83__HCNEGF_01968
PgCG_01286	core_gene	Y	Y		DUF452 domain-containing protein	Uncharacterized Proteins	S	COG2830	Core	5/5								PgCG_01286	W83	HCNEGF_01491	UniRef90_B2RHZ2	687	228	W83__HCNEGF_01491
PgCG_01287	core_gene	Y	Y		DUF4827 domain-containing protein	Uncharacterized Proteins			Core	5/5								PgCG_01287	W83	HCNEGF_01072	UniRef90_Q7MVH1	597	198	W83__HCNEGF_01072
PgCG_01288	core_gene	Y	Y		DUF4831 domain-containing protein	Uncharacterized Proteins			Core	5/5								PgCG_01288	W83	HCNEGF_01931	UniRef90_B2RH10	1092	363	W83__HCNEGF_01931
PgCG_01289	core_gene	Y	Y		DUF4834 domain-containing protein	Uncharacterized Proteins			Core	5/5								PgCG_01289	W83	HCNEGF_01190	UniRef90_Q7MVS6	246	81	W83__HCNEGF_01190
PgCG_01290	core_gene	Y	Y		DUF4835 domain-containing protein	Uncharacterized Proteins			Core	5/5								PgCG_01290	W83	HCNEGF_01699	UniRef90_A0A0A2EEE3	909	302	W83__HCNEGF_01699
PgCG_01291	core_gene	Y	Y		DUF4876 domain-containing protein	Uncharacterized Proteins			Core	5/5								PgCG_01291	W83	HCNEGF_01137	UniRef90_B2RKG0	1182	393	W83__HCNEGF_01137
PgCG_01292	core_gene	Y	Y		DUF4878 domain-containing protein	Uncharacterized Proteins			Core	5/5								PgCG_01292	W83	HCNEGF_00384	UniRef90_B2RL18	345	114	W83__HCNEGF_00384
PgCG_01293	core_gene	Y	Y	tamB	DUF490 domain-containing protein	Uncharacterized Proteins	U	COG2911	Core	5/5								PgCG_01293	W83	HCNEGF_01941	UniRef90_B2RH19	4521	1506	W83__HCNEGF_01941
PgCG_01294	core_gene	Y	Y		DUF4924 domain-containing protein	Uncharacterized Proteins			Core	5/5								PgCG_01294	W83	HCNEGF_00122	UniRef90_Q7MXP6	549	182	W83__HCNEGF_00122
PgCG_01295	core_gene	Y	Y		DUF5020 domain-containing protein	Uncharacterized Proteins			Core	5/5								PgCG_01295	W83	HCNEGF_01216	UniRef90_B2RJI4	723	240	W83__HCNEGF_01216
PgCG_01296	core_gene	Y	Y		DUF5063 domain-containing protein	Uncharacterized Proteins			Core	5/5								PgCG_01296	W83	HCNEGF_00334	UniRef90_B2RL69	561	186	W83__HCNEGF_00334
PgCG_01297	core_gene	Y	Y		DUF5106 domain-containing protein	Uncharacterized Proteins			Core	5/5								PgCG_01297	W83	HCNEGF_00627	UniRef90_B2RIQ6	972	323	W83__HCNEGF_00627
PgCG_01298	core_gene	Y	Y		DUF5117 domain-containing protein	Uncharacterized Proteins			Core	5/5								PgCG_01298	W83	HCNEGF_01875	UniRef90_Q7MTD8	2553	850	W83__HCNEGF_01875
PgCG_01299	core_gene	Y	Y		DUF5606 domain-containing protein	Uncharacterized Proteins			Core	5/5								PgCG_01299	TDC60	EGHGLF_00216	UniRef90_Q7MWV4	432	143	TDC60__EGHGLF_00216
PgCG_01300	core_gene	Y	Y		DUF5666 domain-containing protein	Uncharacterized Proteins			Core	5/5								PgCG_01300	W83	HCNEGF_00550	UniRef90_A0A0A2F944	690	229	W83__HCNEGF_00550
PgCG_01301	core_gene	Y	Y		DUF5683 domain-containing protein	Uncharacterized Proteins			Core	5/5								PgCG_01301	W83	HCNEGF_00136	UniRef90_Q7MXN2	708	235	W83__HCNEGF_00136
PgCG_01302	core_gene	Y	Y		DUF5687 domain-containing protein	Uncharacterized Proteins			Core	5/5								PgCG_01302	W83	HCNEGF_01545	UniRef90_Q7MU75	1473	490	W83__HCNEGF_01545
PgCG_01303	core_gene	Y	Y		DUF5723 domain-containing protein	Uncharacterized Proteins			Core	5/5								PgCG_01303	W83	HCNEGF_02012	UniRef90_Q7MT24	1746	581	W83__HCNEGF_02012
PgCG_01304	core_gene	Y	Y	mMP0362	DUF58 domain-containing protein	Uncharacterized Proteins	R	COG1721	Core	5/5								PgCG_01304	W83	HCNEGF_01454	UniRef90_Q7MUE8	762	253	W83__HCNEGF_01454
PgCG_01305	core_gene	Y	Y		DUF6078 domain-containing protein	Uncharacterized Proteins			Core	5/5								PgCG_01305	W83	HCNEGF_01927	UniRef90_B2RH06	477	158	W83__HCNEGF_01927
PgCG_01306	core_gene	Y	Y		DUF6242 domain-containing protein	Uncharacterized Proteins			Core	5/5								PgCG_01306	W83	HCNEGF_00181	UniRef90_A0A0E2LS85	1371	456	W83__HCNEGF_00181
PgCG_01307	core_gene	Y	Y		DUF6249 domain-containing protein	Uncharacterized Proteins			Core	5/5								PgCG_01307	W83	HCNEGF_01527	UniRef90_B2RHX3	408	135	W83__HCNEGF_01527
PgCG_01308	core_gene	Y	Y		DUF6819 domain-containing protein	Uncharacterized Proteins			Core	5/5								PgCG_01308	W83	HCNEGF_01752	UniRef90_Q7MTP4	1992	663	W83__HCNEGF_01752
PgCG_01309	core_gene	Y	Y		DUF6850 domain-containing protein	Uncharacterized Proteins			Core	5/5								PgCG_01309	W83	HCNEGF_01135	UniRef90_Q7MVM9	1644	547	W83__HCNEGF_01135
PgCG_01310	core_gene	Y	Y		DUF695 domain-containing protein	Uncharacterized Proteins			Core	5/5								PgCG_01310	W83	HCNEGF_01596	UniRef90_B2RHQ8	438	145	W83__HCNEGF_01596
PgCG_01311	core_gene	Y	Y		DUF7033 domain-containing protein	Uncharacterized Proteins			Core	5/5								PgCG_01311	W83	HCNEGF_01263	UniRef90_Q7MVY7	1362	453	W83__HCNEGF_01263
PgCG_01312	core_gene	Y	Y		DUF721 domain-containing protein	Uncharacterized Proteins			Core	5/5								PgCG_01312	W83	HCNEGF_00363	UniRef90_B2RL42	291	96	W83__HCNEGF_00363
PgCG_01313	core_gene	Y	Y	rhaT	EamA domain-containing protein	Uncharacterized Proteins	G;E;R	COG0697	Core	5/5								PgCG_01313	W83	HCNEGF_00307	UniRef90_B2RLA3	909	302	W83__HCNEGF_00307
PgCG_01314	core_gene	Y	Y	elsH	Endonuclease/exonuclease/phosphatase domain-containing protein	Uncharacterized Proteins	R	COG3568	Core	5/5								PgCG_01314	W83	HCNEGF_00785	UniRef90_B2RJ55	1146	381	W83__HCNEGF_00785
PgCG_01315	core_gene	Y	Y		Endonuclease/exonuclease/phosphatase domain-containing protein	Uncharacterized Proteins	R	COG2374	Core	5/5								PgCG_01315	W83	HCNEGF_00545	UniRef90_Q7MWK5	1044	347	W83__HCNEGF_00545
PgCG_01316	core_gene	Y	Y	rnfB	Fe-S cluster domain-containing protein	Metabolic Homeostasis	C	COG2878	Core	5/5								PgCG_01316	W83	HCNEGF_00279	UniRef90_B2RLD3	873	290	W83__HCNEGF_00279
PgCG_01317	core_gene	Y	Y	digH	Fibronectin type-III domain-containing protein	Uncharacterized Proteins	D	COG1649	Core	5/5								PgCG_01317	W83	HCNEGF_00431	UniRef90_B2RKW7	1548	515	W83__HCNEGF_00431
PgCG_01318	core_gene	Y	Y	fldA	Flavodoxin-like domain-containing protein	Uncharacterized Proteins	C	COG0716	Core	5/5								PgCG_01318	W83	HCNEGF_01043	UniRef90_A0A0E2M6V4	561	186	W83__HCNEGF_01043
PgCG_01319	core_gene	Y	Y	rnfG	FMN-binding domain-containing protein	Uncharacterized Proteins	C	COG4659	Core	5/5								PgCG_01319	W83	HCNEGF_01496	UniRef90_B2RHZ7	1191	396	W83__HCNEGF_01496
PgCG_01320	core_gene	Y	Y		Glycoside hydrolase family 57 N-terminal domain-containing protein	Uncharacterized Proteins	G	COG1449	Core	5/5								PgCG_01320	W83	HCNEGF_01551	UniRef90_Q7MU72	1287	428	W83__HCNEGF_01551
PgCG_01321	core_gene	Y	Y	digH	Glycosyl hydrolase-like 10 domain-containing protein	Uncharacterized Proteins	D	COG1649	Core	5/5								PgCG_01321	W83	HCNEGF_00058	UniRef90_A0A0E2LNI7	1539	512	W83__HCNEGF_00058
PgCG_01322	core_gene	Y	Y	rfaB	Glycosyl transferase family 1 domain-containing protein	Uncharacterized Proteins	M	COG0438	Core	5/5								PgCG_01322	W83	HCNEGF_00841	UniRef90_B2RJV8	1122	373	W83__HCNEGF_00841
PgCG_01323	core_gene	Y	Y		GSCFA domain-containing protein	Uncharacterized Proteins			Core	5/5								PgCG_01323	W83	HCNEGF_01069	UniRef90_Q7MVG8	984	327	W83__HCNEGF_01069
PgCG_01324	core_gene	Y	Y		GyrI-like small molecule binding domain-containing protein	Uncharacterized Proteins			Core	5/5								PgCG_01324	W83	HCNEGF_00778	UniRef90_A0A0E2M5X5	516	171	W83__HCNEGF_00778
PgCG_01325	core_gene	Y	Y	rnaY	HD domain-containing protein	Uncharacterized Proteins	J;R	COG1418	Core	5/5								PgCG_01325	W83	HCNEGF_00586	UniRef90_B2RIL4	552	183	W83__HCNEGF_00586
PgCG_01326	core_gene	Y	Y	pgpH	HD domain-containing protein	Uncharacterized Proteins	T	COG1480	Core	5/5								PgCG_01326	W83	HCNEGF_01466	UniRef90_B2RI45	2085	694	W83__HCNEGF_01466
PgCG_01327	core_gene	Y	Y	yciA	HotDog ACOT-type domain-containing protein	Metabolic Homeostasis	I	COG1607	Core	5/5								PgCG_01327	W83	HCNEGF_01095	UniRef90_Q7MVJ4	390	129	W83__HCNEGF_01095
PgCG_01328	core_gene	Y	Y	araC	HTH araC/xylS-type domain-containing protein	Uncharacterized Proteins	K	COG2207	Core	5/5								PgCG_01328	W83	HCNEGF_01998	UniRef90_B2RH79	900	299	W83__HCNEGF_01998
PgCG_01329	core_gene	Y	Y	vapI	HTH cro/C1-type domain-containing protein	Uncharacterized Proteins	V	COG3093	Core	5/5								PgCG_01329	W83	HCNEGF_01099	UniRef90_B2RJ81	441	146	W83__HCNEGF_01099
PgCG_01330	core_gene	Y	Y	rodZ	HTH cro/C1-type domain-containing protein	Uncharacterized Proteins	D	COG1426	Core	5/5								PgCG_01330	W83	HCNEGF_01414	UniRef90_B2RI98	342	113	W83__HCNEGF_01414
PgCG_01331	core_gene	Y	Y		HTH cro/C1-type domain-containing protein	Uncharacterized Proteins			Core	5/5								PgCG_01331	W83	HCNEGF_01159	UniRef90_A0A0E2LPA9	315	104	W83__HCNEGF_01159
PgCG_01332	core_gene	Y	Y		HU domain-containing protein	Uncharacterized Proteins			Core	5/5								PgCG_01332	W83	HCNEGF_01815	UniRef90_B2RM17	612	203	W83__HCNEGF_01815
PgCG_01333	core_gene	Y	Y		HU domain-containing protein	Uncharacterized Proteins			Core	5/5								PgCG_01333	W83	HCNEGF_01222	UniRef90_B2RJJ0	714	237	W83__HCNEGF_01222
PgCG_01334	core_gene	Y	Y	tatD	Hydrolase, putative	Uncharacterized Proteins	N	COG0084	Core	5/5								PgCG_01334	W83	HCNEGF_00705	UniRef90_Q7MW62	804	267	W83__HCNEGF_00705
PgCG_01335	core_gene	Y	Y		hypothetical protein	Uncharacterized Proteins			Core	5/5								PgCG_01335	W83	HCNEGF_00057	UniRef90_Q7MXU7	183	60	W83__HCNEGF_00057
PgCG_01336	core_gene	Y	Y		hypothetical protein	Uncharacterized Proteins			Core	5/5								PgCG_01336	W83	HCNEGF_00063		108	35	W83__HCNEGF_00063
PgCG_01337	core_gene	Y	Y		hypothetical protein	Uncharacterized Proteins			Core	5/5								PgCG_01337	W83	HCNEGF_00089	UniRef90_A0A0E2M2C4	120	39	W83__HCNEGF_00089
PgCG_01338	core_gene	Y	Y		hypothetical protein	Uncharacterized Proteins			Core	5/5								PgCG_01338	W83	HCNEGF_00100	UniRef90_A0A0E2LTH1	123	40	W83__HCNEGF_00100
PgCG_01339	core_gene	Y	Y		hypothetical protein	Uncharacterized Proteins			Core	5/5								PgCG_01339	W83	HCNEGF_00231	UniRef90_A0A0A2DYE5	477	158	W83__HCNEGF_00231
PgCG_01340	core_gene	Y	Y		hypothetical protein	Uncharacterized Proteins			Core	5/5								PgCG_01340	W83	HCNEGF_01336	UniRef90_Q7MUP6	360	119	W83__HCNEGF_01336
PgCG_01341	core_gene	Y	Y		hypothetical protein	Uncharacterized Proteins			Core	5/5								PgCG_01341	W83	HCNEGF_00829	UniRef90_Q7MUX1	402	133	W83__HCNEGF_00829
PgCG_01342	core_gene	Y	Y		hypothetical protein	Uncharacterized Proteins			Core	5/5								PgCG_01342	W83	HCNEGF_00849		186	61	W83__HCNEGF_00849
PgCG_01343	core_gene	Y	Y		hypothetical protein	Uncharacterized Proteins			Core	5/5								PgCG_01343	W83	HCNEGF_00637	UniRef90_A0A0E2LQH7	123	40	W83__HCNEGF_00637
PgCG_01344	core_gene	Y	Y		hypothetical protein	Uncharacterized Proteins			Core	5/5								PgCG_01344	W83	HCNEGF_00619		162	53	W83__HCNEGF_00619
PgCG_01345	core_gene	Y	Y		hypothetical protein	Uncharacterized Proteins			Core	5/5								PgCG_01345	W83	HCNEGF_00613		498	165	W83__HCNEGF_00613
PgCG_01346	core_gene	Y	Y		hypothetical protein	Uncharacterized Proteins			Core	5/5								PgCG_01346	W83	HCNEGF_01845	UniRef90_Q7MTG4	162	53	W83__HCNEGF_01845
PgCG_01347	core_gene	Y	Y		hypothetical protein	Uncharacterized Proteins			Core	5/5								PgCG_01347	W83	HCNEGF_01853	UniRef90_B2RM75	360	119	W83__HCNEGF_01853
PgCG_01348	core_gene	Y	Y		hypothetical protein	Uncharacterized Proteins			Core	5/5								PgCG_01348	W83	HCNEGF_01873	UniRef90_Q7MTE0	525	174	W83__HCNEGF_01873
PgCG_01349	core_gene	Y	Y		hypothetical protein	Uncharacterized Proteins			Core	5/5								PgCG_01349	W83	HCNEGF_01883	UniRef90_Q7MTD1	222	73	W83__HCNEGF_01883
PgCG_01350	core_gene	Y	Y		hypothetical protein	Uncharacterized Proteins			Core	5/5								PgCG_01350	W83	HCNEGF_01892	UniRef90_Q7MTC2	351	116	W83__HCNEGF_01892
PgCG_01351	core_gene	Y	Y		hypothetical protein	Uncharacterized Proteins			Core	5/5	Y	hmuT	heme_iron					PgCG_01351	W83	HCNEGF_01434	UniRef90_Q7MUG7	678	225	W83__HCNEGF_01434
PgCG_01352	core_gene	Y	Y		hypothetical protein	Uncharacterized Proteins			Core	5/5								PgCG_01352	W83	HCNEGF_00196	UniRef90_Q7MXI1	219	72	W83__HCNEGF_00196
PgCG_01353	core_gene	Y	Y		hypothetical protein	Uncharacterized Proteins			Core	5/5								PgCG_01353	W83	HCNEGF_00868	UniRef90_Q7MV01	411	136	W83__HCNEGF_00868
PgCG_01354	core_gene	Y	Y		hypothetical protein	Uncharacterized Proteins			Core	5/5								PgCG_01354	W83	HCNEGF_00883	UniRef90_Q7MV15	633	210	W83__HCNEGF_00883
PgCG_01355	core_gene	Y	Y		hypothetical protein	Uncharacterized Proteins			Core	5/5								PgCG_01355	W83	HCNEGF_00702	UniRef90_Q7MW64	471	156	W83__HCNEGF_00702
PgCG_01356	core_gene	Y	Y		hypothetical protein	Uncharacterized Proteins			Core	5/5								PgCG_01356	W83	HCNEGF_00650	UniRef90_Q7MWA9	153	50	W83__HCNEGF_00650
PgCG_01357	core_gene	Y	Y		hypothetical protein	Uncharacterized Proteins			Core	5/5								PgCG_01357	W83	HCNEGF_01667	UniRef90_B2RLM8	180	59	W83__HCNEGF_01667
PgCG_01358	core_gene	Y	Y		hypothetical protein	Uncharacterized Proteins			Core	5/5								PgCG_01358	W83	HCNEGF_01484	UniRef90_A0A0E2LT32	237	78	W83__HCNEGF_01484
PgCG_01359	core_gene	Y	Y		hypothetical protein	Uncharacterized Proteins			Core	5/5								PgCG_01359	W83	HCNEGF_01020	UniRef90_B2RK65	312	103	W83__HCNEGF_01020
PgCG_01360	core_gene	Y	Y		hypothetical protein	Uncharacterized Proteins			Core	5/5								PgCG_01360	W83	HCNEGF_01031	UniRef90_B2RK54	453	150	W83__HCNEGF_01031
PgCG_01361	core_gene	Y	Y		hypothetical protein	Uncharacterized Proteins			Core	5/5								PgCG_01361	W83	HCNEGF_01234	UniRef90_Q7MVW2	756	251	W83__HCNEGF_01234
PgCG_01362	core_gene	Y	Y		hypothetical protein	Uncharacterized Proteins			Core	5/5								PgCG_01362	W83	HCNEGF_01243		102	33	W83__HCNEGF_01243
PgCG_01363	core_gene	Y	Y		hypothetical protein	Uncharacterized Proteins			Core	5/5								PgCG_01363	W83	HCNEGF_00370	UniRef90_A0AAE9XBF9	315	104	W83__HCNEGF_00370
PgCG_01364	core_gene	Y	Y		hypothetical protein	Uncharacterized Proteins			Core	5/5	Y	ndk	METABOLIC					PgCG_01364	W83	HCNEGF_01744	UniRef90_Q7MTQ1	699	232	W83__HCNEGF_01744
PgCG_01365	core_gene	Y	Y		hypothetical protein	Uncharacterized Proteins			Core	5/5								PgCG_01365	W83	HCNEGF_01237	UniRef90_Q7MVW4	381	126	W83__HCNEGF_01237
PgCG_01366	core_gene	Y	Y		hypothetical protein	Uncharacterized Proteins			Core	5/5								PgCG_01366	W83	HCNEGF_01716	UniRef90_A0A0E2LSB9	168	55	W83__HCNEGF_01716
PgCG_01367	core_gene	Y	Y		hypothetical protein	Uncharacterized Proteins			Core	5/5								PgCG_01367	W83	HCNEGF_01992	UniRef90_Q7MT40	186	61	W83__HCNEGF_01992
PgCG_01368	core_gene	Y	Y		hypothetical protein	Uncharacterized Proteins			Core	5/5								PgCG_01368	W83	HCNEGF_00850	UniRef90_A0AAE9XF07	174	57	W83__HCNEGF_00850
PgCG_01369	core_gene	Y	Y		hypothetical protein	Uncharacterized Proteins			Core	5/5								PgCG_01369	W83	HCNEGF_00102		177	58	W83__HCNEGF_00102
PgCG_01370	core_gene	Y	Y		hypothetical protein	Uncharacterized Proteins			Core	5/5								PgCG_01370	W83	HCNEGF_01430		132	43	W83__HCNEGF_01430
PgCG_01371	core_gene	Y	Y		hypothetical protein	Uncharacterized Proteins			Core	5/5								PgCG_01371	W83	HCNEGF_01426	UniRef90_Q7MUH1	354	117	W83__HCNEGF_01426
PgCG_01372	core_gene	Y	Y		hypothetical protein	Uncharacterized Proteins			Core	5/5								PgCG_01372	W83	HCNEGF_00941		90	29	W83__HCNEGF_00941
PgCG_01373	core_gene	Y	Y		hypothetical protein	Uncharacterized Proteins			Core	5/5								PgCG_01373	W83	HCNEGF_00951		213	70	W83__HCNEGF_00951
PgCG_01374	core_gene	Y	Y		hypothetical protein	Uncharacterized Proteins			Core	5/5								PgCG_01374	W83	HCNEGF_00978	UniRef90_B2RM11	174	57	W83__HCNEGF_00978
PgCG_01375	core_gene	Y	Y		hypothetical protein	Uncharacterized Proteins			Core	5/5								PgCG_01375	W83	HCNEGF_01149		108	35	W83__HCNEGF_01149
PgCG_01376	core_gene	Y	Y		hypothetical protein	Uncharacterized Proteins			Core	5/5								PgCG_01376	W83	HCNEGF_01172	UniRef90_Q7MVR0	558	185	W83__HCNEGF_01172
PgCG_01377	core_gene	Y	Y		hypothetical protein	Uncharacterized Proteins			Core	5/5								PgCG_01377	W83	HCNEGF_00323	UniRef90_Q7MX60	927	308	W83__HCNEGF_00323
PgCG_01378	core_gene	Y	Y		hypothetical protein	Uncharacterized Proteins			Core	5/5								PgCG_01378	W83	HCNEGF_01548		147	48	W83__HCNEGF_01548
PgCG_01379	core_gene	Y	Y	yIH1	Impact N-terminal domain-containing protein	Uncharacterized Proteins	R	COG1739	Core	5/5								PgCG_01379	W83	HCNEGF_00121	UniRef90_Q7MXP7	621	206	W83__HCNEGF_00121
PgCG_01380	core_gene	Y	Y		Inositolphosphotransferase Aur1/Ipt1 domain-containing protein	Uncharacterized Proteins			Core	5/5								PgCG_01380	W83	HCNEGF_01601	UniRef90_Q7MU30	1035	344	W83__HCNEGF_01601
PgCG_01381	core_gene	Y	Y		Intein	Uncharacterized Proteins			Core	5/5								PgCG_01381	W83	HCNEGF_01339	UniRef90_A0A2U1FEX9	282	93	W83__HCNEGF_01339
PgCG_01382	core_gene	Y	Y		KilA-N DNA-binding domain-containing protein	Uncharacterized Proteins			Core	5/5								PgCG_01382	W83	HCNEGF_01334	UniRef90_G8UI77	534	177	W83__HCNEGF_01334
PgCG_01383	core_gene	Y	Y	hisC	L-threonine-O-3-phosphate decarboxylase, putative	Uncharacterized Proteins	E	COG0079	Core	5/5								PgCG_01383	W83	HCNEGF_00013	UniRef90_Q7MXY2	1029	342	W83__HCNEGF_00013
PgCG_01384	core_gene	Y	Y		Lipocalin-like domain-containing protein	Uncharacterized Proteins			Core	5/5								PgCG_01384	W83	HCNEGF_01505	UniRef90_Q7MUA2	426	141	W83__HCNEGF_01505
PgCG_01385	core_gene	Y	Y	oadG	LTD domain-containing protein	Uncharacterized Proteins	C	COG3630	Core	5/5								PgCG_01385	W83	HCNEGF_01485	UniRef90_B2RI25	942	313	W83__HCNEGF_01485
PgCG_01386	core_gene	Y	Y		LTD domain-containing protein	Uncharacterized Proteins			Core	5/5								PgCG_01386	W83	HCNEGF_00513	UniRef90_A0A0A2F266	1557	518	W83__HCNEGF_00513
PgCG_01387	core_gene	Y	Y	lutC	LUD domain-containing protein	Uncharacterized Proteins	C	COG1556	Core	5/5								PgCG_01387	W83	HCNEGF_00994	UniRef90_B2RK94	585	194	W83__HCNEGF_00994
PgCG_01388	core_gene	Y	Y	lysM	LysM domain-containing protein	Uncharacterized Proteins			Core	5/5								PgCG_01388	W83	HCNEGF_00145	UniRef90_B2RHD6	1269	422	W83__HCNEGF_00145
PgCG_01389	core_gene	Y	Y	sleL	LysM domain-containing protein	Uncharacterized Proteins	D	COG3858	Core	5/5								PgCG_01389	W83	HCNEGF_01989	UniRef90_B2RH72	1506	501	W83__HCNEGF_01989
PgCG_01390	core_gene	Y	Y	mlaD	Mce/MlaD domain-containing protein	Uncharacterized Proteins	M	COG1463	Core	5/5	Y	mlaD	OMV_biogen					PgCG_01390	W83	HCNEGF_01111	UniRef90_Q7MVK8	879	292	W83__HCNEGF_01111
PgCG_01391	core_gene	Y	Y	mauE	Methylamine utilisation protein MauE domain-containing protein	Uncharacterized Proteins			Core	5/5								PgCG_01391	W83	HCNEGF_00559	UniRef90_B2RII8	1293	430	W83__HCNEGF_00559
PgCG_01392	core_gene	Y	Y	ubiE	Methyltransferase domain-containing protein	Uncharacterized Proteins	H;J	COG2226	Core	5/5								PgCG_01392	W83	HCNEGF_01717	UniRef90_B2RLS2	666	221	W83__HCNEGF_01717
PgCG_01393	core_gene	Y	Y	mnmC	MnmC-like methyltransferase domain-containing protein	Uncharacterized Proteins	J	COG4121	Core	5/5								PgCG_01393	W83	HCNEGF_01985	UniRef90_B2RH68	687	228	W83__HCNEGF_01985
PgCG_01394	core_gene	Y	Y		N-acetyltransferase domain-containing protein	Uncharacterized Proteins			Core	5/5								PgCG_01394	W83	HCNEGF_00255	UniRef90_A0A099WZ02	1128	375	W83__HCNEGF_00255
PgCG_01395	core_gene	Y	Y	rimI	N-acetyltransferase domain-containing protein	Uncharacterized Proteins	J	COG0456	Core	5/5								PgCG_01395	W83	HCNEGF_01619	UniRef90_B2RLH5	576	191	W83__HCNEGF_01619
PgCG_01396	core_gene	Y	Y	nlpC	NlpC/P60 domain-containing protein	Uncharacterized Proteins	M	COG0791	Core	5/5	Y	nlpC	peptidase					PgCG_01396	W83	HCNEGF_00666	UniRef90_B2RIU5	570	189	W83__HCNEGF_00666
PgCG_01397	core_gene	Y	Y	pgaB	NodB-like y domain-containing protein	Uncharacterized Proteins	G;M	COG0726	Core	5/5								PgCG_01397	W83	HCNEGF_01641	UniRef90_Q7MTZ2	795	264	W83__HCNEGF_01641
PgCG_01398	core_gene	Y	Y	mazG	NTP pyrophosphohydrolase MazG-like domain-containing protein	Uncharacterized Proteins	V	COG1694	Core	5/5								PgCG_01398	W83	HCNEGF_01843	UniRef90_Q7MTG6	351	116	W83__HCNEGF_01843
PgCG_01399	core_gene	Y	Y		Nucleotide modification associated domain-containing protein	Uncharacterized Proteins			Core	5/5								PgCG_01399	W83	HCNEGF_00558	UniRef90_Q7MWI9	549	182	W83__HCNEGF_00558
PgCG_01400	core_gene	Y	Y	yjhB	Nudix hydrolase domain-containing protein	Uncharacterized Proteins	F	COG1051	Core	5/5								PgCG_01400	W83	HCNEGF_01598	UniRef90_B2RHQ6	555	184	W83__HCNEGF_01598
PgCG_01401	core_gene	Y	Y		Nudix hydrolase domain-containing protein	Uncharacterized Proteins			Core	5/5								PgCG_01401	W83	HCNEGF_00394	UniRef90_B2RL00	1116	371	W83__HCNEGF_00394
PgCG_01402	core_gene	Y	Y	ompA	OmpA-like domain-containing protein	Uncharacterized Proteins	M	COG2885	Core	5/5								PgCG_01402	W83	HCNEGF_02003	UniRef90_A0A0A2FEM3	1440	479	W83__HCNEGF_02003
PgCG_01403	core_gene	Y	Y		Organic solvent tolerance-like N-terminal domain-containing protein	Uncharacterized Proteins			Core	5/5								PgCG_01403	W83	HCNEGF_00376	UniRef90_Q7MX13	1881	626	W83__HCNEGF_00376
PgCG_01404	core_gene	Y	Y	oadA1	Oxaloacetate decarboxylase, putative	Uncharacterized Proteins	C	COG5016	Core	5/5								PgCG_01404	W83	HCNEGF_00236	UniRef90_Q7MXE8	1860	619	W83__HCNEGF_00236
PgCG_01405	core_gene	Y	Y		PAS fold-4 domain-containing protein	Uncharacterized Proteins			Core	5/5								PgCG_01405	W83	HCNEGF_00641	UniRef90_Q7MWB8	348	115	W83__HCNEGF_00641
PgCG_01406	core_gene	Y	Y	pASTA	PASTA domain-containing protein	Uncharacterized Proteins	M	COG2815	Core	5/5								PgCG_01406	W83	HCNEGF_00657	UniRef90_Q7MWA1	657	218	W83__HCNEGF_00657
PgCG_01407	core_gene	Y	Y	addB	PD-(D/E)XK endonuclease-like domain-containing protein	Uncharacterized Proteins	L	COG3857	Core	5/5								PgCG_01407	W83	HCNEGF_00465	UniRef90_Q7MWS2	3024	1007	W83__HCNEGF_00465
PgCG_01408	core_gene	Y	Y	ctpA	PDZ domain-containing protein	Uncharacterized Proteins	O	COG0793	Core	5/5								PgCG_01408	W83	HCNEGF_01589	UniRef90_B2RHR5	1419	472	W83__HCNEGF_01589
PgCG_01409	core_gene	Y	Y		PEGA domain-containing protein	Uncharacterized Proteins			Core	5/5								PgCG_01409	W83	HCNEGF_00653	UniRef90_A0A0A2F3D1	390	129	W83__HCNEGF_00653
PgCG_01410	core_gene	Y	Y	ftsI	Penicillin-binding protein 2, putative	Uncharacterized Proteins	D;M	COG0768	Core	5/5								PgCG_01410	W83	HCNEGF_00517	UniRef90_Q7MWM8	2202	733	W83__HCNEGF_00517
PgCG_01411	core_gene	Y	Y		Phosphatidylglycerol lysyltransferase C-terminal domain-containing protein	Uncharacterized Proteins	R	COG4866	Core	5/5								PgCG_01411	W83	HCNEGF_01690	UniRef90_Q7MTU7	930	309	W83__HCNEGF_01690
PgCG_01412	core_gene	Y	Y	plsC	Phospholipid/glycerol acyltransferase domain-containing protein	Uncharacterized Proteins	I	COG0204	Core	5/5								PgCG_01412	W83	HCNEGF_00654	UniRef90_Q7MWA3	1161	386	W83__HCNEGF_00654
PgCG_01413	core_gene	Y	Y	alr0228	Phospholipid/glycerol acyltransferase domain-containing protein	Uncharacterized Proteins	R	COG3176	Core	5/5								PgCG_01413	W83	HCNEGF_01721	UniRef90_B2RLS7	828	275	W83__HCNEGF_01721
PgCG_01414	core_gene	Y	Y		Plasmid pRiA4b Orf3-like domain-containing protein	Uncharacterized Proteins			Core	5/5								PgCG_01414	W83	HCNEGF_00310	UniRef90_A0A0A2EIV5	570	189	W83__HCNEGF_00310
PgCG_01415	core_gene	Y	Y	rssA	PNPLA domain-containing protein	Uncharacterized Proteins	R	COG1752	Core	5/5								PgCG_01415	W83	HCNEGF_01251	UniRef90_Q7MVX6	792	263	W83__HCNEGF_01251
PgCG_01416	core_gene	Y	Y	rssA	PNPLA domain-containing protein	Uncharacterized Proteins	R	COG1752	Core	5/5								PgCG_01416	W83	HCNEGF_01724	UniRef90_Q7MTR5	1020	339	W83__HCNEGF_01724
PgCG_01417	core_gene	Y	Y	rfbX	Polysaccharide biosynthesis protein C-terminal domain-containing protein	Uncharacterized Proteins	M	COG2244	Core	5/5								PgCG_01417	W83	HCNEGF_00129	UniRef90_B2RHC0	1506	501	W83__HCNEGF_00129
PgCG_01418	core_gene	Y	Y	yaaT	PSP1 C-terminal domain-containing protein	Uncharacterized Proteins	T	COG1774	Core	5/5								PgCG_01418	W83	HCNEGF_00366	UniRef90_B2RL39	1413	470	W83__HCNEGF_00366
PgCG_01419	core_gene	Y	Y	rlmK	PUA domain-containing protein	Uncharacterized Proteins	J	COG1092	Core	5/5								PgCG_01419	W83	HCNEGF_00332	UniRef90_Q7MX51	1206	401	W83__HCNEGF_00332
PgCG_01420	core_gene	Y	Y	comB	putative 2-phosphosulfolactate phosphatase	Uncharacterized Proteins	H	COG2045	Core	5/5								PgCG_01420	W83	HCNEGF_00014	UniRef90_Q7MXY1	771	256	W83__HCNEGF_00014
PgCG_01421	core_gene	Y	Y	gDB1	Putative 4-alpha-glucanotransferase	Uncharacterized Proteins	G	COG3408	Core	5/5								PgCG_01421	W83	HCNEGF_01549	UniRef90_B2RHV3	1977	658	W83__HCNEGF_01549
PgCG_01422	core_gene	Y	Y	paaY	Putative acetyltransferase	Uncharacterized Proteins	R	COG0663	Core	5/5								PgCG_01422	W83	HCNEGF_00961	UniRef90_B2RJ87	540	179	W83__HCNEGF_00961
PgCG_01423	core_gene	Y	Y	alr0228	Putative acyltransferase ACT14924-like acyltransferase domain-containing protein	Uncharacterized Proteins	R	COG3176	Core	5/5								PgCG_01423	W83	HCNEGF_01917	UniRef90_A0A0A2F1C7	861	286	W83__HCNEGF_01917
PgCG_01424	core_gene	Y	Y	afuC	Putative alpha-L-fucosidase	Uncharacterized Proteins	G	COG3669	Core	5/5								PgCG_01424	W83	HCNEGF_01728	UniRef90_B2RLT5	2097	698	W83__HCNEGF_01728
PgCG_01425	core_gene	Y	Y	comFC	putative amidophosphoribosyl-transferase	Uncharacterized Proteins	R	COG1040	Core	5/5								PgCG_01425	W83	HCNEGF_00153	UniRef90_B2RHE4	741	246	W83__HCNEGF_00153
PgCG_01426	core_gene	Y	Y	chrA	putative chromate transport protein	Uncharacterized Proteins	P	COG2059	Core	5/5								PgCG_01426	W83	HCNEGF_00271	UniRef90_B2RLE5	594	197	W83__HCNEGF_00271
PgCG_01427	core_gene	Y	Y	lutB	Putative electron transport protein	Uncharacterized Proteins	C	COG1139	Core	5/5								PgCG_01427	W83	HCNEGF_00995	UniRef90_B2RK93	1368	455	W83__HCNEGF_00995
PgCG_01428	core_gene	Y	Y	dnaQ	putative exonuclease	Uncharacterized Proteins	L	COG0847	Core	5/5								PgCG_01428	W83	HCNEGF_00166	UniRef90_B2RHF7	783	260	W83__HCNEGF_00166
PgCG_01429	core_gene	Y	Y	mltF	putative exported transglycosylase protein	Uncharacterized Proteins	M;T	COG4623	Core	5/5								PgCG_01429	W83	HCNEGF_00949	UniRef90_B2RKI6	1419	472	W83__HCNEGF_00949
PgCG_01430	core_gene	Y	Y	rutF	Putative flavoredoxin	Uncharacterized Proteins	C	COG1853	Core	5/5								PgCG_01430	W83	HCNEGF_00327	UniRef90_B2RL76	588	195	W83__HCNEGF_00327
PgCG_01431	core_gene	Y	Y	kdsC	putative hydrolase	Uncharacterized Proteins	M;R	COG1778	Core	5/5								PgCG_01431	W83	HCNEGF_00593	UniRef90_B2RIM0	522	173	W83__HCNEGF_00593
PgCG_01432	core_gene	Y	Y	ispA	putative isoprenyl synthetase	Metabolic Homeostasis	H	COG0142	Core	5/5								PgCG_01432	W83	HCNEGF_00706	UniRef90_B2RIY2	978	325	W83__HCNEGF_00706
PgCG_01433	core_gene	Y	Y	wcaG	Putative NAD dependent epimerase	Uncharacterized Proteins	M	COG0451	Core	5/5								PgCG_01433	W83	HCNEGF_01806	UniRef90_B2RM10	1020	339	W83__HCNEGF_01806
PgCG_01434	core_gene	Y	Y		Putative Se/S carrier protein-like domain-containing protein	Uncharacterized Proteins			Core	5/5								PgCG_01434	W83	HCNEGF_01611	UniRef90_A0A099WSV0	225	74	W83__HCNEGF_01611
PgCG_01435	core_gene	Y	Y	cnoX	Putative thioredoxin	Uncharacterized Proteins	O	COG3118	Core	5/5								PgCG_01435	W83	HCNEGF_00254	UniRef90_B2RHP7	510	169	W83__HCNEGF_00254
PgCG_01436	core_gene	Y	Y	yoaR	Putative vancomycin B-type resistance protein VanW	Uncharacterized Proteins	V	COG2720	Core	5/5								PgCG_01436	W83	HCNEGF_00479	UniRef90_B2RKR4	849	282	W83__HCNEGF_00479
PgCG_01437	core_gene	Y	Y	ridA	Putative YjgF-like protein	Metabolic Homeostasis	V	COG0251	Core	5/5								PgCG_01437	W83	HCNEGF_01696	UniRef90_B2RLQ4	381	126	W83__HCNEGF_01696
PgCG_01438	core_gene	Y	Y	oxyR	Redox-sensitive transcriptional activator OxyR	Uncharacterized Proteins			Core	5/5	Y	oxyR	ox_stress_reg					PgCG_01438	W83	HCNEGF_00250	UniRef90_Q7MXD3	927	308	W83__HCNEGF_00250
PgCG_01439	core_gene	Y	Y	pspE	Rhodanese domain-containing protein	Uncharacterized Proteins	P	COG0607	Core	5/5								PgCG_01439	W83	HCNEGF_01576	UniRef90_B2RHS8	405	134	W83__HCNEGF_01576
PgCG_01440	core_gene	Y	Y	pspE	Rhodanese domain-containing protein	Uncharacterized Proteins	P	COG0607	Core	5/5								PgCG_01440	W83	HCNEGF_01446	UniRef90_B2RI64	384	127	W83__HCNEGF_01446
PgCG_01441	core_gene	Y	Y	brkB	Ribonuclease BN, putative	Uncharacterized Proteins	S	COG1295	Core	5/5								PgCG_01441	W83	HCNEGF_01196	UniRef90_Q7MVT1	1428	475	W83__HCNEGF_01196
PgCG_01442	core_gene	Y	Y		Rieske domain-containing protein	Uncharacterized Proteins			Core	5/5								PgCG_01442	W83	HCNEGF_00834	UniRef90_A0A0A2F870	465	154	W83__HCNEGF_00834
PgCG_01443	core_gene	Y	Y	rsuA	RNA-binding S4 domain-containing protein	Uncharacterized Proteins	J	COG1187	Core	5/5								PgCG_01443	W83	HCNEGF_01009	UniRef90_B2RK80	453	150	W83__HCNEGF_01009
PgCG_01444	core_gene	Y	Y	ncl1	SAM-dependent MTase RsmB/NOP-type domain-containing protein	Uncharacterized Proteins	J	COG3270	Core	5/5								PgCG_01444	W83	HCNEGF_00392	UniRef90_B2RL02	1407	468	W83__HCNEGF_00392
PgCG_01445	core_gene	Y	Y	zliS	Secretion activator protein, putative	Uncharacterized Proteins	U	COG3926	Core	5/5								PgCG_01445	W83	HCNEGF_00272	UniRef90_Q7MXB3	579	192	W83__HCNEGF_00272
PgCG_01446	core_gene	Y	Y	tesA	SGNH hydrolase-type esterase domain-containing protein	Uncharacterized Proteins	D;I	COG2755	Core	5/5								PgCG_01446	W83	HCNEGF_00983	UniRef90_Q7MV95	831	276	W83__HCNEGF_00983
PgCG_01447	core_gene	Y	Y	sIMPL	SIMPL domain-containing protein	Uncharacterized Proteins	M	COG2859	Core	5/5								PgCG_01447	W83	HCNEGF_00324	UniRef90_B2RL79	738	245	W83__HCNEGF_00324
PgCG_01448	core_gene	Y	Y		Smr domain-containing protein	Uncharacterized Proteins			Core	5/5								PgCG_01448	W83	HCNEGF_00898	UniRef90_Q7MV27	1125	374	W83__HCNEGF_00898
PgCG_01449	core_gene	Y	Y	mltF	Solute-binding protein family 3/N-terminal domain-containing protein	Uncharacterized Proteins	M;T	COG4623	Core	5/5								PgCG_01449	W83	HCNEGF_00331	UniRef90_A0A0E2LNR6	822	273	W83__HCNEGF_00331
PgCG_01450	core_gene	Y	Y		SPOR domain-containing protein	Uncharacterized Proteins			Core	5/5								PgCG_01450	W83	HCNEGF_00561	UniRef90_B2RIJ0	507	168	W83__HCNEGF_00561
PgCG_01451	core_gene	Y	Y		SPOR domain-containing protein	Uncharacterized Proteins			Core	5/5								PgCG_01451	W83	HCNEGF_00426	UniRef90_A0A0A2FK94	1059	352	W83__HCNEGF_00426
PgCG_01452	core_gene	Y	Y	mMPL	SSD domain-containing protein	Uncharacterized Proteins	R	COG1033	Core	5/5								PgCG_01452	W83	HCNEGF_00986	UniRef90_B2RJC0	2406	801	W83__HCNEGF_00986
PgCG_01453	core_gene	Y	Y	tauA	SsuA/THI5-like domain-containing protein	Uncharacterized Proteins	P	COG0715	Core	5/5								PgCG_01453	W83	HCNEGF_00808	UniRef90_A0A0E2M7I1	1020	339	W83__HCNEGF_00808
PgCG_01454	core_gene	Y	Y		START-like domain-containing protein	Uncharacterized Proteins			Core	5/5								PgCG_01454	W83	HCNEGF_01877	UniRef90_A0A099WUN6	420	139	W83__HCNEGF_01877
PgCG_01455	core_gene	Y	Y		Stress-response A/B barrel domain-containing protein	Uncharacterized Proteins			Core	5/5								PgCG_01455	W83	HCNEGF_00588	UniRef90_Q7MWG5	303	100	W83__HCNEGF_00588
PgCG_01456	core_gene	Y	Y	mdoB	Sulfatase N-terminal domain-containing protein	Uncharacterized Proteins	M	COG1368	Core	5/5								PgCG_01456	W83	HCNEGF_01867	UniRef90_Q7MTE5	1932	643	W83__HCNEGF_01867
PgCG_01457	core_gene	Y	Y	opgE	Sulfatase N-terminal domain-containing protein	Uncharacterized Proteins	M	COG2194	Core	5/5								PgCG_01457	W83	HCNEGF_01120	UniRef90_B2RKD7	1728	575	W83__HCNEGF_01120
PgCG_01458	core_gene	Y	Y		SWIM-type domain-containing protein	Uncharacterized Proteins			Core	5/5								PgCG_01458	W83	HCNEGF_01122	UniRef90_Q7MVL6	1380	459	W83__HCNEGF_01122
PgCG_01459	core_gene	Y	Y	cTD-A	T9SS C-terminal target domain-containing protein	Uncharacterized Proteins	U	COG6083	Core	5/5								PgCG_01459	W83	HCNEGF_00446	UniRef90_Q7MWU2	1395	464	W83__HCNEGF_00446
PgCG_01460	core_gene	Y	Y	cTD-A	T9SS C-terminal target domain-containing protein	Uncharacterized Proteins	U	COG6083	Core	5/5								PgCG_01460	W83	HCNEGF_01129	UniRef90_Q7MVM2	1341	446	W83__HCNEGF_01129
PgCG_01461	core_gene	Y	Y		T9SS C-terminal target domain-containing protein	Uncharacterized Proteins			Core	5/5								PgCG_01461	W83	HCNEGF_02010	UniRef90_B2RGZ7	723	240	W83__HCNEGF_02010
PgCG_01462	core_gene	Y	Y	rsmI	Tetrapyrrole methylase domain-containing protein	Uncharacterized Proteins	J	COG0313	Core	5/5								PgCG_01462	W83	HCNEGF_00393	UniRef90_B2RL01	714	237	W83__HCNEGF_00393
PgCG_01463	core_gene	Y	Y	paaI	Thioesterase domain-containing protein	Metabolic Homeostasis	Q	COG2050	Core	5/5								PgCG_01463	W83	HCNEGF_01520	UniRef90_Q7MU91	1224	407	W83__HCNEGF_01520
PgCG_01464	core_gene	Y	Y	dsbD	Thiol:disulfide interchange protein dsbD, putative	Uncharacterized Proteins	O	COG4232	Core	5/5								PgCG_01464	W83	HCNEGF_01568	UniRef90_Q7MU56	2049	682	W83__HCNEGF_01568
PgCG_01465	core_gene	Y	Y	cTD-A	Thioredoxin domain-containing protein	Uncharacterized Proteins	U	COG6083	Core	5/5								PgCG_01465	W83	HCNEGF_00553	UniRef90_A0A0E2LQJ3	1035	344	W83__HCNEGF_00553
PgCG_01466	core_gene	Y	Y	trxA	Thioredoxin domain-containing protein	Uncharacterized Proteins	O	COG0526	Core	5/5								PgCG_01466	W83	HCNEGF_01508	UniRef90_B2RI12	1116	371	W83__HCNEGF_01508
PgCG_01467	core_gene	Y	Y	bcp	Thioredoxin domain-containing protein	Uncharacterized Proteins	O	COG1225	Core	5/5	Y	bcp_paralog	ox_stress					PgCG_01467	W83	HCNEGF_02013	UniRef90_Q7MT23	483	160	W83__HCNEGF_02013
PgCG_01468	core_gene	Y	Y		Thioredoxin-like fold domain-containing protein	Uncharacterized Proteins			Core	5/5								PgCG_01468	W83	HCNEGF_00546	UniRef90_A0A0A2FEB8	495	164	W83__HCNEGF_00546
PgCG_01469	core_gene	Y	Y	rlmL	THUMP domain-containing protein	Uncharacterized Proteins	J	COG0116	Core	5/5								PgCG_01469	W83	HCNEGF_00823	UniRef90_Q7MUW5	1455	484	W83__HCNEGF_00823
PgCG_01470	core_gene	Y	Y	rsmD	THUMP-like domain-containing protein	Uncharacterized Proteins	J	COG0742	Core	5/5								PgCG_01470	W83	HCNEGF_01067	UniRef90_A0AAE9X841	1224	407	W83__HCNEGF_01067
PgCG_01471	core_gene	Y	Y	rPS27A	TPM domain-containing protein	Uncharacterized Proteins	J	COG2051	Core	5/5								PgCG_01471	W83	HCNEGF_00329	UniRef90_B2RL74	1308	435	W83__HCNEGF_00329
PgCG_01472	core_gene	Y	Y	yebA	Transglutaminase-like domain-containing protein	Uncharacterized Proteins	O	COG1305	Core	5/5								PgCG_01472	W83	HCNEGF_00215	UniRef90_B2RHK3	2694	897	W83__HCNEGF_00215
PgCG_01473	core_gene	Y	Y		Transglutaminase-like domain-containing protein	Uncharacterized Proteins			Core	5/5								PgCG_01473	W83	HCNEGF_01936	UniRef90_Q7MT90	1185	394	W83__HCNEGF_01936
PgCG_01474	core_gene	Y	Y		Type I restriction enzyme R protein N-terminal domain-containing protein	Uncharacterized Proteins			Core	5/5								PgCG_01474	W83	HCNEGF_01207	UniRef90_B2RJH7	474	157	W83__HCNEGF_01207
PgCG_01475	core_gene	Y	Y	ybbR	YbbR-like domain-containing protein	Uncharacterized Proteins	T	COG4856	Core	5/5								PgCG_01475	W83	HCNEGF_00438	UniRef90_Q7MWV2	1008	335	W83__HCNEGF_00438
PgCG_01476	core_gene	Y	Y	ytxH	YtxH domain-containing protein	Uncharacterized Proteins			Core	5/5								PgCG_01476	W83	HCNEGF_01894	UniRef90_Q7MTC0	276	91	W83__HCNEGF_01894
PgCG_01477	core_gene	Y	Y		Lipoprotein	Cell Envelope & Morphogenesis			Soft-core	4/5								PgCG_01477	W83	HCNEGF_01385	UniRef90_Q7MUK3	2430	809	W83__HCNEGF_01385
PgCG_01478	core_gene	Y	Y		Lipoprotein	Cell Envelope & Morphogenesis			Soft-core	4/5								PgCG_01478	ATCC33277	OHKNAD_01616	UniRef90_B2RLA6	996	331	ATCC33277__OHKNAD_01616
PgCG_01479	core_gene	Y	Y		Lipoprotein	Cell Envelope & Morphogenesis			Soft-core	4/5								PgCG_01479	ATCC33277	OHKNAD_00920	UniRef90_A0A0A2F863	420	139	ATCC33277__OHKNAD_00920
PgCG_01480	core_gene	Y	Y		Lipoprotein	Cell Envelope & Morphogenesis			Soft-core	4/5								PgCG_01480	ATCC33277	OHKNAD_00051	UniRef90_G5GB22	366	121	ATCC33277__OHKNAD_00051
PgCG_01481	core_gene	Y	Y		Outer membrane protein beta-barrel domain-containing protein	Cell Envelope & Morphogenesis			Soft-core	4/5								PgCG_01481	W83	HCNEGF_01829	UniRef90_Q7MTI1	591	196	W83__HCNEGF_01829
PgCG_01482	core_gene	Y	Y		Outer membrane protein beta-barrel domain-containing protein	Cell Envelope & Morphogenesis			Soft-core	4/5	Y	ihtA	HEME_ION					PgCG_01482	W83	HCNEGF_01369	UniRef90_B2RJ10	2676	891	W83__HCNEGF_01369
PgCG_01483	core_gene	Y	Y	cas2	CRISPR-associated endonuclease Cas2	Environmental Stress & Defense	V	COG1343	Soft-core	4/5								PgCG_01483	W83	HCNEGF_01859	UniRef90_Q7MTF3	264	87	W83__HCNEGF_01859
PgCG_01484	core_gene	Y	Y	cas2	CRISPR-associated endonuclease Cas2	Environmental Stress & Defense	V	COG1343	Soft-core	4/5								PgCG_01484	W83	HCNEGF_01830	UniRef90_Q7MTH8	291	96	W83__HCNEGF_01830
PgCG_01485	core_gene	Y	Y	cas6	CRISPR-associated endoribonuclease Cas6	Environmental Stress & Defense	V	COG1583	Soft-core	4/5								PgCG_01485	W83	HCNEGF_01866	UniRef90_B2RM89	666	221	W83__HCNEGF_01866
PgCG_01486	core_gene	Y	Y	cas4	CRISPR-associated protein Cas4	Environmental Stress & Defense	V	COG1468	Soft-core	4/5								PgCG_01486	W83	HCNEGF_01861	UniRef90_Q7MTF1	513	170	W83__HCNEGF_01861
PgCG_01487	core_gene	Y	Y		Lysozyme	Environmental Stress & Defense			Soft-core	4/5								PgCG_01487	ATCC33277	OHKNAD_00089	UniRef90_A0A4R2LSE2	516	171	ATCC33277__OHKNAD_00089
PgCG_01488	core_gene	Y	Y	norM	Multidrug export protein MepA	Environmental Stress & Defense	V	COG0534	Soft-core	4/5								PgCG_01488	W83	HCNEGF_00748	UniRef90_Q7MW31	1359	452	W83__HCNEGF_00748
PgCG_01489	core_gene	Y	Y	cas1b	type I-B CRISPR-associated endonuclease Cas1b	Environmental Stress & Defense	V	COG1518	Soft-core	4/5								PgCG_01489	W83	HCNEGF_01860	UniRef90_A0AAF0BEC1	1017	338	W83__HCNEGF_01860
PgCG_01490	core_gene	Y	Y	cmr4	type III-B CRISPR module RAMP protein Cmr4	Environmental Stress & Defense	V	COG1336	Soft-core	4/5								PgCG_01490	W83	HCNEGF_01834	UniRef90_B2RM54	702	233	W83__HCNEGF_01834
PgCG_01491	core_gene	Y	Y	cmr6	type III-B CRISPR module RAMP protein Cmr6	Environmental Stress & Defense	V	COG1604	Soft-core	4/5								PgCG_01491	W83	HCNEGF_01832	UniRef90_A0AAE9XAK0	762	253	W83__HCNEGF_01832
PgCG_01492	core_gene	Y	Y	cmr3	type III-B CRISPR module-associated protein Cmr3	Environmental Stress & Defense			Soft-core	4/5								PgCG_01492	W83	HCNEGF_01835	UniRef90_Q7MTH3	1191	396	W83__HCNEGF_01835
PgCG_01493	core_gene	Y	Y	cas10	type III-B CRISPR-associated protein Cas10/Cmr2	Environmental Stress & Defense	V	COG1353	Soft-core	4/5								PgCG_01493	W83	HCNEGF_01836	UniRef90_B2RM56	1647	548	W83__HCNEGF_01836
PgCG_01494	core_gene	Y	Y		[ribosomal protein uS5]-alanine N-acetyltransferase	Genetic Information Processing			Soft-core	4/5								PgCG_01494	W83	HCNEGF_00827	UniRef90_Q7MUW9	681	226	W83__HCNEGF_00827
PgCG_01495	core_gene	Y	Y	alkC	DNA alkylation repair enzyme	Genetic Information Processing	L	COG4335	Soft-core	4/5								PgCG_01495	W83	HCNEGF_01156	UniRef90_Q7MVP8	633	210	W83__HCNEGF_01156
PgCG_01496	core_gene	Y	Y	topA	DNA topoisomerase	Genetic Information Processing	L	COG0550	Soft-core	4/5								PgCG_01496	W83	HCNEGF_01372	UniRef90_Q7MUL3	2094	697	W83__HCNEGF_01372
PgCG_01497	core_gene	Y	Y		DNA topoisomerase	Genetic Information Processing			Soft-core	4/5								PgCG_01497	ATCC33277	OHKNAD_00060	UniRef90_A0A3S4T1Y9	2130	709	ATCC33277__OHKNAD_00060
PgCG_01498	core_gene	Y	Y		Helicase	Genetic Information Processing			Soft-core	4/5								PgCG_01498	ATCC33277	OHKNAD_01292	UniRef90_F9D747	231	76	ATCC33277__OHKNAD_01292
PgCG_01499	core_gene	Y	Y	srmB	RNA helicase	Genetic Information Processing	L	COG0513	Soft-core	4/5								PgCG_01499	W83	HCNEGF_00080	UniRef90_Q7MXS4	1815	604	W83__HCNEGF_00080
PgCG_01500	core_gene	Y	Y		Topoisomerase	Genetic Information Processing			Soft-core	4/5								PgCG_01500	W83	HCNEGF_01412	UniRef90_A0A0A2FRW7	2049	682	W83__HCNEGF_01412
PgCG_01501	core_gene	Y	Y	xerD	Tyr recombinase domain-containing protein	Genetic Information Processing	L	COG4974	Soft-core	4/5								PgCG_01501	ATCC33277	OHKNAD_00050	UniRef90_G5GAR0	1236	411	ATCC33277__OHKNAD_00050
PgCG_01502	core_gene	Y	Y		TonB-linked receptor Tlr	Heme & Ion Homeostasis			Soft-core	4/5	Y	tlr	heme_iron					PgCG_01502	ATCC33277	OHKNAD_00662	UniRef90_Q9XBV1	2121	706	ATCC33277__OHKNAD_00662
PgCG_01503	core_gene	Y	Y	nrfA	ammonia-forming cytochrome c nitrite reductase	Metabolic Homeostasis	P	COG3303	Soft-core	4/5								PgCG_01503	W83	HCNEGF_01676	UniRef90_Q7MTW1	1497	498	W83__HCNEGF_01676
PgCG_01504	core_gene	Y	Y		Chloride channel protein	Metabolic Homeostasis			Soft-core	4/5								PgCG_01504	ATCC33277	OHKNAD_01865	UniRef90_A0A099WRU3	1797	598	ATCC33277__OHKNAD_01865
PgCG_01505	core_gene	Y	Y		Conserved domain protein	Metabolic Homeostasis			Soft-core	4/5								PgCG_01505	W83	HCNEGF_01413	UniRef90_Q7MUI0	390	129	W83__HCNEGF_01413
PgCG_01506	core_gene	Y	Y		DNA-binding protein	Metabolic Homeostasis			Soft-core	4/5								PgCG_01506	TDC60	EGHGLF_00975	UniRef90_A0A0A2EUN1	354	117	TDC60__EGHGLF_00975
PgCG_01507	core_gene	Y	Y		DNA-binding protein	Metabolic Homeostasis			Soft-core	4/5								PgCG_01507	W83	HCNEGF_02007	UniRef90_A0A0E2M5Z5	270	89	W83__HCNEGF_02007
PgCG_01508	core_gene	Y	Y		GLPGLI family protein	Metabolic Homeostasis			Soft-core	4/5								PgCG_01508	W83	HCNEGF_00399	UniRef90_Q7MWY9	876	291	W83__HCNEGF_00399
PgCG_01509	core_gene	Y	Y		GLPGLI family protein	Metabolic Homeostasis			Soft-core	4/5								PgCG_01509	W83	HCNEGF_01759	UniRef90_Q7MTP2	846	281	W83__HCNEGF_01759
PgCG_01510	core_gene	Y	Y		GLPGLI family protein	Metabolic Homeostasis			Soft-core	4/5								PgCG_01510	W83	HCNEGF_01368	UniRef90_G5GEI1	717	238	W83__HCNEGF_01368
PgCG_01511	core_gene	Y	Y	yigB	HAD-superfamily hydrolase, subfamily IA, variant 1 family protein	Metabolic Homeostasis	H	COG1011	Soft-core	4/5								PgCG_01511	W83	HCNEGF_01387	UniRef90_Q7MUK1	669	222	W83__HCNEGF_01387
PgCG_01512	core_gene	Y	Y	sTE14	Isoprenylcysteine carboxylmethyltransferase family protein	Metabolic Homeostasis	O	COG2020	Soft-core	4/5								PgCG_01512	W83	HCNEGF_01342	UniRef90_Q7MUP1	573	190	W83__HCNEGF_01342
PgCG_01513	core_gene	Y	Y	ubiE	Methyltransferase domain protein	Metabolic Homeostasis	H;J	COG2226	Soft-core	4/5								PgCG_01513	W83	HCNEGF_01343	UniRef90_G8UI72	534	177	W83__HCNEGF_01343
PgCG_01514	core_gene	Y	Y	mrr	Mrr restriction system protein	Metabolic Homeostasis	V	COG1715	Soft-core	4/5								PgCG_01514	W83	HCNEGF_01187	UniRef90_Q7MVS4	918	305	W83__HCNEGF_01187
PgCG_01515	core_gene	Y	Y		Partial ROK family transcriptional repressor with glucose kinase domain	Metabolic Homeostasis			Soft-core	4/5								PgCG_01515	ATCC33277	OHKNAD_00372	UniRef90_B2RHQ4	780	259	ATCC33277__OHKNAD_00372
PgCG_01516	core_gene	Y	Y		PcfJ-like protein	Metabolic Homeostasis			Soft-core	4/5								PgCG_01516	ATCC33277	OHKNAD_00094	UniRef90_B2RGS4	1275	424	ATCC33277__OHKNAD_00094
PgCG_01517	core_gene	Y	Y		PcfK-like protein	Metabolic Homeostasis			Soft-core	4/5								PgCG_01517	ATCC33277	OHKNAD_00096	UniRef90_E1WKE0	417	138	ATCC33277__OHKNAD_00096
PgCG_01518	core_gene	Y	Y	pntB	Re/Si-specific NAD(P)(+) transhydrogenase subunit beta	Metabolic Homeostasis	C	COG1282	Soft-core	4/5								PgCG_01518	W83	HCNEGF_00854	UniRef90_Q7MUZ0	1989	662	W83__HCNEGF_00854
PgCG_01519	core_gene	Y	Y		site-specific DNA-methyltransferase (adenine-specific)	Metabolic Homeostasis			Soft-core	4/5								PgCG_01519	ATCC33277	OHKNAD_01258	UniRef90_B2RGW0	5487	1828	ATCC33277__OHKNAD_01258
PgCG_01520	core_gene	Y	Y		Tetratricopeptide repeat protein	Metabolic Homeostasis			Soft-core	4/5								PgCG_01520	W83	HCNEGF_01741	UniRef90_Q7MTQ3	666	221	W83__HCNEGF_01741
PgCG_01521	core_gene	Y	Y	yfcH	TIGR01777 family protein	Metabolic Homeostasis	R	COG1090	Soft-core	4/5								PgCG_01521	W83	HCNEGF_01160	UniRef90_Q7MVQ2	909	302	W83__HCNEGF_01160
PgCG_01522	core_gene	Y	Y	tlpA	TlpA disulfide reductase family protein	Metabolic Homeostasis	O	COG0526	Soft-core	4/5								PgCG_01522	AJW4	CELAOB_01901	UniRef90_UPI001F206516	1518	505	AJW4__CELAOB_01901
PgCG_01523	core_gene	Y	Y	tadD	TPR domain protein	Metabolic Homeostasis	W	COG5010	Soft-core	4/5								PgCG_01523	W83	HCNEGF_01200	UniRef90_Q7MVT5	1740	579	W83__HCNEGF_01200
PgCG_01524	core_gene	Y	Y	traC	Conjugal transfer ATP-binding protein TraC	Mobile Genetic Elements & HGT	U	COG3451	Soft-core	4/5								PgCG_01524	ATCC33277	OHKNAD_00079	UniRef90_A0A3S4TEL4	2502	833	ATCC33277__OHKNAD_00079
PgCG_01525	core_gene	Y	Y		Conjugal transfer protein	Mobile Genetic Elements & HGT			Soft-core	4/5								PgCG_01525	ATCC33277	OHKNAD_01276	UniRef90_A0A3S4V9H1	588	195	ATCC33277__OHKNAD_01276
PgCG_01526	core_gene	Y	Y		Conjugal transfer protein	Mobile Genetic Elements & HGT			Soft-core	4/5								PgCG_01526	ATCC33277	OHKNAD_00080	UniRef90_A0A0A2F2A4	606	201	ATCC33277__OHKNAD_00080
PgCG_01527	core_gene	Y	Y		Conjugal transfer protein	Mobile Genetic Elements & HGT			Soft-core	4/5								PgCG_01527	W83	HCNEGF_01360	UniRef90_Q7MUM4	705	234	W83__HCNEGF_01360
PgCG_01528	core_gene	Y	Y		Conjugal transfer protein	Mobile Genetic Elements & HGT			Soft-core	4/5								PgCG_01528	W83	HCNEGF_01356	UniRef90_A0A0A2FS04	630	209	W83__HCNEGF_01356
PgCG_01529	core_gene	Y	Y	mobC	Conjugal transfer protein MobC	Mobile Genetic Elements & HGT	U	COG3505	Soft-core	4/5								PgCG_01529	W83	HCNEGF_01365	UniRef90_A0AAF0BGM1	2010	669	W83__HCNEGF_01365
PgCG_01530	core_gene	Y	Y	traA	Conjugative transposon protein TraA	Mobile Genetic Elements & HGT	D;N	COG1192	Soft-core	4/5								PgCG_01530	W83	HCNEGF_01362	UniRef90_Q7MUM2	810	269	W83__HCNEGF_01362
PgCG_01531	core_gene	Y	Y	traC	Conjugative transposon protein TraC	Mobile Genetic Elements & HGT			Soft-core	4/5								PgCG_01531	W83	HCNEGF_01361	UniRef90_A0A0E2LTH3	387	128	W83__HCNEGF_01361
PgCG_01532	core_gene	Y	Y	traD	Conjugative transposon protein TraD	Mobile Genetic Elements & HGT			Soft-core	4/5								PgCG_01532	A7436	EMNIEE_00682	UniRef90_A0AAP0YV57	591	196	A7436__EMNIEE_00682
PgCG_01533	core_gene	Y	Y	traF	Conjugative transposon protein TraF	Mobile Genetic Elements & HGT			Soft-core	4/5								PgCG_01533	ATCC33277	OHKNAD_00078	UniRef90_H1HJQ7	378	125	ATCC33277__OHKNAD_00078
PgCG_01534	core_gene	Y	Y	traF	Conjugative transposon protein TraF	Mobile Genetic Elements & HGT			Soft-core	4/5								PgCG_01534	W83	HCNEGF_01358	UniRef90_Q7MUM6	336	111	W83__HCNEGF_01358
PgCG_01535	core_gene	Y	Y	traJ	conjugative transposon protein TraJ	Mobile Genetic Elements & HGT			Soft-core	4/5								PgCG_01535	W83	HCNEGF_01355	UniRef90_A0A3P2AAM4	1107	368	W83__HCNEGF_01355
PgCG_01536	core_gene	Y	Y	traJ	conjugative transposon protein TraJ	Mobile Genetic Elements & HGT			Soft-core	4/5								PgCG_01536	ATCC33277	OHKNAD_00081	UniRef90_B2RGT7	1077	358	ATCC33277__OHKNAD_00081
PgCG_01537	core_gene	Y	Y	traK	conjugative transposon protein TraK	Mobile Genetic Elements & HGT			Soft-core	4/5								PgCG_01537	ATCC33277	OHKNAD_00082	UniRef90_B2RGT6	624	207	ATCC33277__OHKNAD_00082
PgCG_01538	core_gene	Y	Y	traK	conjugative transposon protein TraK	Mobile Genetic Elements & HGT			Soft-core	4/5								PgCG_01538	W83	HCNEGF_01354	UniRef90_A0A3P2A9E4	624	207	W83__HCNEGF_01354
PgCG_01539	core_gene	Y	Y	traL	Conjugative transposon protein TraL	Mobile Genetic Elements & HGT			Soft-core	4/5								PgCG_01539	W83	HCNEGF_01353	UniRef90_Q7MUN1	288	95	W83__HCNEGF_01353
PgCG_01540	core_gene	Y	Y	traM	conjugative transposon protein TraM	Mobile Genetic Elements & HGT			Soft-core	4/5								PgCG_01540	W83	HCNEGF_01352	UniRef90_A0A3P1XI99	1362	453	W83__HCNEGF_01352
PgCG_01541	core_gene	Y	Y	traM	conjugative transposon protein TraM	Mobile Genetic Elements & HGT			Soft-core	4/5								PgCG_01541	ATCC33277	OHKNAD_01284	UniRef90_B2RGT4	1368	455	ATCC33277__OHKNAD_01284
PgCG_01542	core_gene	Y	Y	traN	conjugative transposon protein TraN	Mobile Genetic Elements & HGT			Soft-core	4/5								PgCG_01542	ATCC33277	OHKNAD_00085	UniRef90_B2RGT3	921	306	ATCC33277__OHKNAD_00085
PgCG_01543	core_gene	Y	Y	traN	conjugative transposon protein TraN	Mobile Genetic Elements & HGT			Soft-core	4/5								PgCG_01543	W83	HCNEGF_01351	UniRef90_A0A3P1XIT2	1026	341	W83__HCNEGF_01351
PgCG_01544	core_gene	Y	Y	traO	Conjugative transposon protein TraO	Mobile Genetic Elements & HGT			Soft-core	4/5								PgCG_01544	TDC60	EGHGLF_00941	UniRef90_U2KE65	585	194	TDC60__EGHGLF_00941
PgCG_01545	core_gene	Y	Y	traO	Conjugative transposon protein TraO	Mobile Genetic Elements & HGT			Soft-core	4/5								PgCG_01545	W83	HCNEGF_01350		573	190	W83__HCNEGF_01350
PgCG_01546	core_gene	Y	Y	traQ	Conjugative transposon protein TraQ	Mobile Genetic Elements & HGT			Soft-core	4/5								PgCG_01546	W83	HCNEGF_01349	UniRef90_A0A0E2M7V1	465	154	W83__HCNEGF_01349
PgCG_01547	core_gene	Y	Y	traQ	Conserved protein found in conjugate transposon TraQ	Mobile Genetic Elements & HGT			Soft-core	4/5								PgCG_01547	ATCC33277	OHKNAD_00088	UniRef90_B2RGT0	462	153	ATCC33277__OHKNAD_00088
PgCG_01548	core_gene	Y	Y		Integrase	Mobile Genetic Elements & HGT			Soft-core	4/5								PgCG_01548	W83	HCNEGF_00757	UniRef90_Q7MUQ8	1227	408	W83__HCNEGF_00757
PgCG_01549	core_gene	Y	Y	tnp	ISAs1 family ISPg6 transposase	Mobile Genetic Elements & HGT	X	COG5433	Soft-core	4/5								PgCG_01549	W83	HCNEGF_01101	UniRef90_Q7MVJ9	1089	362	W83__HCNEGF_01101
PgCG_01550	core_gene	Y	Y		ISPg1, transposase, internal deletion	Mobile Genetic Elements & HGT	X	COG3666	Soft-core	4/5								PgCG_01550	W83	HCNEGF_00866	UniRef90_Q7MUZ9	636	211	W83__HCNEGF_00866
PgCG_01551	core_gene	Y	Y	mobA	MobA protein	Mobile Genetic Elements & HGT			Soft-core	4/5								PgCG_01551	W83	HCNEGF_00751	UniRef90_Q7MW30	417	138	W83__HCNEGF_00751
PgCG_01552	core_gene	Y	Y	mobA	MobA protein	Mobile Genetic Elements & HGT			Soft-core	4/5								PgCG_01552	W83	HCNEGF_01363	UniRef90_A0A3P2A9F4	402	133	W83__HCNEGF_01363
PgCG_01553	core_gene	Y	Y		MobA/VirD2-like nuclease domain-containing protein	Mobile Genetic Elements & HGT			Soft-core	4/5								PgCG_01553	W83	HCNEGF_01364	UniRef90_Q7MUL9	1281	426	W83__HCNEGF_01364
PgCG_01554	core_gene	Y	Y		Partial transposase in ISPg1	Mobile Genetic Elements & HGT			Soft-core	4/5								PgCG_01554	W83	HCNEGF_01169	UniRef90_B2RH94	426	141	W83__HCNEGF_01169
PgCG_01555	core_gene	Y	Y	rteC	RteC protein	Mobile Genetic Elements & HGT			Soft-core	4/5								PgCG_01555	W83	HCNEGF_00750	UniRef90_A0A3R8CEI5	321	106	W83__HCNEGF_00750
PgCG_01556	core_gene	Y	Y	traG	TraG family conjugative transposon ATPase	Mobile Genetic Elements & HGT	U	COG3451	Soft-core	4/5								PgCG_01556	W83	HCNEGF_01357	UniRef90_A0A3P1XG61	2526	841	W83__HCNEGF_01357
PgCG_01557	core_gene	Y	Y		Transposase	Mobile Genetic Elements & HGT			Soft-core	4/5								PgCG_01557	ATCC33277	OHKNAD_00097	UniRef90_F9D754	219	72	ATCC33277__OHKNAD_00097
PgCG_01558	core_gene	Y	Y	hagA	Hemagglutinin A	Proteolytic Virulence & Effectors			Soft-core	4/5	Y	hagA	hemagglutinin					PgCG_01558	W83	HCNEGF_01689	UniRef90_P59915	6495	2164	W83__HCNEGF_01689
PgCG_01559	core_gene	Y	Y		Peptidase	Proteolytic Virulence & Effectors			Soft-core	4/5								PgCG_01559	W83	HCNEGF_01653	UniRef90_Q7MTY2	822	273	W83__HCNEGF_01653
PgCG_01560	core_gene	Y	Y	cTD-A	Secretion system C-terminal sorting domain-containing protein	Proteolytic Virulence & Effectors	U	COG6083	Soft-core	4/5								PgCG_01560	W83	HCNEGF_00708	UniRef90_Q7MW58	243	80	W83__HCNEGF_00708
PgCG_01561	core_gene	Y	Y	cTD-A	Secretion system C-terminal sorting domain-containing protein	Proteolytic Virulence & Effectors	U	COG6083	Soft-core	4/5								PgCG_01561	W83	HCNEGF_01823	UniRef90_A0A0E2LRZ3	957	318	W83__HCNEGF_01823
PgCG_01562	core_gene	Y	Y		Ion transporter	Secretion & Molecular Export			Soft-core	4/5								PgCG_01562	W83	HCNEGF_01481	UniRef90_Q7MUC4	747	248	W83__HCNEGF_01481
PgCG_01563	core_gene	Y	Y		Major facilitator superfamily (MFS) profile domain-containing protein	Secretion & Molecular Export			Soft-core	4/5								PgCG_01563	W83	HCNEGF_02044	UniRef90_Q7MT01	255	84	W83__HCNEGF_02044
PgCG_01564	core_gene	Y	Y		Putative ATP-binding component of ABC transporter protein	Secretion & Molecular Export			Soft-core	4/5								PgCG_01564	ATCC33277	OHKNAD_00422	UniRef90_B2RHV4	702	233	ATCC33277__OHKNAD_00422
PgCG_01565	core_gene	Y	Y	virD4	YWFCY domain-containing protein	Secretion & Molecular Export	U	COG3505	Soft-core	4/5								PgCG_01565	ATCC33277	OHKNAD_00068	UniRef90_H1HJR7	2010	669	ATCC33277__OHKNAD_00068
PgCG_01566	core_gene	Y	Y	cTD-A	Cleaved adhesin domain-containing protein	Surface Structures & Colonization	U	COG6083	Soft-core	4/5	Y	cTD_adhesin	T9SS_cargo					PgCG_01566	W83	HCNEGF_00860	UniRef90_A0A0E2LQ58	939	312	W83__HCNEGF_00860
PgCG_01567	core_gene	Y	Y	mfa1	fimbria major subunit Mfa1	Surface Structures & Colonization			Soft-core	4/5	Y	mfa1	adhesin_mfa					PgCG_01567	ATCC33277	OHKNAD_00286	UniRef90_B2RHG1	1692	563	ATCC33277__OHKNAD_00286
PgCG_01568	core_gene	Y	Y	mfa3	fimbrial tip subunit Mfa3	Surface Structures & Colonization			Soft-core	4/5	Y	mfa3	adhesin_mfa					PgCG_01568	W83	HCNEGF_00173	UniRef90_B2RHG3	1341	446	W83__HCNEGF_00173
PgCG_01569	core_gene	Y	Y	fimB	Major fimbrium anchoring subunit FimB	Surface Structures & Colonization			Soft-core	4/5	Y	fimB	adhesin_fim					PgCG_01569	W83	HCNEGF_01974	UniRef90_A0PA81	912	303	W83__HCNEGF_01974
PgCG_01570	core_gene	Y	Y	fimC	Major fimbrium subunit FimC	Surface Structures & Colonization			Soft-core	4/5	Y	fimC	adhesin_fim					PgCG_01570	ATCC33277	OHKNAD_00181	UniRef90_B2RH57	1389	462	ATCC33277__OHKNAD_00181
PgCG_01571	core_gene	Y	Y	mfa4	minor fimbrial subunit Mfa4	Surface Structures & Colonization			Soft-core	4/5	Y	mfa4	adhesin_mfa					PgCG_01571	W83	HCNEGF_00174	UniRef90_B2RHG4	1002	333	W83__HCNEGF_00174
PgCG_01572	core_gene	Y	Y	mfa5	minor fimbrial subunit Mfa5	Surface Structures & Colonization			Soft-core	4/5	Y	mfa5	adhesin_mfa					PgCG_01572	W83	HCNEGF_00175	UniRef90_B2RHG5	3678	1225	W83__HCNEGF_00175
PgCG_01573	core_gene	Y	Y		putative partial hemagglutinin-related protein	Surface Structures & Colonization			Soft-core	4/5								PgCG_01573	W83	HCNEGF_01542	UniRef90_B2RHV9	213	70	W83__HCNEGF_01542
PgCG_01574	core_gene	Y	Y		(pseudo) hypothetical protein	Uncharacterized Proteins			Soft-core	4/5								PgCG_01574	W83	HCNEGF_01758	UniRef90_A0A0E2M7Q2	336	111	W83__HCNEGF_01758
PgCG_01575	core_gene	Y	Y		Aminoglycoside phosphotransferase domain-containing protein	Uncharacterized Proteins			Soft-core	4/5								PgCG_01575	ATCC33277	OHKNAD_00682	UniRef90_B2RIM6	1089	362	ATCC33277__OHKNAD_00682
PgCG_01576	core_gene	Y	Y	ardA	Antirestriction protein ArdA	Uncharacterized Proteins			Soft-core	4/5								PgCG_01576	ATCC33277	OHKNAD_00095	UniRef90_H1HJP1	531	176	ATCC33277__OHKNAD_00095
PgCG_01577	core_gene	Y	Y		CobQ/CobB/MinD/ParA nucleotide binding domain-containing protein	Uncharacterized Proteins			Soft-core	4/5								PgCG_01577	ATCC33277	OHKNAD_00075	UniRef90_H1HJR0	741	246	ATCC33277__OHKNAD_00075
PgCG_01578	core_gene	Y	Y		CobQ/CobB/MinD/ParA nucleotide binding domain-containing protein	Uncharacterized Proteins			Soft-core	4/5								PgCG_01578	ATCC33277	OHKNAD_00071	UniRef90_H1HJR4	783	260	ATCC33277__OHKNAD_00071
PgCG_01579	core_gene	Y	Y		CorA-like Mg2+ transporter protein	Uncharacterized Proteins			Soft-core	4/5								PgCG_01579	W83	HCNEGF_01839	UniRef90_B2RM59	1584	527	W83__HCNEGF_01839
PgCG_01580	core_gene	Y	Y		DUF1661 domain-containing protein	Uncharacterized Proteins			Soft-core	4/5								PgCG_01580	TDC60	EGHGLF_01797	UniRef90_B2RLV9	285	94	TDC60__EGHGLF_01797
PgCG_01581	core_gene	Y	Y		DUF1896 domain-containing protein	Uncharacterized Proteins			Soft-core	4/5								PgCG_01581	ATCC33277	OHKNAD_00059	UniRef90_B2RGV9	432	143	ATCC33277__OHKNAD_00059
PgCG_01582	core_gene	Y	Y		DUF304 domain-containing protein	Uncharacterized Proteins			Soft-core	4/5								PgCG_01582	W83	HCNEGF_00973	UniRef90_Q7MV88	426	141	W83__HCNEGF_00973
PgCG_01583	core_gene	Y	Y		DUF3078 domain-containing protein	Uncharacterized Proteins			Soft-core	4/5								PgCG_01583	W83	HCNEGF_01644	UniRef90_Q7MTZ1	885	294	W83__HCNEGF_01644
PgCG_01584	core_gene	Y	Y		DUF3408 domain-containing protein	Uncharacterized Proteins			Soft-core	4/5								PgCG_01584	W83	HCNEGF_00752	UniRef90_Q7MW29	429	142	W83__HCNEGF_00752
PgCG_01585	core_gene	Y	Y		DUF3408 domain-containing protein	Uncharacterized Proteins			Soft-core	4/5								PgCG_01585	ATCC33277	OHKNAD_00073	UniRef90_U2J345	354	117	ATCC33277__OHKNAD_00073
PgCG_01586	core_gene	Y	Y		DUF3408 domain-containing protein	Uncharacterized Proteins			Soft-core	4/5								PgCG_01586	ATCC33277	OHKNAD_01272	UniRef90_B2RGU6	432	143	ATCC33277__OHKNAD_01272
PgCG_01587	core_gene	Y	Y		DUF3667 domain-containing protein	Uncharacterized Proteins			Soft-core	4/5								PgCG_01587	W83	HCNEGF_01795	UniRef90_Q7MTK8	1287	428	W83__HCNEGF_01795
PgCG_01588	core_gene	Y	Y		DUF3945 domain-containing protein	Uncharacterized Proteins			Soft-core	4/5								PgCG_01588	W83	HCNEGF_01371	UniRef90_Q7MUL4	1410	469	W83__HCNEGF_01371
PgCG_01589	core_gene	Y	Y		DUF3945 domain-containing protein	Uncharacterized Proteins			Soft-core	4/5								PgCG_01589	ATCC33277	OHKNAD_00061	UniRef90_B2RGV7	1395	464	ATCC33277__OHKNAD_00061
PgCG_01590	core_gene	Y	Y		DUF4286 domain-containing protein	Uncharacterized Proteins			Soft-core	4/5								PgCG_01590	W83	HCNEGF_00862	UniRef90_B2RJT8	309	102	W83__HCNEGF_00862
PgCG_01591	core_gene	Y	Y		DUF998 domain-containing protein	Uncharacterized Proteins			Soft-core	4/5								PgCG_01591	W83	HCNEGF_01341	UniRef90_Q7MUP2	645	214	W83__HCNEGF_01341
PgCG_01592	core_gene	Y	Y		Excisionase	Uncharacterized Proteins			Soft-core	4/5								PgCG_01592	TDC60	EGHGLF_00974	UniRef90_A0A0A2EY54	318	105	TDC60__EGHGLF_00974
PgCG_01593	core_gene	Y	Y		Helix-turn-helix domain-containing protein	Uncharacterized Proteins			Soft-core	4/5								PgCG_01593	ATCC33277	OHKNAD_00052	UniRef90_G5GB23	303	100	ATCC33277__OHKNAD_00052
PgCG_01594	core_gene	Y	Y		Helix-turn-helix domain-containing protein	Uncharacterized Proteins			Soft-core	4/5								PgCG_01594	ATCC33277	OHKNAD_00053	UniRef90_G5GB24	279	92	ATCC33277__OHKNAD_00053
PgCG_01595	core_gene	Y	Y		Helix-turn-helix domain-containing protein	Uncharacterized Proteins			Soft-core	4/5								PgCG_01595	W83	HCNEGF_01411	UniRef90_Q7MUI2	195	64	W83__HCNEGF_01411
PgCG_01596	core_gene	Y	Y		HXXEE domain-containing protein	Uncharacterized Proteins			Soft-core	4/5								PgCG_01596	W83	HCNEGF_01157	UniRef90_B2RJD1	543	180	W83__HCNEGF_01157
PgCG_01597	core_gene	Y	Y		hypothetical protein	Uncharacterized Proteins			Soft-core	4/5								PgCG_01597	W83	HCNEGF_00022	UniRef90_A0A0E2LPE6	156	51	W83__HCNEGF_00022
PgCG_01598	core_gene	Y	Y		hypothetical protein	Uncharacterized Proteins			Soft-core	4/5								PgCG_01598	W83	HCNEGF_00037		333	110	W83__HCNEGF_00037
PgCG_01599	core_gene	Y	Y		hypothetical protein	Uncharacterized Proteins			Soft-core	4/5								PgCG_01599	W83	HCNEGF_00064		339	112	W83__HCNEGF_00064
PgCG_01600	core_gene	Y	Y		hypothetical protein	Uncharacterized Proteins			Soft-core	4/5								PgCG_01600	W83	HCNEGF_00093		258	85	W83__HCNEGF_00093
PgCG_01601	core_gene	Y	Y		hypothetical protein	Uncharacterized Proteins			Soft-core	4/5								PgCG_01601	W83	HCNEGF_00223		135	44	W83__HCNEGF_00223
PgCG_01602	core_gene	Y	Y		hypothetical protein	Uncharacterized Proteins			Soft-core	4/5								PgCG_01602	W83	HCNEGF_01586		102	33	W83__HCNEGF_01586
PgCG_01603	core_gene	Y	Y		hypothetical protein	Uncharacterized Proteins			Soft-core	4/5								PgCG_01603	W83	HCNEGF_00776		303	100	W83__HCNEGF_00776
PgCG_01604	core_gene	Y	Y		hypothetical protein	Uncharacterized Proteins			Soft-core	4/5								PgCG_01604	W83	HCNEGF_00780		744	247	W83__HCNEGF_00780
PgCG_01605	core_gene	Y	Y		hypothetical protein	Uncharacterized Proteins			Soft-core	4/5								PgCG_01605	W83	HCNEGF_00813	UniRef90_Q7MUV4	276	91	W83__HCNEGF_00813
PgCG_01606	core_gene	Y	Y		hypothetical protein	Uncharacterized Proteins			Soft-core	4/5								PgCG_01606	W83	HCNEGF_00828	UniRef90_Q7MUX0	132	43	W83__HCNEGF_00828
PgCG_01607	core_gene	Y	Y		hypothetical protein	Uncharacterized Proteins			Soft-core	4/5								PgCG_01607	W83	HCNEGF_00845		189	62	W83__HCNEGF_00845
PgCG_01608	core_gene	Y	Y		hypothetical protein	Uncharacterized Proteins			Soft-core	4/5								PgCG_01608	W83	HCNEGF_00554		219	72	W83__HCNEGF_00554
PgCG_01609	core_gene	Y	Y		hypothetical protein	Uncharacterized Proteins			Soft-core	4/5								PgCG_01609	W83	HCNEGF_00549	UniRef90_Q7MWJ8	204	67	W83__HCNEGF_00549
PgCG_01610	core_gene	Y	Y		hypothetical protein	Uncharacterized Proteins			Soft-core	4/5								PgCG_01610	W83	HCNEGF_01899		144	47	W83__HCNEGF_01899
PgCG_01611	core_gene	Y	Y		hypothetical protein	Uncharacterized Proteins			Soft-core	4/5								PgCG_01611	W83	HCNEGF_01925	UniRef90_Q7MTA1	384	127	W83__HCNEGF_01925
PgCG_01612	core_gene	Y	Y		hypothetical protein	Uncharacterized Proteins			Soft-core	4/5								PgCG_01612	W83	HCNEGF_01501		198	65	W83__HCNEGF_01501
PgCG_01613	core_gene	Y	Y		hypothetical protein	Uncharacterized Proteins			Soft-core	4/5								PgCG_01613	W83	HCNEGF_01077		189	62	W83__HCNEGF_01077
PgCG_01614	core_gene	Y	Y		hypothetical protein	Uncharacterized Proteins			Soft-core	4/5								PgCG_01614	ATCC33277	OHKNAD_01232	UniRef90_B2RK77	417	138	ATCC33277__OHKNAD_01232
PgCG_01615	core_gene	Y	Y		hypothetical protein	Uncharacterized Proteins			Soft-core	4/5								PgCG_01615	W83	HCNEGF_00156	UniRef90_Q7MXL3	141	46	W83__HCNEGF_00156
PgCG_01616	core_gene	Y	Y		hypothetical protein	Uncharacterized Proteins			Soft-core	4/5								PgCG_01616	W83	HCNEGF_01692	UniRef90_A0A0E2LSV2	168	55	W83__HCNEGF_01692
PgCG_01617	core_gene	Y	Y		hypothetical protein	Uncharacterized Proteins			Soft-core	4/5								PgCG_01617	W83	HCNEGF_01013	UniRef90_Q7MVC3	258	85	W83__HCNEGF_01013
PgCG_01618	core_gene	Y	Y		hypothetical protein	Uncharacterized Proteins			Soft-core	4/5								PgCG_01618	W83	HCNEGF_01367	UniRef90_Q7MUL7	213	70	W83__HCNEGF_01367
PgCG_01619	core_gene	Y	Y		hypothetical protein	Uncharacterized Proteins			Soft-core	4/5								PgCG_01619	W83	HCNEGF_00916		228	75	W83__HCNEGF_00916
PgCG_01620	core_gene	Y	Y		hypothetical protein	Uncharacterized Proteins			Soft-core	4/5								PgCG_01620	ATCC33277	OHKNAD_01358		186	61	ATCC33277__OHKNAD_01358
PgCG_01621	core_gene	Y	Y		hypothetical protein	Uncharacterized Proteins			Soft-core	4/5								PgCG_01621	W83	HCNEGF_01161	UniRef90_Q7MVQ3	117	38	W83__HCNEGF_01161
PgCG_01622	core_gene	Y	Y		hypothetical protein	Uncharacterized Proteins			Soft-core	4/5								PgCG_01622	W83	HCNEGF_01167		354	117	W83__HCNEGF_01167
PgCG_01623	core_gene	Y	Y		Putative exopolyphosphatase	Uncharacterized Proteins			Soft-core	4/5								PgCG_01623	ATCC33277	OHKNAD_00370	UniRef90_B2RHQ2	909	302	ATCC33277__OHKNAD_00370
PgCG_01624	core_gene	Y	Y		YdbS-like PH domain-containing protein	Uncharacterized Proteins			Soft-core	4/5								PgCG_01624	W83	HCNEGF_01347	UniRef90_Q7MUN7	468	155	W83__HCNEGF_01347
PgCG_01625	core_gene	Y	Y		Zinc finger CHC2-type domain-containing protein	Uncharacterized Proteins			Soft-core	4/5								PgCG_01625	ATCC33277	OHKNAD_00087	UniRef90_A0A0E2LN81	855	284	ATCC33277__OHKNAD_00087
PgCG_01626	core_gene	Y	Y		Lipoprotein	Cell Envelope & Morphogenesis			Shell	3/5								PgCG_01626	ATCC33277	OHKNAD_00765	UniRef90_B2RIV8	1413	470	ATCC33277__OHKNAD_00765
PgCG_01627	core_gene	Y	Y	cTD-A	Lipoprotein	Surface Structures & Colonization	U	COG6083	Shell	3/5								PgCG_01627	W83	HCNEGF_00176	UniRef90_A0AAF0BG87	6615	2204	W83__HCNEGF_00176
PgCG_01628	core_gene	Y	Y		Lipoprotein	Cell Envelope & Morphogenesis			Shell	3/5								PgCG_01628	W83	HCNEGF_01735	UniRef90_Q7MTQ5	477	158	W83__HCNEGF_01735
PgCG_01629	core_gene	Y	Y		Lipoprotein	Cell Envelope & Morphogenesis			Shell	3/5								PgCG_01629	ATCC33277	OHKNAD_01529	UniRef90_A0A0E2LN36	1041	346	ATCC33277__OHKNAD_01529
PgCG_01630	core_gene	Y	Y		Lipoprotein	Cell Envelope & Morphogenesis			Shell	3/5								PgCG_01630	ATCC33277	OHKNAD_01528	UniRef90_B2RL09	1053	350	ATCC33277__OHKNAD_01528
PgCG_01631	core_gene	Y	Y		Lipoprotein	Cell Envelope & Morphogenesis			Shell	3/5								PgCG_01631	ATCC33277	OHKNAD_01527	UniRef90_B2RL08	1068	355	ATCC33277__OHKNAD_01527
PgCG_01632	core_gene	Y	Y		Lipoprotein	Cell Envelope & Morphogenesis			Shell	3/5								PgCG_01632	W83	HCNEGF_01386	UniRef90_Q7MUK2	537	178	W83__HCNEGF_01386
PgCG_01633	core_gene	Y	Y		Lipoprotein	Cell Envelope & Morphogenesis			Shell	3/5								PgCG_01633	W83	HCNEGF_01733	UniRef90_Q7MTQ7	660	219	W83__HCNEGF_01733
PgCG_01634	core_gene	Y	Y		Lipoprotein, putative	Cell Envelope & Morphogenesis			Shell	3/5								PgCG_01634	W83	HCNEGF_01734	UniRef90_Q7MTQ6	222	73	W83__HCNEGF_01734
PgCG_01635	core_gene	Y	Y		Outer membrane protein beta-barrel domain-containing protein	Cell Envelope & Morphogenesis			Shell	3/5								PgCG_01635	ATCC33277	OHKNAD_00472	UniRef90_A0A0A2EYZ7	630	209	ATCC33277__OHKNAD_00472
PgCG_01636	core_gene	Y	Y		Outer membrane protein beta-barrel domain-containing protein	Cell Envelope & Morphogenesis			Shell	3/5								PgCG_01636	ATCC33277	OHKNAD_00162	UniRef90_B2RH36	771	256	ATCC33277__OHKNAD_00162
PgCG_01637	core_gene	Y	Y	cas1	CRISPR-associated endonuclease Cas1	Environmental Stress & Defense	X	COG3344	Shell	3/5								PgCG_01637	W83	HCNEGF_01831	UniRef90_Q7MTH7	3096	1031	W83__HCNEGF_01831
PgCG_01638	core_gene	Y	Y	cas3	CRISPR-associated helicase Cas3	Environmental Stress & Defense	V	COG1203	Shell	3/5								PgCG_01638	W83	HCNEGF_01862	UniRef90_Q7MTF0	2322	773	W83__HCNEGF_01862
PgCG_01639	core_gene	Y	Y		CRISPR-associated protein	Environmental Stress & Defense			Shell	3/5								PgCG_01639	W83	HCNEGF_01837	UniRef90_UPI0002696F43	1452	483	W83__HCNEGF_01837
PgCG_01640	core_gene	Y	Y	csx27	CRISPR-associated protein Csx27	Environmental Stress & Defense			Shell	3/5								PgCG_01640	W83	HCNEGF_01001	UniRef90_B2RK88	717	238	W83__HCNEGF_01001
PgCG_01641	core_gene	Y	Y		NACHT-associated inactive Restriction Endonuclease 2 domain-containing protein	Environmental Stress & Defense			Shell	3/5								PgCG_01641	W83	HCNEGF_01407	UniRef90_Q7MUI4	2139	712	W83__HCNEGF_01407
PgCG_01642	core_gene	Y	Y		Restriction endonuclease	Environmental Stress & Defense			Shell	3/5								PgCG_01642	W83	HCNEGF_01348	UniRef90_Q7MUN6	648	215	W83__HCNEGF_01348
PgCG_01643	core_gene	Y	Y	cas5p	type I-PGING CRISPR-associated protein Cas5p	Environmental Stress & Defense			Shell	3/5								PgCG_01643	W83	HCNEGF_01865	UniRef90_Q7MTE7	732	243	W83__HCNEGF_01865
PgCG_01644	core_gene	Y	Y	cas7p	type I-PGING CRISPR-associated protein Cas7/Csp1	Environmental Stress & Defense			Shell	3/5								PgCG_01644	W83	HCNEGF_01863	UniRef90_Q7MTE9	1017	338	W83__HCNEGF_01863
PgCG_01645	core_gene	Y	Y	cas8c	type I-PGING CRISPR-associated protein Cas8c/Csp2	Environmental Stress & Defense			Shell	3/5								PgCG_01645	W83	HCNEGF_01864	UniRef90_Q7MTE8	1500	499	W83__HCNEGF_01864
PgCG_01646	core_gene	Y	Y	baeS	histidine kinase	Genetic Information Processing	T	COG0642	Shell	3/5								PgCG_01646	W83	HCNEGF_00647	UniRef90_Q7MWB2	1284	427	W83__HCNEGF_00647
PgCG_01647	core_gene	Y	Y		Topoisomerase	Genetic Information Processing			Shell	3/5								PgCG_01647	W83	HCNEGF_01276	UniRef90_A0A0A2EYX5	1059	352	W83__HCNEGF_01276
PgCG_01648	core_gene	Y	Y	crp	Transcriptional regulator, Crp family	Genetic Information Processing	T	COG0664	Shell	3/5								PgCG_01648	AJW4	CELAOB_00423	UniRef90_Q7MAV9	624	207	AJW4__CELAOB_00423
PgCG_01649	core_gene	Y	Y		Transcriptional regulator, putative	Genetic Information Processing			Shell	3/5								PgCG_01649	W83	HCNEGF_01287	UniRef90_Q7MW06	306	101	W83__HCNEGF_01287
PgCG_01650	core_gene	Y	Y	xerD	Tyr recombinase domain-containing protein	Genetic Information Processing	L	COG4974	Shell	3/5								PgCG_01650	W83	HCNEGF_00741	UniRef90_G5GDJ0	1203	400	W83__HCNEGF_00741
PgCG_01651	core_gene	Y	Y	xerD	Tyr recombinase domain-containing protein	Genetic Information Processing	L	COG4974	Shell	3/5								PgCG_01651	W83	HCNEGF_01332	UniRef90_G5GDI9	1230	409	W83__HCNEGF_01332
PgCG_01652	core_gene	Y	Y	xerD	Tyrosine recombinase XerD	Genetic Information Processing	L	COG4974	Shell	3/5								PgCG_01652	W83	HCNEGF_01271	UniRef90_A0A2X4PNC7	1104	367	W83__HCNEGF_01271
PgCG_01653	core_gene	Y	Y		FeoB-associated Cys-rich membrane protein	Heme & Ion Homeostasis			Shell	3/5								PgCG_01653	ATCC33277	OHKNAD_01071	UniRef90_A0A0E2M832	186	61	ATCC33277__OHKNAD_01071
PgCG_01654	core_gene	Y	Y	menB	1,4-dihydroxy-2-naphthoyl-CoA synthase	Metabolic Homeostasis	H	COG0447	Shell	3/5								PgCG_01654	W83	HCNEGF_01402	UniRef90_G8UI37	825	274	W83__HCNEGF_01402
PgCG_01655	core_gene	Y	Y	menD	2-succinyl-5-enolpyruvyl-6-hydroxy-3-cyclohexene-1-carboxylic-acid synthase	Metabolic Homeostasis	H	COG1165	Shell	3/5								PgCG_01655	W83	HCNEGF_01403	UniRef90_Q7MUI9	1737	578	W83__HCNEGF_01403
PgCG_01656	core_gene	Y	Y		AAA family ATPase	Metabolic Homeostasis	K	COG2865	Shell	3/5								PgCG_01656	W83	HCNEGF_01405	UniRef90_Q7MUI7	1440	479	W83__HCNEGF_01405
PgCG_01657	core_gene	Y	Y		ATP-binding protein	Metabolic Homeostasis			Shell	3/5								PgCG_01657	ATCC33277	OHKNAD_01003	UniRef90_B2RJJ2	1167	388	ATCC33277__OHKNAD_01003
PgCG_01658	core_gene	Y	Y		ATPase AAA-type core domain-containing protein	Metabolic Homeostasis	R	COG1106	Shell	3/5								PgCG_01658	W83	HCNEGF_00074	UniRef90_A0A0E2LNK1	1302	433	W83__HCNEGF_00074
PgCG_01659	core_gene	Y	Y	ctlX	citrulline utilization hydrolase CtlX	Metabolic Homeostasis	R	COG4874	Shell	3/5	Y	ctlX	capsule_related					PgCG_01659	AJW4	CELAOB_00109	UniRef90_A0A0E2LUD7	924	307	AJW4__CELAOB_00109
PgCG_01660	core_gene	Y	Y		Conserved domain protein	Metabolic Homeostasis			Shell	3/5								PgCG_01660	W83	HCNEGF_00209	UniRef90_Q7MXG9	549	182	W83__HCNEGF_00209
PgCG_01661	core_gene	Y	Y	yjbM	Conserved domain protein	Metabolic Homeostasis	F;T	COG2357	Shell	3/5								PgCG_01661	W83	HCNEGF_01408	UniRef90_Q7MUI3	819	272	W83__HCNEGF_01408
PgCG_01662	core_gene	Y	Y		DNA-binding protein	Metabolic Homeostasis			Shell	3/5								PgCG_01662	ATCC33277	OHKNAD_00764	UniRef90_A0A099WVS9	483	160	ATCC33277__OHKNAD_00764
PgCG_01663	core_gene	Y	Y		DNA-binding protein histone-like family	Metabolic Homeostasis			Shell	3/5								PgCG_01663	ATCC33277	OHKNAD_01184	UniRef90_B2RK23	459	152	ATCC33277__OHKNAD_01184
PgCG_01664	core_gene	Y	Y		DNA-binding protein, histone-like family	Metabolic Homeostasis			Shell	3/5								PgCG_01664	W83	HCNEGF_01990	UniRef90_Q7M7C8	576	191	W83__HCNEGF_01990
PgCG_01665	core_gene	Y	Y		DNA-binding protein, histone-like family	Metabolic Homeostasis			Shell	3/5								PgCG_01665	W83	HCNEGF_00966	UniRef90_Q7MV84	552	183	W83__HCNEGF_00966
PgCG_01666	core_gene	Y	Y		glycosyltransferase family 4 protein	Metabolic Homeostasis			Shell	3/5								PgCG_01666	TDC60	EGHGLF_01516	UniRef90_UPI001E49102C	1059	352	TDC60__EGHGLF_01516
PgCG_01667	core_gene	Y	Y	menF	isochorismate synthase	Metabolic Homeostasis	H;Q	COG1169	Shell	3/5								PgCG_01667	W83	HCNEGF_01404	UniRef90_A0A1D3UQJ3	1107	368	W83__HCNEGF_01404
PgCG_01668	core_gene	Y	Y	rspA	L-Ala-D/L-Glu epimerase	Metabolic Homeostasis	M;R	COG4948	Shell	3/5								PgCG_01668	W83	HCNEGF_01401	UniRef90_A0A1D3UQH6	1071	356	W83__HCNEGF_01401
PgCG_01669	core_gene	Y	Y		Malate dehydrogenase	Metabolic Homeostasis			Shell	3/5								PgCG_01669	W83	HCNEGF_01801		1284	427	W83__HCNEGF_01801
PgCG_01670	core_gene	Y	Y	adaB	Methylated-DNA--protein-cysteine methyltransferase	Metabolic Homeostasis	L	COG0350	Shell	3/5								PgCG_01670	W83	HCNEGF_00440	UniRef90_Q7MWV0	513	170	W83__HCNEGF_00440
PgCG_01671	core_gene	Y	Y	menE	O-succinylbenzoic acid--CoA ligase	Metabolic Homeostasis	I	COG0318	Shell	3/5								PgCG_01671	W83	HCNEGF_01400	UniRef90_G8UI35	1050	349	W83__HCNEGF_01400
PgCG_01672	core_gene	Y	Y	pTR2	POT family protein	Metabolic Homeostasis	E	COG3104	Shell	3/5								PgCG_01672	W83	HCNEGF_01930	UniRef90_Q7MT96	1542	513	W83__HCNEGF_01930
PgCG_01673	core_gene	Y	Y		RloB-like protein	Metabolic Homeostasis			Shell	3/5								PgCG_01673	W83	HCNEGF_00073	UniRef90_Q7MXT2	699	232	W83__HCNEGF_00073
PgCG_01674	core_gene	Y	Y	cysE	Serine acetyltransferase	Metabolic Homeostasis	E	COG1045	Shell	3/5								PgCG_01674	ATCC33277	OHKNAD_00231	UniRef90_A0A0A2F556	435	144	ATCC33277__OHKNAD_00231
PgCG_01675	core_gene	Y	Y	tpr	Thiol protease	Metabolic Homeostasis			Shell	3/5	Y	tpr	protease_other					PgCG_01675	W83	HCNEGF_01106	UniRef90_P25806	1446	481	W83__HCNEGF_01106
PgCG_01676	core_gene	Y	Y	pilF	TPR domain protein	Metabolic Homeostasis	N;W	COG3063	Shell	3/5								PgCG_01676	W83	HCNEGF_01141	UniRef90_Q7MVN6	1920	639	W83__HCNEGF_01141
PgCG_01677	core_gene	Y	Y		TPR domain protein	Metabolic Homeostasis			Shell	3/5								PgCG_01677	ATCC33277	OHKNAD_01211	UniRef90_B2RK51	2175	724	ATCC33277__OHKNAD_01211
PgCG_01678	core_gene	Y	Y		Viral A-type inclusion protein	Metabolic Homeostasis			Shell	3/5								PgCG_01678	W83	HCNEGF_01279	UniRef90_A0A0A2EYT9	696	231	W83__HCNEGF_01279
PgCG_01679	core_gene	Y	Y		(pseudo) Mutator family transposase	Mobile Genetic Elements & HGT			Shell	3/5								PgCG_01679	W83	HCNEGF_01409	UniRef90_I9BMI5	123	40	W83__HCNEGF_01409
PgCG_01680	core_gene	Y	Y	traJ	Homologues of TraJ from Bacteroides conjugative transposon	Mobile Genetic Elements & HGT			Shell	3/5								PgCG_01680	AJW4	CELAOB_00101	UniRef90_UPI00211B2D1A	354	117	AJW4__CELAOB_00101
PgCG_01681	core_gene	Y	Y	traJ	Homologues of TraJ from Bacteroides conjugative transposon	Mobile Genetic Elements & HGT			Shell	3/5								PgCG_01681	TDC60	EGHGLF_01632	UniRef90_UPI001E2F7A16	243	80	TDC60__EGHGLF_01632
PgCG_01682	core_gene	Y	Y	xerD	Integrase	Mobile Genetic Elements & HGT	L	COG4974	Shell	3/5								PgCG_01682	W83	HCNEGF_01313	UniRef90_Q7MW24	1299	432	W83__HCNEGF_01313
PgCG_01683	core_gene	Y	Y	tnp	IS3 family ISPg5 transposase ORF A	Mobile Genetic Elements & HGT			Shell	3/5								PgCG_01683	W83	HCNEGF_00010	UniRef90_Q7M7A6	381	126	W83__HCNEGF_00010
PgCG_01684	core_gene	Y	Y	tnp	IS3 family transposase ORF B	Mobile Genetic Elements & HGT			Shell	3/5								PgCG_01684	W83	HCNEGF_00039	UniRef90_Q7BW91	789	262	W83__HCNEGF_00039
PgCG_01685	core_gene	Y	Y	tnp	IS4 family ISPg4 transposase	Mobile Genetic Elements & HGT	X	COG3385	Shell	3/5								PgCG_01685	W83	HCNEGF_00018	UniRef90_Q7BWB8	1158	385	W83__HCNEGF_00018
PgCG_01686	core_gene	Y	Y	tnp	IS5 family ISPg7 transposase	Mobile Genetic Elements & HGT			Shell	3/5								PgCG_01686	W83	HCNEGF_00418	UniRef90_Q7MWX1	1308	435	W83__HCNEGF_00418
PgCG_01687	core_gene	Y	Y	tnp	IS5 family ISPg8 transposase	Mobile Genetic Elements & HGT	X	COG3666	Shell	3/5								PgCG_01687	AJW4	CELAOB_00558	UniRef90_B2RJY5	1086	361	AJW4__CELAOB_00558
PgCG_01688	core_gene	Y	Y		IS5 family transposase	Mobile Genetic Elements & HGT			Shell	3/5								PgCG_01688	W83	HCNEGF_00736	UniRef90_UPI000BE759A6	750	249	W83__HCNEGF_00736
PgCG_01689	core_gene	Y	Y	iS5	IS5 family transposase	Mobile Genetic Elements & HGT	X	COG3039	Shell	3/5								PgCG_01689	AJW4	CELAOB_00897	UniRef90_A0AAE9XHR6	180	59	AJW4__CELAOB_00897
PgCG_01690	core_gene	Y	Y		IS5/IS1182 family transposase	Mobile Genetic Elements & HGT			Shell	3/5								PgCG_01690	W83	HCNEGF_00787	UniRef90_UPI0003AD59DD	237	78	W83__HCNEGF_00787
PgCG_01691	core_gene	Y	Y	tnp	ISAs1 family ISPg2 transposase	Mobile Genetic Elements & HGT	X	COG5433	Shell	3/5								PgCG_01691	W83	HCNEGF_00256	UniRef90_Q7BWB3	1131	376	W83__HCNEGF_00256
PgCG_01692	core_gene	Y	Y		ISAs1 family transposase	Mobile Genetic Elements & HGT			Shell	3/5								PgCG_01692	W83	HCNEGF_01162	UniRef90_A0AAE9X843	306	101	W83__HCNEGF_01162
PgCG_01693	core_gene	Y	Y	tnpA	Mobilizable transposon, tnpA protein	Mobile Genetic Elements & HGT			Shell	3/5								PgCG_01693	W83	HCNEGF_01270	UniRef90_Q7MVZ3	903	300	W83__HCNEGF_01270
PgCG_01694	core_gene	Y	Y		Mobilizable transposon, xis protein	Mobile Genetic Elements & HGT			Shell	3/5								PgCG_01694	W83	HCNEGF_01274	UniRef90_Q7MVZ6	360	119	W83__HCNEGF_01274
PgCG_01695	core_gene	Y	Y		Mobilization protein	Mobile Genetic Elements & HGT			Shell	3/5								PgCG_01695	W83	HCNEGF_01277	UniRef90_Q7MVZ9	354	117	W83__HCNEGF_01277
PgCG_01696	core_gene	Y	Y		Mobilization protein	Mobile Genetic Elements & HGT			Shell	3/5								PgCG_01696	W83	HCNEGF_01278	UniRef90_Q7MW00	924	307	W83__HCNEGF_01278
PgCG_01697	core_gene	Y	Y		Partial transposase in ISPg3	Mobile Genetic Elements & HGT			Shell	3/5								PgCG_01697	W83	HCNEGF_00276	UniRef90_B2RLD6	339	112	W83__HCNEGF_00276
PgCG_01698	core_gene	Y	Y		Site-specific integrase	Mobile Genetic Elements & HGT			Shell	3/5								PgCG_01698	W83	HCNEGF_01314	UniRef90_A0AAF0BH35	1050	349	W83__HCNEGF_01314
PgCG_01699	core_gene	Y	Y	traL	TraL conjugative transposon family protein	Mobile Genetic Elements & HGT			Shell	3/5								PgCG_01699	TDC60	EGHGLF_00944	UniRef90_UPI00051DFE2F	309	102	TDC60__EGHGLF_00944
PgCG_01700	core_gene	Y	Y		Trasnmembrane protein found in conjugate transposon	Mobile Genetic Elements & HGT			Shell	3/5								PgCG_01700	TDC60	EGHGLF_00929	UniRef90_A0A3P1SND4	210	69	TDC60__EGHGLF_00929
PgCG_01701	core_gene	Y	Y	cTD-A	Secretion system C-terminal sorting domain-containing protein	Proteolytic Virulence & Effectors	U	COG6083	Shell	3/5								PgCG_01701	W83	HCNEGF_00563	UniRef90_Q7MWI4	843	280	W83__HCNEGF_00563
PgCG_01702	core_gene	Y	Y		Secretion system C-terminal sorting domain-containing protein	Proteolytic Virulence & Effectors			Shell	3/5								PgCG_01702	W83	HCNEGF_01958	UniRef90_A0A0E2LSQ1	993	330	W83__HCNEGF_01958
PgCG_01703	core_gene	Y	Y		ABC transporter ATP-binding protein	Secretion & Molecular Export			Shell	3/5								PgCG_01703	TDC60	EGHGLF_01017	UniRef90_UPI00020F0414	738	245	TDC60__EGHGLF_01017
PgCG_01704	core_gene	Y	Y		ABC transporter domain-containing protein	Secretion & Molecular Export			Shell	3/5								PgCG_01704	ATCC33277	OHKNAD_01331	UniRef90_B2RKF3	708	235	ATCC33277__OHKNAD_01331
PgCG_01705	core_gene	Y	Y		ABC transporter, ATP-binding protein	Secretion & Molecular Export			Shell	3/5								PgCG_01705	TDC60	EGHGLF_00964	UniRef90_A0A0E2LMJ9	2184	727	TDC60__EGHGLF_00964
PgCG_01706	core_gene	Y	Y	lolE	ABC transporter, permease protein, putative	Secretion & Molecular Export	M	COG4591	Shell	3/5								PgCG_01706	W83	HCNEGF_00615	UniRef90_Q7MWD9	2367	788	W83__HCNEGF_00615
PgCG_01707	core_gene	Y	Y		Putative ABC transport system exported protein	Secretion & Molecular Export			Shell	3/5								PgCG_01707	ATCC33277	OHKNAD_01532	UniRef90_B2RL13	1491	496	ATCC33277__OHKNAD_01532
PgCG_01708	core_gene	Y	Y		putative ABC transporter membrane protein	Secretion & Molecular Export			Shell	3/5								PgCG_01708	ATCC33277	OHKNAD_01326	UniRef90_B2RKE8	903	300	ATCC33277__OHKNAD_01326
PgCG_01709	core_gene	Y	Y		Putative cation efflux system	Secretion & Molecular Export			Shell	3/5								PgCG_01709	ATCC33277	OHKNAD_01531	UniRef90_B2RL12	3072	1023	ATCC33277__OHKNAD_01531
PgCG_01710	core_gene	Y	Y		putative cation efflux system protein	Secretion & Molecular Export			Shell	3/5								PgCG_01710	ATCC33277	OHKNAD_01530	UniRef90_B2RL11	1101	366	ATCC33277__OHKNAD_01530
PgCG_01711	core_gene	Y	Y	fucP	Putative transmembrane glucose/galactose transporter	Secretion & Molecular Export	G	COG0738	Shell	3/5								PgCG_01711	W83	HCNEGF_02008	UniRef90_B2RH00	1290	429	W83__HCNEGF_02008
PgCG_01712	core_gene	Y	Y		RND transporter, HAE1/HME family, permease protein	Secretion & Molecular Export			Shell	3/5								PgCG_01712	ATCC33277	OHKNAD_01533	UniRef90_A0A0E2LNQ8	3132	1043	ATCC33277__OHKNAD_01533
PgCG_01713	core_gene	Y	Y	tPR	SycD/LcrH family type III secretion system chaperone	Secretion & Molecular Export	R	COG0457	Shell	3/5								PgCG_01713	W83	HCNEGF_01174	UniRef90_Q7MVR3	2253	750	W83__HCNEGF_01174
PgCG_01714	core_gene	Y	Y		Glycosyltransferase 2-like domain-containing protein	Surface Structures & Colonization			Shell	3/5								PgCG_01714	ATCC33277	OHKNAD_00226	UniRef90_Q50HT6	987	328	ATCC33277__OHKNAD_00226
PgCG_01715	core_gene	Y	Y		Glycosyltransferase 2-like domain-containing protein	Surface Structures & Colonization			Shell	3/5								PgCG_01715	ATCC33277	OHKNAD_00233	UniRef90_Q50HU3	1041	346	ATCC33277__OHKNAD_00233
PgCG_01716	core_gene	Y	Y	fimD	Major fimbrium tip subunit FimD	Surface Structures & Colonization			Shell	3/5	Y	fimD	adhesin_fim					PgCG_01716	ATCC33277	OHKNAD_00182	UniRef90_B2RH58	2013	670	ATCC33277__OHKNAD_00182
PgCG_01717	core_gene	Y	Y	fimE	Major fimbrium tip subunit FimE	Surface Structures & Colonization			Shell	3/5	Y	fimE	adhesin_fim					PgCG_01717	ATCC33277	OHKNAD_00183	UniRef90_B2RH59	1653	550	ATCC33277__OHKNAD_00183
PgCG_01718	core_gene	Y	Y		(pseudo) hypothetical protein	Uncharacterized Proteins			Shell	3/5								PgCG_01718	W83	HCNEGF_00577	UniRef90_UPI0003ACDCD9	177	58	W83__HCNEGF_00577
PgCG_01719	core_gene	Y	Y		(pseudo) hypothetical protein	Uncharacterized Proteins			Shell	3/5								PgCG_01719	W83	HCNEGF_00658	UniRef90_UPI001E37485D	228	75	W83__HCNEGF_00658
PgCG_01720	core_gene	Y	Y		(pseudo) hypothetical protein	Uncharacterized Proteins			Shell	3/5								PgCG_01720	W83	HCNEGF_01245	UniRef90_A0A0E2LSK7	312	103	W83__HCNEGF_01245
PgCG_01721	core_gene	Y	Y		(pseudo) hypothetical protein	Uncharacterized Proteins			Shell	3/5								PgCG_01721	W83	HCNEGF_02033	UniRef90_C9LJF9	135	44	W83__HCNEGF_02033
PgCG_01722	core_gene	Y	Y		(pseudo) hypothetical protein	Uncharacterized Proteins			Shell	3/5								PgCG_01722	W83	HCNEGF_01340	UniRef90_U2CCS4	180	59	W83__HCNEGF_01340
PgCG_01723	core_gene	Y	Y		(pseudo) Imm40 family immunity protein	Uncharacterized Proteins			Shell	3/5								PgCG_01723	AJW4	CELAOB_01709	UniRef90_UPI001F2C1DBD	186	61	AJW4__CELAOB_01709
PgCG_01724	core_gene	Y	Y		2TM domain-containing protein	Uncharacterized Proteins			Shell	3/5								PgCG_01724	W83	HCNEGF_01822	UniRef90_A0AAE9XGU8	231	76	W83__HCNEGF_01822
PgCG_01725	core_gene	Y	Y		AI-2E family transporter	Uncharacterized Proteins			Shell	3/5								PgCG_01725	W83	HCNEGF_00737	UniRef90_C9LHF2	348	115	W83__HCNEGF_00737
PgCG_01726	core_gene	Y	Y		ATPase	Uncharacterized Proteins	R	COG1373	Shell	3/5								PgCG_01726	W83	HCNEGF_01406	UniRef90_Q7MUI5	1326	441	W83__HCNEGF_01406
PgCG_01727	core_gene	Y	Y		B box-type domain-containing protein	Uncharacterized Proteins			Shell	3/5								PgCG_01727	ATCC33277	OHKNAD_00067	UniRef90_A0A449I3V3	444	147	ATCC33277__OHKNAD_00067
PgCG_01728	core_gene	Y	Y		DUF1896 domain-containing protein	Uncharacterized Proteins			Shell	3/5								PgCG_01728	W83	HCNEGF_00738	UniRef90_Q7MW33	474	157	W83__HCNEGF_00738
PgCG_01729	core_gene	Y	Y		DUF3137 domain-containing protein	Uncharacterized Proteins			Shell	3/5								PgCG_01729	W83	HCNEGF_00504	UniRef90_Q7MWP3	675	224	W83__HCNEGF_00504
PgCG_01730	core_gene	Y	Y		DUF3853 domain-containing protein	Uncharacterized Proteins			Shell	3/5								PgCG_01730	W83	HCNEGF_01307	UniRef90_Q7MW19	312	103	W83__HCNEGF_01307
PgCG_01731	core_gene	Y	Y		DUF3987 domain-containing protein	Uncharacterized Proteins			Shell	3/5								PgCG_01731	W83	HCNEGF_01275	UniRef90_Q7MVZ7	1377	458	W83__HCNEGF_01275
PgCG_01732	core_gene	Y	Y		DUF4209 domain-containing protein	Uncharacterized Proteins			Shell	3/5								PgCG_01732	W83	HCNEGF_01398	UniRef90_Q7MUJ3	1641	546	W83__HCNEGF_01398
PgCG_01733	core_gene	Y	Y		DUF4252 domain-containing protein	Uncharacterized Proteins			Shell	3/5								PgCG_01733	W83	HCNEGF_01738	UniRef90_A0A0E2LRS1	579	192	W83__HCNEGF_01738
PgCG_01734	core_gene	Y	Y		DUF4393 domain-containing protein	Uncharacterized Proteins			Shell	3/5								PgCG_01734	W83	HCNEGF_01293	UniRef90_Q7MW12	783	260	W83__HCNEGF_01293
PgCG_01735	core_gene	Y	Y		DUF4942 domain-containing protein	Uncharacterized Proteins			Shell	3/5								PgCG_01735	TDC60	EGHGLF_00932	UniRef90_G8UQV1	591	196	TDC60__EGHGLF_00932
PgCG_01736	core_gene	Y	Y		DUF6140 domain-containing protein	Uncharacterized Proteins			Shell	3/5								PgCG_01736	W83	HCNEGF_00210	UniRef90_Q7MXG8	222	73	W83__HCNEGF_00210
PgCG_01737	core_gene	Y	Y		DUF805 domain-containing protein	Uncharacterized Proteins			Shell	3/5								PgCG_01737	W83	HCNEGF_00190	UniRef90_B2RHI0	696	231	W83__HCNEGF_00190
PgCG_01738	core_gene	Y	Y	epsG	EpsG family protein	Uncharacterized Proteins			Shell	3/5	Y	wzy	A-LPS					PgCG_01738	ATCC33277	OHKNAD_00227	UniRef90_A0A0E2LTK6	1206	401	ATCC33277__OHKNAD_00227
PgCG_01739	core_gene	Y	Y		Fibronectin type-III domain-containing protein	Uncharacterized Proteins			Shell	3/5								PgCG_01739	ATCC33277	OHKNAD_00776	UniRef90_B2RIW9	2112	703	ATCC33277__OHKNAD_00776
PgCG_01740	core_gene	Y	Y		hypothetical protein	Uncharacterized Proteins			Shell	3/5								PgCG_01740	W83	HCNEGF_00031	UniRef90_Q7MXW8	585	194	W83__HCNEGF_00031
PgCG_01741	core_gene	Y	Y		hypothetical protein	Uncharacterized Proteins			Shell	3/5								PgCG_01741	W83	HCNEGF_00042		258	85	W83__HCNEGF_00042
PgCG_01742	core_gene	Y	Y		hypothetical protein	Uncharacterized Proteins			Shell	3/5								PgCG_01742	W83	HCNEGF_00083		285	94	W83__HCNEGF_00083
PgCG_01743	core_gene	Y	Y		hypothetical protein	Uncharacterized Proteins			Shell	3/5								PgCG_01743	W83	HCNEGF_00103		156	51	W83__HCNEGF_00103
PgCG_01744	core_gene	Y	Y		hypothetical protein	Uncharacterized Proteins			Shell	3/5								PgCG_01744	W83	HCNEGF_00221	UniRef90_A0A0A2F5U3	231	76	W83__HCNEGF_00221
PgCG_01745	core_gene	Y	Y		hypothetical protein	Uncharacterized Proteins			Shell	3/5								PgCG_01745	W83	HCNEGF_00232		213	70	W83__HCNEGF_00232
PgCG_01746	core_gene	Y	Y		hypothetical protein	Uncharacterized Proteins			Shell	3/5								PgCG_01746	W83	HCNEGF_01579	UniRef90_A0A0E2M729	270	89	W83__HCNEGF_01579
PgCG_01747	core_gene	Y	Y		hypothetical protein	Uncharacterized Proteins			Shell	3/5								PgCG_01747	W83	HCNEGF_00547	UniRef90_Q7MWK0	357	118	W83__HCNEGF_00547
PgCG_01748	core_gene	Y	Y		hypothetical protein	Uncharacterized Proteins			Shell	3/5								PgCG_01748	W83	HCNEGF_01838	UniRef90_A0AAF0BAI5	252	83	W83__HCNEGF_01838
PgCG_01749	core_gene	Y	Y		hypothetical protein	Uncharacterized Proteins			Shell	3/5								PgCG_01749	W83	HCNEGF_01901		138	45	W83__HCNEGF_01901
PgCG_01750	core_gene	Y	Y		hypothetical protein	Uncharacterized Proteins			Shell	3/5								PgCG_01750	W83	HCNEGF_01910	UniRef90_Q7MTB1	405	134	W83__HCNEGF_01910
PgCG_01751	core_gene	Y	Y		hypothetical protein	Uncharacterized Proteins			Shell	3/5								PgCG_01751	ATCC33277	OHKNAD_00453	UniRef90_A0A0E2LMA1	441	146	ATCC33277__OHKNAD_00453
PgCG_01752	core_gene	Y	Y		hypothetical protein	Uncharacterized Proteins			Shell	3/5								PgCG_01752	ATCC33277	OHKNAD_00452	UniRef90_A0A0E2LMJ2	447	148	ATCC33277__OHKNAD_00452
PgCG_01753	core_gene	Y	Y		hypothetical protein	Uncharacterized Proteins			Shell	3/5								PgCG_01753	W83	HCNEGF_01809		96	31	W83__HCNEGF_01809
PgCG_01754	core_gene	Y	Y		hypothetical protein	Uncharacterized Proteins			Shell	3/5								PgCG_01754	W83	HCNEGF_00208	UniRef90_UPI00020EFEC9	312	103	W83__HCNEGF_00208
PgCG_01755	core_gene	Y	Y		hypothetical protein	Uncharacterized Proteins			Shell	3/5								PgCG_01755	W83	HCNEGF_00886		132	43	W83__HCNEGF_00886
PgCG_01756	core_gene	Y	Y		hypothetical protein	Uncharacterized Proteins			Shell	3/5								PgCG_01756	W83	HCNEGF_00730		201	66	W83__HCNEGF_00730
PgCG_01757	core_gene	Y	Y		hypothetical protein	Uncharacterized Proteins			Shell	3/5								PgCG_01757	W83	HCNEGF_01714	UniRef90_A0A0E2LRM1	228	75	W83__HCNEGF_01714
PgCG_01758	core_gene	Y	Y		hypothetical protein	Uncharacterized Proteins			Shell	3/5								PgCG_01758	W83	HCNEGF_01470		108	35	W83__HCNEGF_01470
PgCG_01759	core_gene	Y	Y		hypothetical protein	Uncharacterized Proteins			Shell	3/5								PgCG_01759	ATCC33277	OHKNAD_01035	UniRef90_UPI001F3E3F06	225	74	ATCC33277__OHKNAD_01035
PgCG_01760	core_gene	Y	Y		hypothetical protein	Uncharacterized Proteins			Shell	3/5								PgCG_01760	ATCC33277	OHKNAD_01537	UniRef90_B2RL19	186	61	ATCC33277__OHKNAD_01537
PgCG_01761	core_gene	Y	Y		hypothetical protein	Uncharacterized Proteins			Shell	3/5								PgCG_01761	ATCC33277	OHKNAD_01791	UniRef90_A0A0A2FCD3	543	180	ATCC33277__OHKNAD_01791
PgCG_01762	core_gene	Y	Y		hypothetical protein	Uncharacterized Proteins			Shell	3/5								PgCG_01762	W83	HCNEGF_02022		153	50	W83__HCNEGF_02022
PgCG_01763	core_gene	Y	Y		hypothetical protein	Uncharacterized Proteins			Shell	3/5								PgCG_01763	ATCC33277	OHKNAD_01352	UniRef90_A0AAE9XAX2	252	83	ATCC33277__OHKNAD_01352
PgCG_01764	core_gene	Y	Y		hypothetical protein	Uncharacterized Proteins			Shell	3/5								PgCG_01764	W83	HCNEGF_00227	UniRef90_UPI0005C3D5B6	435	144	W83__HCNEGF_00227
PgCG_01765	core_gene	Y	Y		hypothetical protein	Uncharacterized Proteins			Shell	3/5								PgCG_01765	W83	HCNEGF_00999		90	29	W83__HCNEGF_00999
PgCG_01766	core_gene	Y	Y		hypothetical protein	Uncharacterized Proteins			Shell	3/5								PgCG_01766	W83	HCNEGF_01533		183	60	W83__HCNEGF_01533
PgCG_01767	core_gene	Y	Y		hypothetical protein	Uncharacterized Proteins			Shell	3/5								PgCG_01767	W83	HCNEGF_01429	UniRef90_Q7MUH0	141	46	W83__HCNEGF_01429
PgCG_01768	core_gene	Y	Y		hypothetical protein	Mobile Genetic Elements & HGT			Shell	3/5								PgCG_01768	W83	HCNEGF_01410		318	105	W83__HCNEGF_01410
PgCG_01769	core_gene	Y	Y		hypothetical protein	Uncharacterized Proteins			Shell	3/5								PgCG_01769	W83	HCNEGF_00965		123	40	W83__HCNEGF_00965
PgCG_01770	core_gene	Y	Y		hypothetical protein	Uncharacterized Proteins			Shell	3/5								PgCG_01770	W83	HCNEGF_01140	UniRef90_Q7MVN5	144	47	W83__HCNEGF_01140
PgCG_01771	core_gene	Y	Y		hypothetical protein	Uncharacterized Proteins			Shell	3/5								PgCG_01771	W83	HCNEGF_01158	UniRef90_Q7MVQ0	96	31	W83__HCNEGF_01158
PgCG_01772	core_gene	Y	Y		hypothetical protein	Uncharacterized Proteins			Shell	3/5								PgCG_01772	W83	HCNEGF_01170		240	79	W83__HCNEGF_01170
PgCG_01773	core_gene	Y	Y		hypothetical protein	Uncharacterized Proteins			Shell	3/5								PgCG_01773	ATCC33277	OHKNAD_00047		195	64	ATCC33277__OHKNAD_00047
PgCG_01774	core_gene	Y	Y		hypothetical protein	Uncharacterized Proteins			Shell	3/5								PgCG_01774	ATCC33277	OHKNAD_01229	UniRef90_B2RK74	219	72	ATCC33277__OHKNAD_01229
PgCG_01775	core_gene	Y	Y		Inner-membrane translocator	Uncharacterized Proteins			Shell	3/5								PgCG_01775	TDC60	EGHGLF_01012	UniRef90_T1CPM4	888	295	TDC60__EGHGLF_01012
PgCG_01776	core_gene	Y	Y		Intein	Uncharacterized Proteins			Shell	3/5								PgCG_01776	TDC60	EGHGLF_00931	UniRef90_A0A0A2EY09	282	93	TDC60__EGHGLF_00931
PgCG_01777	core_gene	Y	Y		Putative beta-lactamase-inhibitor-like PepSY-like domain-containing protein	Uncharacterized Proteins			Shell	3/5								PgCG_01777	W83	HCNEGF_00645	UniRef90_A0A0A2F3A0	1104	367	W83__HCNEGF_00645
PgCG_01778	core_gene	Y	Y		Putative beta-lactamase-inhibitor-like PepSY-like domain-containing protein	Uncharacterized Proteins			Shell	3/5								PgCG_01778	W83	HCNEGF_00646	UniRef90_Q7MWB3	438	145	W83__HCNEGF_00646
PgCG_01779	core_gene	Y	Y		Putative carbonic anhydrase	Uncharacterized Proteins			Shell	3/5								PgCG_01779	ATCC33277	OHKNAD_01526	UniRef90_B2RL07	729	242	ATCC33277__OHKNAD_01526
PgCG_01780	core_gene	Y	Y		Putative DNA-binding protein	Uncharacterized Proteins			Shell	3/5								PgCG_01780	TDC60	EGHGLF_01514	UniRef90_A0A0E2LTK2	480	159	TDC60__EGHGLF_01514
PgCG_01781	core_gene	Y	Y		ResB-like domain-containing protein	Uncharacterized Proteins			Shell	3/5								PgCG_01781	ATCC33277	OHKNAD_01724	UniRef90_B2RLM1	1296	431	ATCC33277__OHKNAD_01724
PgCG_01782	core_gene	Y	Y		RHS repeat-associated core domain-containing protein	Uncharacterized Proteins			Shell	3/5								PgCG_01782	W83	HCNEGF_01737	UniRef90_B2RLU5	324	107	W83__HCNEGF_01737
PgCG_01783	core_gene	Y	Y		SMODS and SLOG-associating 2TM effector domain-containing protein	Uncharacterized Proteins			Shell	3/5								PgCG_01783	ATCC33277	OHKNAD_01767	UniRef90_A0A0E2M8B0	447	148	ATCC33277__OHKNAD_01767
PgCG_01784	core_gene	Y	Y		T9SS C-terminal target domain-containing protein	Uncharacterized Proteins			Shell	3/5								PgCG_01784	ATCC33277	OHKNAD_00449	UniRef90_B2RHY2	1500	499	ATCC33277__OHKNAD_00449
PgCG_01785	core_gene	Y	Y		Lipoprotein	Cell Envelope & Morphogenesis			Shell	2/5								PgCG_01785	TDC60	EGHGLF_00455	UniRef90_A0AAE9X6U2	501	166	TDC60__EGHGLF_00455
PgCG_01786	core_gene	Y	Y		Lipoprotein	Cell Envelope & Morphogenesis			Shell	2/5								PgCG_01786	ATCC33277	OHKNAD_00163	UniRef90_B2RH37	309	102	ATCC33277__OHKNAD_00163
PgCG_01787	core_gene	Y	Y		Lipoprotein	Cell Envelope & Morphogenesis			Shell	2/5								PgCG_01787	W83	HCNEGF_00742	UniRef90_A0A096ASI8	363	120	W83__HCNEGF_00742
PgCG_01788	core_gene	Y	Y		Lipoprotein	Cell Envelope & Morphogenesis			Shell	2/5								PgCG_01788	ATCC33277	OHKNAD_00471	UniRef90_B2RI05	1269	422	ATCC33277__OHKNAD_00471
PgCG_01789	core_gene	Y	Y		Lipoprotein	Cell Envelope & Morphogenesis			Shell	2/5								PgCG_01789	ATCC33277	OHKNAD_01788	UniRef90_B2RLU0	663	220	ATCC33277__OHKNAD_01788
PgCG_01790	core_gene	Y	Y	ragB	Lipoprotein RagB	Cell Envelope & Morphogenesis			Shell	2/5	Y	ragB	OM_receptor					PgCG_01790	W83	HCNEGF_00179	UniRef90_F5H948	1506	501	W83__HCNEGF_00179
PgCG_01791	core_gene	Y	Y		Lipoprotein, putative	Cell Envelope & Morphogenesis			Shell	2/5								PgCG_01791	W83	HCNEGF_01976	UniRef90_Q7MT53	2013	670	W83__HCNEGF_01976
PgCG_01792	core_gene	Y	Y		Outer membrane protein beta-barrel domain-containing protein	Cell Envelope & Morphogenesis			Shell	2/5								PgCG_01792	W83	HCNEGF_01957	UniRef90_Q7MT69	1011	336	W83__HCNEGF_01957
PgCG_01793	core_gene	Y	Y		Outer membrane protein beta-barrel domain-containing protein	Cell Envelope & Morphogenesis			Shell	2/5								PgCG_01793	W83	HCNEGF_01502	UniRef90_Q7MUA5	291	96	W83__HCNEGF_01502
PgCG_01794	core_gene	Y	Y		Outer membrane protein beta-barrel domain-containing protein	Cell Envelope & Morphogenesis			Shell	2/5								PgCG_01794	TDC60	EGHGLF_00965	UniRef90_A0A0E2LMB1	2286	761	TDC60__EGHGLF_00965
PgCG_01795	core_gene	Y	Y		porin family protein	Cell Envelope & Morphogenesis			Shell	2/5								PgCG_01795	TDC60	EGHGLF_00029	UniRef90_UPI001F439E03	798	265	TDC60__EGHGLF_00029
PgCG_01796	core_gene	Y	Y		CRISPR type III-B/RAMP module-associated protein Cmr5	Environmental Stress & Defense			Shell	2/5								PgCG_01796	W83	HCNEGF_01833	UniRef90_A0A0A2EBW0	444	147	W83__HCNEGF_01833
PgCG_01797	core_gene	Y	Y		CRISPR type III-B/RAMP module-associated protein Cmr5	Environmental Stress & Defense			Shell	2/5								PgCG_01797	ATCC33277	OHKNAD_01896	UniRef90_B2RM53	438	145	ATCC33277__OHKNAD_01896
PgCG_01798	core_gene	Y	Y	mcrB	McrBC restriction endonuclease system, McrB subunit, putative	Environmental Stress & Defense	V	COG1401	Shell	2/5								PgCG_01798	W83	HCNEGF_01183	UniRef90_Q7MVS2	1716	571	W83__HCNEGF_01183
PgCG_01799	core_gene	Y	Y	hsdM	N-6 DNA Methylase	Environmental Stress & Defense	V	COG0286	Shell	2/5								PgCG_01799	W83	HCNEGF_00493	UniRef90_L1NBR5	2139	712	W83__HCNEGF_00493
PgCG_01800	core_gene	Y	Y	mcrC	Restriction endonuclease	Environmental Stress & Defense	V	COG4268	Shell	2/5								PgCG_01800	W83	HCNEGF_01182	UniRef90_Q7MVS1	1137	378	W83__HCNEGF_01182
PgCG_01801	core_gene	Y	Y		Restriction endonuclease	Environmental Stress & Defense			Shell	2/5								PgCG_01801	W83	HCNEGF_00509	UniRef90_Q7MWN7	546	181	W83__HCNEGF_00509
PgCG_01802	core_gene	Y	Y		Restriction endonuclease	Environmental Stress & Defense			Shell	2/5								PgCG_01802	W83	HCNEGF_01344	UniRef90_UPI0003AD02BD	648	215	W83__HCNEGF_01344
PgCG_01803	core_gene	Y	Y		Type III restriction enzyme, res subunit	Environmental Stress & Defense			Shell	2/5								PgCG_01803	ATCC33277	OHKNAD_00842	UniRef90_B2RJ36	2742	913	ATCC33277__OHKNAD_00842
PgCG_01804	core_gene	Y	Y	cas13b	type VI-B CRISPR-associated RNA-guided ribonuclease Cas13b	Environmental Stress & Defense			Shell	2/5								PgCG_01804	W83	HCNEGF_01002	UniRef90_Q7MVB2	3408	1135	W83__HCNEGF_01002
PgCG_01805	core_gene	Y	Y		30S ribosomal protein S21 domain protein	Genetic Information Processing			Shell	2/5								PgCG_01805	W83	HCNEGF_01000	UniRef90_A0A0E2LQV0	222	73	W83__HCNEGF_01000
PgCG_01806	core_gene	Y	Y		50S ribosomal protein L28 domain protein	Genetic Information Processing			Shell	2/5								PgCG_01806	TDC60	EGHGLF_00066	UniRef90_A0A0E2LN42	216	71	TDC60__EGHGLF_00066
PgCG_01807	core_gene	Y	Y	araC	AraC family transcriptional regulator	Genetic Information Processing			Shell	2/5								PgCG_01807	ATCC33277	OHKNAD_00062	UniRef90_F9D6G7	849	282	ATCC33277__OHKNAD_00062
PgCG_01808	core_gene	Y	Y		ATPase/histidine kinase/DNA gyrase B/HSP90 domain protein	Genetic Information Processing			Shell	2/5								PgCG_01808	W83	HCNEGF_00756	UniRef90_D1PVH5	2076	691	W83__HCNEGF_00756
PgCG_01809	core_gene	Y	Y		helix-turn-helix transcriptional regulator	Genetic Information Processing			Shell	2/5								PgCG_01809	ATCC33277	OHKNAD_00857	UniRef90_UPI0007179EC7	183	60	ATCC33277__OHKNAD_00857
PgCG_01810	core_gene	Y	Y	hxlR	HTH hxlR-type domain-containing protein	Genetic Information Processing	K	COG1733	Shell	2/5								PgCG_01810	W83	HCNEGF_00744	UniRef90_Q7M7B7	315	104	W83__HCNEGF_00744
PgCG_01811	core_gene	Y	Y	spoIVCA	master DNA invertase Mpi family serine-type recombinase	Genetic Information Processing	L	COG1961	Shell	2/5								PgCG_01811	W83	HCNEGF_01282	UniRef90_Q7MW03	621	206	W83__HCNEGF_01282
PgCG_01812	core_gene	Y	Y		SNF2-related helicase	Genetic Information Processing			Shell	2/5								PgCG_01812	ATCC33277	OHKNAD_00858	UniRef90_B2RJ51	2898	965	ATCC33277__OHKNAD_00858
PgCG_01813	core_gene	Y	Y	tetR	TetR family transcriptional regulator	Genetic Information Processing			Shell	2/5								PgCG_01813	TDC60	EGHGLF_00969	UniRef90_A0A0A2E3C8	609	202	TDC60__EGHGLF_00969
PgCG_01814	core_gene	Y	Y		Topoisomerase	Genetic Information Processing			Shell	2/5								PgCG_01814	W83	HCNEGF_01297	UniRef90_Q7MW13	1140	379	W83__HCNEGF_01297
PgCG_01815	core_gene	Y	Y	araC	Transcriptional regulator, AraC family	Genetic Information Processing	K	COG2207	Shell	2/5								PgCG_01815	W83	HCNEGF_01325	UniRef90_Q7M791	849	282	W83__HCNEGF_01325
PgCG_01816	core_gene	Y	Y	crp	Transcriptional regulator, Crp family	Genetic Information Processing	T	COG0664	Shell	2/5								PgCG_01816	W83	HCNEGF_01449	UniRef90_Q7MAV9	852	283	W83__HCNEGF_01449
PgCG_01817	core_gene	Y	Y	xRE	Transcriptional regulator, putative	Genetic Information Processing	K	COG1476	Shell	2/5								PgCG_01817	W83	HCNEGF_00492	UniRef90_Q7MWQ3	204	67	W83__HCNEGF_00492
PgCG_01818	core_gene	Y	Y	acrR	Transcriptional regulator, tetR family	Genetic Information Processing	K	COG1309	Shell	2/5								PgCG_01818	W83	HCNEGF_01378	UniRef90_Q7MUK7	600	199	W83__HCNEGF_01378
PgCG_01819	core_gene	Y	Y	ragA	RagA protein	Heme & Ion Homeostasis	P	COG4771	Shell	2/5	Y	ragA	OM_receptor					PgCG_01819	W83	HCNEGF_00178	UniRef90_Q7MXJ7	3054	1017	W83__HCNEGF_00178
PgCG_01820	core_gene	Y	Y	pgk2	2-phosphoglycerate kinase/Mevalonate-3-phosphate 5-kinase	Metabolic Homeostasis	G;I	COG2074	Shell	2/5								PgCG_01820	W83	HCNEGF_01392	UniRef90_Q7MUJ4	1377	458	W83__HCNEGF_01392
PgCG_01821	core_gene	Y	Y		ADP-ribosylglycohydrolase	Metabolic Homeostasis			Shell	2/5								PgCG_01821	W83	HCNEGF_01280	UniRef90_Q7MW02	1146	381	W83__HCNEGF_01280
PgCG_01822	core_gene	Y	Y	yokD	Aminoglycoside N(3)-acetyltransferase	Metabolic Homeostasis	V	COG2746	Shell	2/5								PgCG_01822	W83	HCNEGF_00111	UniRef90_Q7MXQ7	834	277	W83__HCNEGF_00111
PgCG_01823	core_gene	Y	Y		ATP-binding protein	Metabolic Homeostasis			Shell	2/5								PgCG_01823	W83	HCNEGF_00971	UniRef90_UPI00026970A8	1005	334	W83__HCNEGF_00971
PgCG_01824	core_gene	Y	Y		Coenzyme F390 synthetase	Metabolic Homeostasis			Shell	2/5								PgCG_01824	ATCC33277	OHKNAD_00229	UniRef90_Q50HT3	1335	444	ATCC33277__OHKNAD_00229
PgCG_01825	core_gene	Y	Y		Conserved domain protein	Metabolic Homeostasis	R	COG4637	Shell	2/5								PgCG_01825	W83	HCNEGF_01132	UniRef90_Q7MVM7	1089	362	W83__HCNEGF_01132
PgCG_01826	core_gene	Y	Y		Conserved domain protein	Metabolic Homeostasis	K	COG2865	Shell	2/5								PgCG_01826	W83	HCNEGF_01388	UniRef90_Q7MUJ8	618	205	W83__HCNEGF_01388
PgCG_01827	core_gene	Y	Y		Conserved domain protein	Metabolic Homeostasis			Shell	2/5								PgCG_01827	W83	HCNEGF_01301	UniRef90_Q7MW17	1581	526	W83__HCNEGF_01301
PgCG_01828	core_gene	Y	Y		DNA-binding protein	Metabolic Homeostasis			Shell	2/5								PgCG_01828	TDC60	EGHGLF_01430	UniRef90_A0AAF0BDU5	219	72	TDC60__EGHGLF_01430
PgCG_01829	core_gene	Y	Y		DNA-binding protein	Metabolic Homeostasis			Shell	2/5								PgCG_01829	W83	HCNEGF_01298	UniRef90_A0A2A6E4Z8	309	102	W83__HCNEGF_01298
PgCG_01830	core_gene	Y	Y		DNA-binding protein histone-like family	Metabolic Homeostasis			Shell	2/5								PgCG_01830	ATCC33277	OHKNAD_01175	UniRef90_B2RK16	486	161	ATCC33277__OHKNAD_01175
PgCG_01831	core_gene	Y	Y	gldA	Glycerol dehydrogenase-related protein	Metabolic Homeostasis	C	COG0371	Shell	2/5								PgCG_01831	W83	HCNEGF_01390	UniRef90_Q7MUJ6	990	329	W83__HCNEGF_01390
PgCG_01832	core_gene	Y	Y	rfaB	Glycosyl transferase, group 1 family protein	Metabolic Homeostasis	M	COG0438	Shell	2/5								PgCG_01832	W83	HCNEGF_00107	UniRef90_Q7MXQ9	1041	346	W83__HCNEGF_00107
PgCG_01833	core_gene	Y	Y	wcaA	Glycosyl transferase, group 2 family protein	Metabolic Homeostasis	M	COG0463	Shell	2/5								PgCG_01833	W83	HCNEGF_00116	UniRef90_Q7MXQ2	1044	347	W83__HCNEGF_00116
PgCG_01834	core_gene	Y	Y		Glycosyltransferase family 39 protein	Metabolic Homeostasis			Shell	2/5								PgCG_01834	ATCC33277	OHKNAD_01610	UniRef90_A0AAE9XFM7	1515	504	ATCC33277__OHKNAD_01610
PgCG_01835	core_gene	Y	Y	sSL2	Helicase, SNF2/RAD54 family	Metabolic Homeostasis	K;L	COG1061	Shell	2/5								PgCG_01835	W83	HCNEGF_01286	UniRef90_Q7MW05	3483	1160	W83__HCNEGF_01286
PgCG_01836	core_gene	Y	Y		Histidinol phosphate phosphatase	Metabolic Homeostasis			Shell	2/5								PgCG_01836	TDC60	EGHGLF_00275	UniRef90_A0AAF0BB04	474	157	TDC60__EGHGLF_00275
PgCG_01837	core_gene	Y	Y		Immunity protein 26 of polymorphic toxin system	Metabolic Homeostasis			Shell	2/5								PgCG_01837	W83	HCNEGF_01743	UniRef90_A0A2U1F4A6	480	159	W83__HCNEGF_01743
PgCG_01838	core_gene	Y	Y	yopM	Leucine-rich protein	Metabolic Homeostasis	U	COG4886	Shell	2/5								PgCG_01838	W83	HCNEGF_01713	UniRef90_Q7MTS7	3801	1266	W83__HCNEGF_01713
PgCG_01839	core_gene	Y	Y	ispH	LytB-related protein	Metabolic Homeostasis	I	COG0761	Shell	2/5								PgCG_01839	W83	HCNEGF_01381	UniRef90_Q7MUK6	951	316	W83__HCNEGF_01381
PgCG_01840	core_gene	Y	Y	mdh	Malate dehydrogenase	Metabolic Homeostasis	C	COG0039	Shell	2/5								PgCG_01840	TDC60	EGHGLF_01840	UniRef90_Q7MTK2	1005	334	TDC60__EGHGLF_01840
PgCG_01841	core_gene	Y	Y	comEC	Metallo-beta-lactamase domain-containing protein	Metabolic Homeostasis	U	COG2333	Shell	2/5								PgCG_01841	W83	HCNEGF_01311	UniRef90_Q7MW23	1179	392	W83__HCNEGF_01311
PgCG_01842	core_gene	Y	Y		Methylated-DNA--protein-cysteine methyltransferase	Metabolic Homeostasis			Shell	2/5								PgCG_01842	TDC60	EGHGLF_00220	UniRef90_A0A0E2M2X6	768	255	TDC60__EGHGLF_00220
PgCG_01843	core_gene	Y	Y	wcaG	NAD dependent protein	Metabolic Homeostasis	M	COG0451	Shell	2/5								PgCG_01843	W83	HCNEGF_01382	UniRef90_Q7MUK5	987	328	W83__HCNEGF_01382
PgCG_01844	core_gene	Y	Y		Nucleotidyl transferase AbiEii/AbiGii toxin family protein	Metabolic Homeostasis	V	COG2253	Shell	2/5								PgCG_01844	W83	HCNEGF_01300	UniRef90_Q7MW16	999	332	W83__HCNEGF_01300
PgCG_01845	core_gene	Y	Y	hpt1	Phosphoribosyltransferase, putative/phosphoglycerate mutase family protein	Metabolic Homeostasis	H	COG2236	Shell	2/5								PgCG_01845	W83	HCNEGF_01389	UniRef90_Q7MUJ7	1317	438	W83__HCNEGF_01389
PgCG_01846	core_gene	Y	Y	yciV	PHP N-terminal domain protein	Metabolic Homeostasis	F	COG0613	Shell	2/5								PgCG_01846	W83	HCNEGF_00412	UniRef90_Q7MWX5	2040	679	W83__HCNEGF_00412
PgCG_01847	core_gene	Y	Y		Polyketide cyclase	Metabolic Homeostasis			Shell	2/5								PgCG_01847	W83	HCNEGF_00972	UniRef90_Q7MV87	504	167	W83__HCNEGF_00972
PgCG_01848	core_gene	Y	Y		Putative 3-oxoacyl-(Acyl carrier protein) synthase III	Metabolic Homeostasis			Shell	2/5								PgCG_01848	TDC60	EGHGLF_00968	UniRef90_A0A0E2LMS8	1158	385	TDC60__EGHGLF_00968
PgCG_01849	core_gene	Y	Y	ygiQ	Radical SAM domain protein	Metabolic Homeostasis	R	COG1032	Shell	2/5								PgCG_01849	W83	HCNEGF_01383	UniRef90_Q7MUK4	894	297	W83__HCNEGF_01383
PgCG_01850	core_gene	Y	Y	rbcL	Ribulose bisphosphate carboxylase-related protein	Metabolic Homeostasis	G	COG1850	Shell	2/5								PgCG_01850	W83	HCNEGF_01391	UniRef90_Q7MUJ5	1014	337	W83__HCNEGF_01391
PgCG_01851	core_gene	Y	Y		Serine protease	Metabolic Homeostasis			Shell	2/5								PgCG_01851	W83	HCNEGF_01310	UniRef90_Q7MW22	4026	1341	W83__HCNEGF_01310
PgCG_01852	core_gene	Y	Y	hipA	Serine/threonine-protein kinase HipA	Metabolic Homeostasis	T	COG3550	Shell	2/5								PgCG_01852	W83	HCNEGF_01288	UniRef90_A0A2X4PGM7	939	312	W83__HCNEGF_01288
PgCG_01853	core_gene	Y	Y	hipA	Serine/threonine-protein kinase HipA	Metabolic Homeostasis			Shell	2/5								PgCG_01853	W83	HCNEGF_01289	UniRef90_A0A2X4PL23	336	111	W83__HCNEGF_01289
PgCG_01854	core_gene	Y	Y		site-specific DNA-methyltransferase (adenine-specific)	Metabolic Homeostasis			Shell	2/5								PgCG_01854	W83	HCNEGF_01285	UniRef90_Q7MW04	3399	1132	W83__HCNEGF_01285
PgCG_01855	core_gene	Y	Y	hsdM	site-specific DNA-methyltransferase (adenine-specific)	Metabolic Homeostasis	V	COG0286	Shell	2/5								PgCG_01855	W83	HCNEGF_01345	UniRef90_Q7MUN9	3009	1002	W83__HCNEGF_01345
PgCG_01856	core_gene	Y	Y		Symporter	Metabolic Homeostasis			Shell	2/5								PgCG_01856	TDC60	EGHGLF_01626	UniRef90_A0A099WQK2	1533	510	TDC60__EGHGLF_01626
PgCG_01857	core_gene	Y	Y	pilF	TPR domain protein	Metabolic Homeostasis	N;W	COG3063	Shell	2/5								PgCG_01857	W83	HCNEGF_01033	UniRef90_Q7MVD8	1902	633	W83__HCNEGF_01033
PgCG_01858	core_gene	Y	Y		type I site-specific deoxyribonuclease	Metabolic Homeostasis	S	COG4748	Shell	2/5								PgCG_01858	W83	HCNEGF_01464	UniRef90_Q7MUD8	1098	365	W83__HCNEGF_01464
PgCG_01859	core_gene	Y	Y		(pseudo) Partial transposase in ISPg1	Mobile Genetic Elements & HGT			Shell	2/5								PgCG_01859	W83	HCNEGF_00685	UniRef90_C9LJF9	357	118	W83__HCNEGF_00685
PgCG_01860	core_gene	Y	Y		(pseudo) transposase family protein	Mobile Genetic Elements & HGT			Shell	2/5								PgCG_01860	ATCC33277	OHKNAD_00943	UniRef90_UPI0030C861CB	282	93	ATCC33277__OHKNAD_00943
PgCG_01861	core_gene	Y	Y		(pseudo) transposase family protein	Mobile Genetic Elements & HGT			Shell	2/5								PgCG_01861	ATCC33277	OHKNAD_00944	UniRef90_UPI001C53CFAD	102	33	ATCC33277__OHKNAD_00944
PgCG_01862	core_gene	Y	Y		(pseudo) Trasnmembrane protein found in conjugate transposon	Mobile Genetic Elements & HGT			Shell	2/5								PgCG_01862	W83	HCNEGF_00755	UniRef90_A0A2X4SIS6	168	55	W83__HCNEGF_00755
PgCG_01863	core_gene	Y	Y	mobB	Conjugal transfer protein MobB	Mobile Genetic Elements & HGT			Shell	2/5								PgCG_01863	A7436	EMNIEE_00677	UniRef90_A0AAW6F6Q0	1233	410	A7436__EMNIEE_00677
PgCG_01864	core_gene	Y	Y	mobB	Conjugal transfer protein MobB	Mobile Genetic Elements & HGT			Shell	2/5								PgCG_01864	TDC60	EGHGLF_00958	UniRef90_A0A2D2PFL4	1230	409	TDC60__EGHGLF_00958
PgCG_01865	core_gene	Y	Y	traJ	Conjugative transposon TraJ C-terminal domain-containing protein	Mobile Genetic Elements & HGT			Shell	2/5								PgCG_01865	W83	HCNEGF_00449	UniRef90_Q7MSZ0	288	95	W83__HCNEGF_00449
PgCG_01866	core_gene	Y	Y	traJ	Conjugative transposon TraJ C-terminal domain-containing protein	Mobile Genetic Elements & HGT			Shell	2/5								PgCG_01866	W83	HCNEGF_01267	UniRef90_Q7MVZ0	606	201	W83__HCNEGF_01267
PgCG_01867	core_gene	Y	Y		Integrase	Mobile Genetic Elements & HGT			Shell	2/5								PgCG_01867	W83	HCNEGF_00739	UniRef90_W2CEE1	168	55	W83__HCNEGF_00739
PgCG_01868	core_gene	Y	Y		ISAs1 family transposase	Mobile Genetic Elements & HGT			Shell	2/5								PgCG_01868	TDC60	EGHGLF_00751	UniRef90_A0AAE9X843	1134	377	TDC60__EGHGLF_00751
PgCG_01869	core_gene	Y	Y	mobA	MobA protein	Mobile Genetic Elements & HGT			Shell	2/5								PgCG_01869	TDC60	EGHGLF_00957	UniRef90_E1WKB3	399	132	TDC60__EGHGLF_00957
PgCG_01870	core_gene	Y	Y	tnpC	Mobilizable transposon, tnpC protein	Mobile Genetic Elements & HGT			Shell	2/5								PgCG_01870	W83	HCNEGF_01272	UniRef90_Q7MVZ5	699	232	W83__HCNEGF_01272
PgCG_01871	core_gene	Y	Y		Mobilization protein	Mobile Genetic Elements & HGT			Shell	2/5								PgCG_01871	W83	HCNEGF_01308	UniRef90_Q7MW20	1065	354	W83__HCNEGF_01308
PgCG_01872	core_gene	Y	Y		Mutator family transposase	Mobile Genetic Elements & HGT			Shell	2/5								PgCG_01872	W83	HCNEGF_01393		150	49	W83__HCNEGF_01393
PgCG_01873	core_gene	Y	Y		Partial transposase in ISPg1	Mobile Genetic Elements & HGT			Shell	2/5								PgCG_01873	ATCC33277	OHKNAD_00993	UniRef90_B2RJI2	693	230	ATCC33277__OHKNAD_00993
PgCG_01874	core_gene	Y	Y		Partial transposase in ISPg3	Mobile Genetic Elements & HGT			Shell	2/5								PgCG_01874	ATCC33277	OHKNAD_00106	UniRef90_B2RGY1	285	94	ATCC33277__OHKNAD_00106
PgCG_01875	core_gene	Y	Y	rteC	RteC protein	Mobile Genetic Elements & HGT			Shell	2/5								PgCG_01875	TDC60	EGHGLF_00961	UniRef90_A0A0E2M2G0	360	119	TDC60__EGHGLF_00961
PgCG_01876	core_gene	Y	Y		Site-specific recombinase, phage integrase family	Mobile Genetic Elements & HGT			Shell	2/5								PgCG_01876	TDC60	EGHGLF_00273	UniRef90_A0A0E2LPK3	672	223	TDC60__EGHGLF_00273
PgCG_01877	core_gene	Y	Y		transposase	Mobile Genetic Elements & HGT			Shell	2/5								PgCG_01877	W83	HCNEGF_02005	UniRef90_UPI0002D8CF0F	225	74	W83__HCNEGF_02005
PgCG_01878	core_gene	Y	Y		Transposase	Mobile Genetic Elements & HGT			Shell	2/5								PgCG_01878	TDC60	EGHGLF_01295	UniRef90_A0AAF0BG38	255	84	TDC60__EGHGLF_01295
PgCG_01879	core_gene	Y	Y		transposase	Mobile Genetic Elements & HGT			Shell	2/5								PgCG_01879	W83	HCNEGF_01695	UniRef90_UPI001029F909	330	109	W83__HCNEGF_01695
PgCG_01880	core_gene	Y	Y		transposase	Mobile Genetic Elements & HGT			Shell	2/5								PgCG_01880	W83	HCNEGF_00048		240	79	W83__HCNEGF_00048
PgCG_01881	core_gene	Y	Y		Transposase DDE domain-containing protein	Mobile Genetic Elements & HGT			Shell	2/5								PgCG_01881	W83	HCNEGF_01396		621	206	W83__HCNEGF_01396
PgCG_01882	core_gene	Y	Y		transposase family protein	Mobile Genetic Elements & HGT			Shell	2/5								PgCG_01882	AJW4	CELAOB_00713	UniRef90_UPI0003D1A53F	216	71	AJW4__CELAOB_00713
PgCG_01883	core_gene	Y	Y		Carboxypeptidase-like regulatory domain-containing protein	Proteolytic Virulence & Effectors			Shell	2/5								PgCG_01883	W83	HCNEGF_01061	UniRef90_Q7MVG2	2649	882	W83__HCNEGF_01061
PgCG_01884	core_gene	Y	Y	cTD-A	Immunoreactive antigen PG102	Proteolytic Virulence & Effectors	U	COG6083	Shell	2/5								PgCG_01884	W83	HCNEGF_01946	UniRef90_Q7MT80	1653	550	W83__HCNEGF_01946
PgCG_01885	core_gene	Y	Y		Secretion system C-terminal sorting domain-containing protein	Proteolytic Virulence & Effectors			Shell	2/5								PgCG_01885	ATCC33277	OHKNAD_01789	UniRef90_B2RLU1	438	145	ATCC33277__OHKNAD_01789
PgCG_01886	core_gene	Y	Y	cTD-A	Type IX system secreted protein, contains C-terminal sorting domain type A	Proteolytic Virulence & Effectors	U	COG6083	Shell	2/5								PgCG_01886	W83	HCNEGF_00372	UniRef90_Q7MX16	3825	1274	W83__HCNEGF_00372
PgCG_01887	core_gene	Y	Y		putative ABC transporter permease protein	Secretion & Molecular Export			Shell	2/5								PgCG_01887	ATCC33277	OHKNAD_00698	UniRef90_B2RIP3	2370	789	ATCC33277__OHKNAD_00698
PgCG_01888	core_gene	Y	Y		Sugar efflux transporter for intercellular exchange	Secretion & Molecular Export			Shell	2/5								PgCG_01888	W83	HCNEGF_01554	UniRef90_C3J865	261	86	W83__HCNEGF_01554
PgCG_01889	core_gene	Y	Y	paaK	Capsular polysacharride biosynthesis gene, putative	Surface Structures & Colonization	H	COG1541	Shell	2/5								PgCG_01889	W83	HCNEGF_00108	UniRef90_Q7MXQ8	1275	424	W83__HCNEGF_00108
PgCG_01890	core_gene	Y	Y	fimA	Major fimbrium subunit FimA type-2	Surface Structures & Colonization			Shell	2/5	Y	fimA	adhesin_fim					PgCG_01890	TDC60	EGHGLF_01582	UniRef90_Q51822	1170	389	TDC60__EGHGLF_01582
PgCG_01891	core_gene	Y	Y	fimA	Major fimbrium subunit FimA type-4	Surface Structures & Colonization			Shell	2/5	Y	fimA	adhesin_fim					PgCG_01891	W83	HCNEGF_01973	UniRef90_P59914	1167	388	W83__HCNEGF_01973
PgCG_01892	core_gene	Y	Y		O-antigen ligase-related domain-containing protein	Surface Structures & Colonization			Shell	2/5								PgCG_01892	W83	HCNEGF_00106	UniRef90_Q7MXR0	1224	407	W83__HCNEGF_00106
PgCG_01893	core_gene	Y	Y		Polysaccharide chain length determinant N-terminal domain-containing protein	Surface Structures & Colonization			Shell	2/5								PgCG_01893	TDC60	EGHGLF_00546	UniRef90_A0A0E2LST6	489	162	TDC60__EGHGLF_00546
PgCG_01894	core_gene	Y	Y		Polysaccharide chain length determinant N-terminal domain-containing protein	Surface Structures & Colonization			Shell	2/5								PgCG_01894	TDC60	EGHGLF_00963	UniRef90_A0A0E2LN52	495	164	TDC60__EGHGLF_00963
PgCG_01895	core_gene	Y	Y		(pseudo) ROK family protein	Uncharacterized Proteins			Shell	2/5								PgCG_01895	W83	HCNEGF_01599	UniRef90_A0A0E2LPB6	336	111	W83__HCNEGF_01599
PgCG_01896	core_gene	Y	Y		ABC transmembrane type-1 domain-containing protein	Uncharacterized Proteins			Shell	2/5								PgCG_01896	W83	HCNEGF_00745	UniRef90_G1WDE5	681	226	W83__HCNEGF_00745
PgCG_01897	core_gene	Y	Y		AbiEi antitoxin C-terminal domain-containing protein	Uncharacterized Proteins			Shell	2/5								PgCG_01897	W83	HCNEGF_01299	UniRef90_Q7MW15	708	235	W83__HCNEGF_01299
PgCG_01898	core_gene	Y	Y		AbiTii domain-containing protein	Uncharacterized Proteins			Shell	2/5								PgCG_01898	W83	HCNEGF_01291	UniRef90_Q7MW10	906	301	W83__HCNEGF_01291
PgCG_01899	core_gene	Y	Y		AfsA-related hotdog domain-containing protein	Uncharacterized Proteins			Shell	2/5								PgCG_01899	W83	HCNEGF_01380	UniRef90_A0AAE9XEN8	651	216	W83__HCNEGF_01380
PgCG_01900	core_gene	Y	Y	pgaA	Antigen PgaA	Uncharacterized Proteins	R	COG3950	Shell	2/5								PgCG_01900	W83	HCNEGF_00668	UniRef90_F5HCM5	1338	445	W83__HCNEGF_00668
PgCG_01901	core_gene	Y	Y		Arm DNA-binding domain-containing protein	Uncharacterized Proteins			Shell	2/5								PgCG_01901	W83	HCNEGF_01302	UniRef90_E1KNK4	585	194	W83__HCNEGF_01302
PgCG_01902	core_gene	Y	Y		DNA binding domain protein	Uncharacterized Proteins			Shell	2/5								PgCG_01902	AJW4	CELAOB_01370	UniRef90_F9D1S2	297	98	AJW4__CELAOB_01370
PgCG_01903	core_gene	Y	Y		DUF1579 domain-containing protein	Uncharacterized Proteins			Shell	2/5								PgCG_01903	TDC60	EGHGLF_00584	UniRef90_G8UI71	513	170	TDC60__EGHGLF_00584
PgCG_01904	core_gene	Y	Y		DUF1661 domain-containing protein	Uncharacterized Proteins			Shell	2/5								PgCG_01904	W83	HCNEGF_00908	UniRef90_B2RHW1	384	127	W83__HCNEGF_00908
PgCG_01905	core_gene	Y	Y		DUF1661 domain-containing protein	Uncharacterized Proteins			Shell	2/5								PgCG_01905	W83	HCNEGF_00293	UniRef90_UPI001181A836	207	68	W83__HCNEGF_00293
PgCG_01906	core_gene	Y	Y		DUF1661 domain-containing protein	Uncharacterized Proteins			Shell	2/5								PgCG_01906	TDC60	EGHGLF_01310		372	123	TDC60__EGHGLF_01310
PgCG_01907	core_gene	Y	Y		DUF4276 domain-containing protein	Uncharacterized Proteins			Shell	2/5								PgCG_01907	W83	HCNEGF_01131	UniRef90_Q7MVM6	705	234	W83__HCNEGF_01131
PgCG_01908	core_gene	Y	Y		DUF4332 domain-containing protein	Uncharacterized Proteins			Shell	2/5								PgCG_01908	ATCC33277	OHKNAD_00727	UniRef90_A0A0E2LQV7	4650	1549	ATCC33277__OHKNAD_00727
PgCG_01909	core_gene	Y	Y		DUF481 domain-containing protein	Uncharacterized Proteins			Shell	2/5								PgCG_01909	W83	HCNEGF_01553	UniRef90_G8UQZ6	783	260	W83__HCNEGF_01553
PgCG_01910	core_gene	Y	Y		DUF6078 domain-containing protein	Uncharacterized Proteins			Shell	2/5								PgCG_01910	ATCC33277	OHKNAD_00859	UniRef90_B2RJ52	453	150	ATCC33277__OHKNAD_00859
PgCG_01911	core_gene	Y	Y	yhaH	DUF805 domain-containing protein	Uncharacterized Proteins	S	COG3152	Shell	2/5								PgCG_01911	TDC60	EGHGLF_01442	UniRef90_Q7MXI7	540	179	TDC60__EGHGLF_01442
PgCG_01912	core_gene	Y	Y		Fibronectin type-III domain-containing protein	Uncharacterized Proteins			Shell	2/5								PgCG_01912	W83	HCNEGF_00692	UniRef90_B2RIW9	1608	535	W83__HCNEGF_00692
PgCG_01913	core_gene	Y	Y		GIY-YIG catalytic domain-containing protein	Uncharacterized Proteins			Shell	2/5								PgCG_01913	W83	HCNEGF_00510	UniRef90_Q7MWN5	831	276	W83__HCNEGF_00510
PgCG_01914	core_gene	Y	Y		helix-turn-helix domain-containing protein	Uncharacterized Proteins			Shell	2/5								PgCG_01914	W83	HCNEGF_00970	UniRef90_UPI00026970A9	186	61	W83__HCNEGF_00970
PgCG_01915	core_gene	Y	Y		HEPN AbiU2-like domain-containing protein	Uncharacterized Proteins			Shell	2/5								PgCG_01915	TDC60	EGHGLF_00937	UniRef90_A0A2D2NRC5	570	189	TDC60__EGHGLF_00937
PgCG_01916	core_gene	Y	Y		HNH nuclease domain-containing protein	Uncharacterized Proteins			Shell	2/5								PgCG_01916	W83	HCNEGF_00667	UniRef90_Q7MW93	600	199	W83__HCNEGF_00667
PgCG_01917	core_gene	Y	Y		hypothetical protein	Uncharacterized Proteins			Shell	2/5								PgCG_01917	ATCC33277	OHKNAD_00572	UniRef90_A0A2A6E815	255	84	ATCC33277__OHKNAD_00572
PgCG_01918	core_gene	Y	Y		hypothetical protein	Uncharacterized Proteins			Shell	2/5								PgCG_01918	ATCC33277	OHKNAD_00587		147	48	ATCC33277__OHKNAD_00587
PgCG_01919	core_gene	Y	Y		hypothetical protein	Uncharacterized Proteins			Shell	2/5								PgCG_01919	ATCC33277	OHKNAD_00831	UniRef90_B2RJ23	303	100	ATCC33277__OHKNAD_00831
PgCG_01920	core_gene	Y	Y		hypothetical protein	Uncharacterized Proteins			Shell	2/5								PgCG_01920	ATCC33277	OHKNAD_00866		207	68	ATCC33277__OHKNAD_00866
PgCG_01921	core_gene	Y	Y		hypothetical protein	Uncharacterized Proteins			Shell	2/5								PgCG_01921	ATCC33277	OHKNAD_00712	UniRef90_B2RIQ8	369	122	ATCC33277__OHKNAD_00712
PgCG_01922	core_gene	Y	Y		hypothetical protein	Uncharacterized Proteins			Shell	2/5								PgCG_01922	ATCC33277	OHKNAD_00777		108	35	ATCC33277__OHKNAD_00777
PgCG_01923	core_gene	Y	Y		hypothetical protein	Uncharacterized Proteins			Shell	2/5								PgCG_01923	ATCC33277	OHKNAD_00812		129	42	ATCC33277__OHKNAD_00812
PgCG_01924	core_gene	Y	Y		hypothetical protein	Uncharacterized Proteins			Shell	2/5								PgCG_01924	TDC60	EGHGLF_00606		210	69	TDC60__EGHGLF_00606
PgCG_01925	core_gene	Y	Y		hypothetical protein	Uncharacterized Proteins			Shell	2/5								PgCG_01925	ATCC33277	OHKNAD_00952	UniRef90_UPI0005C43EE5	213	70	ATCC33277__OHKNAD_00952
PgCG_01926	core_gene	Y	Y		hypothetical protein	Uncharacterized Proteins			Shell	2/5								PgCG_01926	ATCC33277	OHKNAD_00394	UniRef90_UPI0002E1ACA5	180	59	ATCC33277__OHKNAD_00394
PgCG_01927	core_gene	Y	Y		hypothetical protein	Uncharacterized Proteins			Shell	2/5								PgCG_01927	ATCC33277	OHKNAD_00392		492	163	ATCC33277__OHKNAD_00392
PgCG_01928	core_gene	Y	Y		hypothetical protein	Uncharacterized Proteins			Shell	2/5								PgCG_01928	W83	HCNEGF_00313		114	37	W83__HCNEGF_00313
PgCG_01929	core_gene	Y	Y		hypothetical protein	Uncharacterized Proteins			Shell	2/5								PgCG_01929	W83	HCNEGF_00383		237	78	W83__HCNEGF_00383
PgCG_01930	core_gene	Y	Y		hypothetical protein	Uncharacterized Proteins			Shell	2/5								PgCG_01930	W83	HCNEGF_00389	UniRef90_B2RL05	177	58	W83__HCNEGF_00389
PgCG_01931	core_gene	Y	Y		hypothetical protein	Uncharacterized Proteins			Shell	2/5								PgCG_01931	W83	HCNEGF_00413	UniRef90_Q7MWX4	294	97	W83__HCNEGF_00413
PgCG_01932	core_gene	Y	Y		hypothetical protein	Uncharacterized Proteins			Shell	2/5								PgCG_01932	W83	HCNEGF_00414		132	43	W83__HCNEGF_00414
PgCG_01933	core_gene	Y	Y		hypothetical protein	Uncharacterized Proteins			Shell	2/5								PgCG_01933	W83	HCNEGF_00693	UniRef90_Q7MW75	576	191	W83__HCNEGF_00693
PgCG_01934	core_gene	Y	Y		hypothetical protein	Uncharacterized Proteins			Shell	2/5								PgCG_01934	W83	HCNEGF_00720		105	34	W83__HCNEGF_00720
PgCG_01935	core_gene	Y	Y		hypothetical protein	Uncharacterized Proteins			Shell	2/5								PgCG_01935	W83	HCNEGF_00861		174	57	W83__HCNEGF_00861
PgCG_01936	core_gene	Y	Y		hypothetical protein	Uncharacterized Proteins			Shell	2/5								PgCG_01936	W83	HCNEGF_00950		159	52	W83__HCNEGF_00950
PgCG_01937	core_gene	Y	Y		hypothetical protein	Uncharacterized Proteins			Shell	2/5								PgCG_01937	W83	HCNEGF_01224	UniRef90_Q7MVV3	429	142	W83__HCNEGF_01224
PgCG_01938	core_gene	Y	Y		hypothetical protein	Uncharacterized Proteins			Shell	2/5								PgCG_01938	W83	HCNEGF_01649		225	74	W83__HCNEGF_01649
PgCG_01939	core_gene	Y	Y		hypothetical protein	Uncharacterized Proteins			Shell	2/5								PgCG_01939	W83	HCNEGF_01675	UniRef90_Q7MTW2	627	208	W83__HCNEGF_01675
PgCG_01940	core_gene	Y	Y		hypothetical protein	Uncharacterized Proteins			Shell	2/5								PgCG_01940	W83	HCNEGF_01794		495	164	W83__HCNEGF_01794
PgCG_01941	core_gene	Y	Y		hypothetical protein	Uncharacterized Proteins			Shell	2/5								PgCG_01941	W83	HCNEGF_01810		138	45	W83__HCNEGF_01810
PgCG_01942	core_gene	Y	Y		hypothetical protein	Uncharacterized Proteins			Shell	2/5								PgCG_01942	W83	HCNEGF_00749	UniRef90_G5GDJ8	252	83	W83__HCNEGF_00749
PgCG_01943	core_gene	Y	Y		hypothetical protein	Uncharacterized Proteins			Shell	2/5								PgCG_01943	ATCC33277	OHKNAD_00726		114	37	ATCC33277__OHKNAD_00726
PgCG_01944	core_gene	Y	Y		hypothetical protein	Uncharacterized Proteins			Shell	2/5								PgCG_01944	ATCC33277	OHKNAD_00728	UniRef90_A0A0E2LQI7	267	88	ATCC33277__OHKNAD_00728
PgCG_01945	core_gene	Y	Y		hypothetical protein	Uncharacterized Proteins			Shell	2/5								PgCG_01945	ATCC33277	OHKNAD_00732		207	68	ATCC33277__OHKNAD_00732
PgCG_01946	core_gene	Y	Y		hypothetical protein	Uncharacterized Proteins			Shell	2/5								PgCG_01946	ATCC33277	OHKNAD_00763		120	39	ATCC33277__OHKNAD_00763
PgCG_01947	core_gene	Y	Y		hypothetical protein	Uncharacterized Proteins			Shell	2/5								PgCG_01947	ATCC33277	OHKNAD_01514		366	121	ATCC33277__OHKNAD_01514
PgCG_01948	core_gene	Y	Y		hypothetical protein	Uncharacterized Proteins			Shell	2/5								PgCG_01948	TDC60	EGHGLF_00092		246	81	TDC60__EGHGLF_00092
PgCG_01949	core_gene	Y	Y		hypothetical protein	Uncharacterized Proteins			Shell	2/5								PgCG_01949	TDC60	EGHGLF_00184		261	86	TDC60__EGHGLF_00184
PgCG_01950	core_gene	Y	Y		hypothetical protein	Uncharacterized Proteins			Shell	2/5								PgCG_01950	ATCC33277	OHKNAD_01366		339	112	ATCC33277__OHKNAD_01366
PgCG_01951	core_gene	Y	Y		hypothetical protein	Uncharacterized Proteins			Shell	2/5								PgCG_01951	TDC60	EGHGLF_01322		165	54	TDC60__EGHGLF_01322
PgCG_01952	core_gene	Y	Y		hypothetical protein	Uncharacterized Proteins			Shell	2/5								PgCG_01952	W83	HCNEGF_00469		114	37	W83__HCNEGF_00469
PgCG_01953	core_gene	Y	Y		hypothetical protein	Uncharacterized Proteins			Shell	2/5								PgCG_01953	W83	HCNEGF_00495		402	133	W83__HCNEGF_00495
PgCG_01954	core_gene	Y	Y		hypothetical protein	Uncharacterized Proteins			Shell	2/5								PgCG_01954	W83	HCNEGF_00501		171	56	W83__HCNEGF_00501
PgCG_01955	core_gene	Y	Y		hypothetical protein	Uncharacterized Proteins			Shell	2/5								PgCG_01955	W83	HCNEGF_00502	UniRef90_UPI0005C3D616	309	102	W83__HCNEGF_00502
PgCG_01956	core_gene	Y	Y		hypothetical protein	Uncharacterized Proteins			Shell	2/5								PgCG_01956	W83	HCNEGF_00503	UniRef90_Q7MWP4	900	299	W83__HCNEGF_00503
PgCG_01957	core_gene	Y	Y		hypothetical protein	Uncharacterized Proteins			Shell	2/5								PgCG_01957	W83	HCNEGF_01100		150	49	W83__HCNEGF_01100
PgCG_01958	core_gene	Y	Y		hypothetical protein	Uncharacterized Proteins			Shell	2/5								PgCG_01958	W83	HCNEGF_01138	UniRef90_Q7MVN3	309	102	W83__HCNEGF_01138
PgCG_01959	core_gene	Y	Y		hypothetical protein	Uncharacterized Proteins			Shell	2/5								PgCG_01959	W83	HCNEGF_01144	UniRef90_UPI001F25529A	156	51	W83__HCNEGF_01144
PgCG_01960	core_gene	Y	Y		hypothetical protein	Uncharacterized Proteins			Shell	2/5								PgCG_01960	W83	HCNEGF_01154	UniRef90_Q7MVP6	387	128	W83__HCNEGF_01154
PgCG_01961	core_gene	Y	Y		hypothetical protein	Uncharacterized Proteins			Shell	2/5								PgCG_01961	W83	HCNEGF_01370		123	40	W83__HCNEGF_01370
PgCG_01962	core_gene	Y	Y		hypothetical protein	Uncharacterized Proteins			Shell	2/5								PgCG_01962	W83	HCNEGF_01379	UniRef90_A0A0A2ELN8	210	69	W83__HCNEGF_01379
PgCG_01963	core_gene	Y	Y		hypothetical protein	Uncharacterized Proteins			Shell	2/5								PgCG_01963	W83	HCNEGF_01384	UniRef90_A0A1D3UU70	402	133	W83__HCNEGF_01384
PgCG_01964	core_gene	Y	Y		hypothetical protein	Uncharacterized Proteins			Shell	2/5								PgCG_01964	W83	HCNEGF_01394		144	47	W83__HCNEGF_01394
PgCG_01965	core_gene	Y	Y		hypothetical protein	Uncharacterized Proteins			Shell	2/5								PgCG_01965	W83	HCNEGF_01395		93	30	W83__HCNEGF_01395
PgCG_01966	core_gene	Y	Y		hypothetical protein	Uncharacterized Proteins			Shell	2/5								PgCG_01966	W83	HCNEGF_01399		282	93	W83__HCNEGF_01399
PgCG_01967	core_gene	Y	Y		hypothetical protein	Uncharacterized Proteins			Shell	2/5								PgCG_01967	W83	HCNEGF_01415		267	88	W83__HCNEGF_01415
PgCG_01968	core_gene	Y	Y		hypothetical protein	Uncharacterized Proteins			Shell	2/5								PgCG_01968	W83	HCNEGF_01445		186	61	W83__HCNEGF_01445
PgCG_01969	core_gene	Y	Y		hypothetical protein	Uncharacterized Proteins			Shell	2/5								PgCG_01969	W83	HCNEGF_01903		198	65	W83__HCNEGF_01903
PgCG_01970	core_gene	Y	Y		hypothetical protein	Uncharacterized Proteins			Shell	2/5								PgCG_01970	W83	HCNEGF_01909	UniRef90_Q7MTB2	174	57	W83__HCNEGF_01909
PgCG_01971	core_gene	Y	Y		hypothetical protein	Uncharacterized Proteins			Shell	2/5								PgCG_01971	W83	HCNEGF_01924	UniRef90_Q7MTA2	525	174	W83__HCNEGF_01924
PgCG_01972	core_gene	Y	Y		hypothetical protein	Uncharacterized Proteins			Shell	2/5								PgCG_01972	W83	HCNEGF_01977	UniRef90_Q7MT52	1665	554	W83__HCNEGF_01977
PgCG_01973	core_gene	Y	Y		hypothetical protein	Uncharacterized Proteins			Shell	2/5								PgCG_01973	TDC60	EGHGLF_00923	UniRef90_UPI001B8B59FB	663	220	TDC60__EGHGLF_00923
PgCG_01974	core_gene	Y	Y		hypothetical protein	Uncharacterized Proteins			Shell	2/5								PgCG_01974	ATCC33277	OHKNAD_01293	UniRef90_F9D748	255	84	ATCC33277__OHKNAD_01293
PgCG_01975	core_gene	Y	Y		hypothetical protein	Uncharacterized Proteins			Shell	2/5								PgCG_01975	ATCC33277	OHKNAD_00679		267	88	ATCC33277__OHKNAD_00679
PgCG_01976	core_gene	Y	Y		hypothetical protein	Uncharacterized Proteins			Shell	2/5								PgCG_01976	ATCC33277	OHKNAD_00294	UniRef90_Q4KTS9	882	293	ATCC33277__OHKNAD_00294
PgCG_01977	core_gene	Y	Y		hypothetical protein	Uncharacterized Proteins			Shell	2/5								PgCG_01977	TDC60	EGHGLF_01519	UniRef90_A0A0E2LUD8	141	46	TDC60__EGHGLF_01519
PgCG_01978	core_gene	Y	Y		hypothetical protein	Uncharacterized Proteins			Shell	2/5								PgCG_01978	TDC60	EGHGLF_01937		168	55	TDC60__EGHGLF_01937
PgCG_01979	core_gene	Y	Y		hypothetical protein	Uncharacterized Proteins			Shell	2/5								PgCG_01979	W83	HCNEGF_00163	UniRef90_A0A0E2LU87	168	55	W83__HCNEGF_00163
PgCG_01980	core_gene	Y	Y		hypothetical protein	Uncharacterized Proteins			Shell	2/5								PgCG_01980	W83	HCNEGF_00180		183	60	W83__HCNEGF_00180
PgCG_01981	core_gene	Y	Y		hypothetical protein	Uncharacterized Proteins			Shell	2/5								PgCG_01981	W83	HCNEGF_00596		132	43	W83__HCNEGF_00596
PgCG_01982	core_gene	Y	Y		hypothetical protein	Uncharacterized Proteins			Shell	2/5								PgCG_01982	W83	HCNEGF_00629	UniRef90_Q7MWC8	453	150	W83__HCNEGF_00629
PgCG_01983	core_gene	Y	Y		hypothetical protein	Uncharacterized Proteins			Shell	2/5								PgCG_01983	W83	HCNEGF_00968	UniRef90_A0A1D3UGS2	231	76	W83__HCNEGF_00968
PgCG_01984	core_gene	Y	Y		hypothetical protein	Uncharacterized Proteins			Shell	2/5								PgCG_01984	W83	HCNEGF_00998	UniRef90_Q7MVA8	99	32	W83__HCNEGF_00998
PgCG_01985	core_gene	Y	Y		hypothetical protein	Uncharacterized Proteins			Shell	2/5								PgCG_01985	W83	HCNEGF_01015	UniRef90_Q7MVC5	93	30	W83__HCNEGF_01015
PgCG_01986	core_gene	Y	Y		hypothetical protein	Uncharacterized Proteins			Shell	2/5								PgCG_01986	W83	HCNEGF_01028		186	61	W83__HCNEGF_01028
PgCG_01987	core_gene	Y	Y		hypothetical protein	Uncharacterized Proteins			Shell	2/5								PgCG_01987	W83	HCNEGF_01497	UniRef90_UPI0015C310AC	432	143	W83__HCNEGF_01497
PgCG_01988	core_gene	Y	Y		hypothetical protein	Uncharacterized Proteins			Shell	2/5								PgCG_01988	W83	HCNEGF_01513		192	63	W83__HCNEGF_01513
PgCG_01989	core_gene	Y	Y		hypothetical protein	Uncharacterized Proteins			Shell	2/5								PgCG_01989	W83	HCNEGF_01564		135	44	W83__HCNEGF_01564
PgCG_01990	core_gene	Y	Y		hypothetical protein	Uncharacterized Proteins			Shell	2/5								PgCG_01990	W83	HCNEGF_01740	UniRef90_A0A0E2M6S4	135	44	W83__HCNEGF_01740
PgCG_01991	core_gene	Y	Y		hypothetical protein	Uncharacterized Proteins			Shell	2/5								PgCG_01991	W83	HCNEGF_01742	UniRef90_Q7MTQ2	579	192	W83__HCNEGF_01742
PgCG_01992	core_gene	Y	Y		hypothetical protein	Uncharacterized Proteins			Shell	2/5								PgCG_01992	ATCC33277	OHKNAD_01369	UniRef90_Q7MV62	102	33	ATCC33277__OHKNAD_01369
PgCG_01993	core_gene	Y	Y		hypothetical protein	Uncharacterized Proteins			Shell	2/5								PgCG_01993	TDC60	EGHGLF_00071	UniRef90_UPI001E55479D	249	82	TDC60__EGHGLF_00071
PgCG_01994	core_gene	Y	Y		hypothetical protein	Uncharacterized Proteins			Shell	2/5								PgCG_01994	TDC60	EGHGLF_00883		105	34	TDC60__EGHGLF_00883
PgCG_01995	core_gene	Y	Y		hypothetical protein	Uncharacterized Proteins			Shell	2/5								PgCG_01995	TDC60	EGHGLF_00924		135	44	TDC60__EGHGLF_00924
PgCG_01996	core_gene	Y	Y		hypothetical protein	Uncharacterized Proteins			Shell	2/5								PgCG_01996	TDC60	EGHGLF_00962	UniRef90_A0A0E2LMT2	255	84	TDC60__EGHGLF_00962
PgCG_01997	core_gene	Y	Y		hypothetical protein	Uncharacterized Proteins			Shell	2/5								PgCG_01997	TDC60	EGHGLF_00967		195	64	TDC60__EGHGLF_00967
PgCG_01998	core_gene	Y	Y		hypothetical protein	Uncharacterized Proteins			Shell	2/5								PgCG_01998	W83	HCNEGF_00113		345	114	W83__HCNEGF_00113
PgCG_01999	core_gene	Y	Y		hypothetical protein	Uncharacterized Proteins			Shell	2/5								PgCG_01999	W83	HCNEGF_00753	UniRef90_Q7MUQ5	537	178	W83__HCNEGF_00753
PgCG_02000	core_gene	Y	Y		hypothetical protein	Uncharacterized Proteins			Shell	2/5								PgCG_02000	W83	HCNEGF_00754	UniRef90_Q7MUQ6	2076	691	W83__HCNEGF_00754
PgCG_02001	core_gene	Y	Y		hypothetical protein	Uncharacterized Proteins			Shell	2/5								PgCG_02001	W83	HCNEGF_00766		306	101	W83__HCNEGF_00766
PgCG_02002	core_gene	Y	Y		hypothetical protein	Uncharacterized Proteins			Shell	2/5								PgCG_02002	W83	HCNEGF_00781		138	45	W83__HCNEGF_00781
PgCG_02003	core_gene	Y	Y		hypothetical protein	Uncharacterized Proteins			Shell	2/5								PgCG_02003	W83	HCNEGF_00810		114	37	W83__HCNEGF_00810
PgCG_02004	core_gene	Y	Y		hypothetical protein	Uncharacterized Proteins			Shell	2/5								PgCG_02004	W83	HCNEGF_00811		132	43	W83__HCNEGF_00811
PgCG_02005	core_gene	Y	Y		hypothetical protein	Uncharacterized Proteins			Shell	2/5								PgCG_02005	W83	HCNEGF_01273	UniRef90_UPI0005C3D539	606	201	W83__HCNEGF_01273
PgCG_02006	core_gene	Y	Y		hypothetical protein	Uncharacterized Proteins			Shell	2/5								PgCG_02006	W83	HCNEGF_01283	UniRef90_UPI0006A2A1EB	270	89	W83__HCNEGF_01283
PgCG_02007	core_gene	Y	Y		hypothetical protein	Uncharacterized Proteins			Shell	2/5								PgCG_02007	W83	HCNEGF_01284		336	111	W83__HCNEGF_01284
PgCG_02008	core_gene	Y	Y		hypothetical protein	Uncharacterized Proteins			Shell	2/5								PgCG_02008	W83	HCNEGF_01290		297	98	W83__HCNEGF_01290
PgCG_02009	core_gene	Y	Y		hypothetical protein	Uncharacterized Proteins			Shell	2/5								PgCG_02009	W83	HCNEGF_01292	UniRef90_Q7MW11	96	31	W83__HCNEGF_01292
PgCG_02010	core_gene	Y	Y		hypothetical protein	Uncharacterized Proteins			Shell	2/5								PgCG_02010	W83	HCNEGF_01312		201	66	W83__HCNEGF_01312
PgCG_02011	core_gene	Y	Y		hypothetical protein	Uncharacterized Proteins			Shell	2/5								PgCG_02011	W83	HCNEGF_01346	UniRef90_Q7MUN8	231	76	W83__HCNEGF_01346
PgCG_02012	core_gene	Y	Y		hypothetical protein	Uncharacterized Proteins			Shell	2/5								PgCG_02012	W83	HCNEGF_01366		267	88	W83__HCNEGF_01366
PgCG_02013	core_gene	Y	Y	dnaG	Mobilizable transposon, excision protein, putative	Uncharacterized Proteins	L	COG0358	Shell	2/5								PgCG_02013	W83	HCNEGF_01309	UniRef90_Q7MW21	894	297	W83__HCNEGF_01309
PgCG_02014	core_gene	Y	Y		N12 class adenine-specific DNA methylase	Uncharacterized Proteins			Shell	2/5								PgCG_02014	A7436	EMNIEE_00482	UniRef90_A0A2U1FFL9	7188	2395	A7436__EMNIEE_00482
PgCG_02015	core_gene	Y	Y		NodB-like y domain-containing protein	Uncharacterized Proteins			Shell	2/5								PgCG_02015	W83	HCNEGF_00112	UniRef90_Q7MXQ6	1140	379	W83__HCNEGF_00112
PgCG_02016	core_gene	Y	Y		PIN domain-containing protein	Uncharacterized Proteins			Shell	2/5								PgCG_02016	W83	HCNEGF_00969	UniRef90_Q7MV86	3378	1125	W83__HCNEGF_00969
PgCG_02017	core_gene	Y	Y		Polysaccharide transport protein, putative	Uncharacterized Proteins			Shell	2/5								PgCG_02017	W83	HCNEGF_00115	UniRef90_Q7MXQ3	1539	512	W83__HCNEGF_00115
PgCG_02018	core_gene	Y	Y		Radical SAM domain protein	Uncharacterized Proteins			Shell	2/5								PgCG_02018	TDC60	EGHGLF_00966	UniRef90_A0A0E2M2F5	1299	432	TDC60__EGHGLF_00966
PgCG_02019	core_gene	Y	Y	ragB	RagB protein	Uncharacterized Proteins			Shell	2/5	Y	ragB	OM_receptor					PgCG_02019	ATCC33277	OHKNAD_00293	UniRef90_Q4KTT0	1512	503	ATCC33277__OHKNAD_00293
PgCG_02020	core_gene	Y	Y		Receptor antigen A	Uncharacterized Proteins			Shell	2/5								PgCG_02020	ATCC33277	OHKNAD_00292	UniRef90_B2RHG7	3111	1036	ATCC33277__OHKNAD_00292
PgCG_02021	core_gene	Y	Y		ResB-like domain-containing protein	Uncharacterized Proteins			Shell	2/5								PgCG_02021	W83	HCNEGF_01674	UniRef90_B2RLM1	687	228	W83__HCNEGF_01674
PgCG_02022	core_gene	Y	Y		RHS repeat-associated core domain-containing protein	Uncharacterized Proteins			Shell	2/5								PgCG_02022	ATCC33277	OHKNAD_01796	UniRef90_B2RLU9	1152	383	ATCC33277__OHKNAD_01796
PgCG_02023	core_gene	Y	Y		RHS repeat-associated core domain-containing protein	Uncharacterized Proteins			Shell	2/5								PgCG_02023	W83	HCNEGF_01736	UniRef90_UPI00069C22A9	1059	352	W83__HCNEGF_01736
PgCG_02024	core_gene	Y	Y		SMODS and SLOG-associating 2TM effector domain-containing protein	Uncharacterized Proteins			Shell	2/5								PgCG_02024	W83	HCNEGF_01711	UniRef90_A0A0E2M8B0	294	97	W83__HCNEGF_01711
PgCG_02025	core_gene	Y	Y		SMODS and SLOG-associating 2TM effector domain-containing protein	Uncharacterized Proteins			Shell	2/5								PgCG_02025	W83	HCNEGF_01712	UniRef90_A0A0E2M8B0	153	50	W83__HCNEGF_01712
PgCG_02026	core_gene	Y	Y	yesE	SnoaL-like domain-containing protein	Uncharacterized Proteins	R	COG3631	Shell	2/5								PgCG_02026	W83	HCNEGF_00743	UniRef90_Q7MW32	408	135	W83__HCNEGF_00743
PgCG_02027	core_gene	Y	Y		T9SS type A sorting domain-containing protein	Uncharacterized Proteins			Shell	2/5								PgCG_02027	TDC60	EGHGLF_01608	UniRef90_A0AAE9XEQ7	1590	529	TDC60__EGHGLF_01608
PgCG_02028	core_gene	Y	Y		Lipoprotein	Cell Envelope & Morphogenesis			Strain-unique	1/5								PgCG_02028	AJW4	CELAOB_01826	UniRef90_U2E997	516	171	AJW4__CELAOB_01826
PgCG_02029	core_gene	Y	Y		Lipoprotein	Cell Envelope & Morphogenesis			Strain-unique	1/5								PgCG_02029	ATCC33277	OHKNAD_01792	UniRef90_B2RLU4	462	153	ATCC33277__OHKNAD_01792
PgCG_02030	core_gene	Y	Y		Lipoprotein	Cell Envelope & Morphogenesis			Strain-unique	1/5								PgCG_02030	TDC60	EGHGLF_01776	UniRef90_A0A0A2F3N6	450	149	TDC60__EGHGLF_01776
PgCG_02031	core_gene	Y	Y		Lipoprotein	Cell Envelope & Morphogenesis			Strain-unique	1/5								PgCG_02031	W83	HCNEGF_00974	UniRef90_A0A0A2F863	240	79	W83__HCNEGF_00974
PgCG_02032	core_gene	Y	Y		Lipoprotein	Cell Envelope & Morphogenesis			Strain-unique	1/5								PgCG_02032	AJW4	CELAOB_02008	UniRef90_A0AAE9XA02	663	220	AJW4__CELAOB_02008
PgCG_02033	core_gene	Y	Y		penicillin-binding protein activator	Cell Envelope & Morphogenesis			Strain-unique	1/5								PgCG_02033	TDC60	EGHGLF_01015	UniRef90_UPI000618921C	1155	384	TDC60__EGHGLF_01015
PgCG_02034	core_gene	Y	Y		Transmembrane protein	Cell Envelope & Morphogenesis			Strain-unique	1/5								PgCG_02034	AJW4	CELAOB_00690	UniRef90_A0A2D3N8Z1	585	194	AJW4__CELAOB_00690
PgCG_02035	core_gene	Y	Y		Transmembrane protein	Cell Envelope & Morphogenesis			Strain-unique	1/5								PgCG_02035	AJW4	CELAOB_00703	UniRef90_UPI00037555C1	663	220	AJW4__CELAOB_00703
PgCG_02036	core_gene	Y	Y	djlA	Co-chaperone DjlA N-terminal domain-containing protein	Environmental Stress & Defense			Strain-unique	1/5								PgCG_02036	W83	HCNEGF_01054	UniRef90_Q7MVF6	402	133	W83__HCNEGF_01054
PgCG_02037	core_gene	Y	Y	cas1	CRISPR-associated endonuclease Cas1	Environmental Stress & Defense			Strain-unique	1/5								PgCG_02037	ATCC33277	OHKNAD_01892	UniRef90_B2RM49	771	256	ATCC33277__OHKNAD_01892
PgCG_02038	core_gene	Y	Y		CRISPR-associated protein Cas2	Environmental Stress & Defense			Strain-unique	1/5								PgCG_02038	AJW4	CELAOB_01319	UniRef90_A0AAE9XBQ7	267	88	AJW4__CELAOB_01319
PgCG_02039	core_gene	Y	Y		CRISPR-associated protein Cas5	Environmental Stress & Defense			Strain-unique	1/5								PgCG_02039	ATCC33277	OHKNAD_01927	UniRef90_A0A0A2EY84	588	195	ATCC33277__OHKNAD_01927
PgCG_02040	core_gene	Y	Y		CRISPR-associated protein Cas7	Environmental Stress & Defense			Strain-unique	1/5								PgCG_02040	ATCC33277	OHKNAD_01924	UniRef90_B2RM85	1059	352	ATCC33277__OHKNAD_01924
PgCG_02041	core_gene	Y	Y		CRISPR-associated RAMP Cmr1	Environmental Stress & Defense			Strain-unique	1/5								PgCG_02041	ATCC33277	OHKNAD_01900	UniRef90_B2RM57	1245	414	ATCC33277__OHKNAD_01900
PgCG_02042	core_gene	Y	Y	hsdR	EcoAI/FtnUII family type I restriction enzme subunit R	Environmental Stress & Defense			Strain-unique	1/5								PgCG_02042	TDC60	EGHGLF_00535	UniRef90_UPI00020F0404	2388	795	TDC60__EGHGLF_00535
PgCG_02043	core_gene	Y	Y	mjaI	MjaI family restriction endonuclease	Environmental Stress & Defense			Strain-unique	1/5								PgCG_02043	TDC60	EGHGLF_00198	UniRef90_UPI00020F0184	588	195	TDC60__EGHGLF_00198
PgCG_02044	core_gene	Y	Y	nimA	Nitroimidazole resistance protein, putative	Environmental Stress & Defense	V	COG3467	Strain-unique	1/5								PgCG_02044	AJW4	CELAOB_00478	UniRef90_Q7MUS8	537	178	AJW4__CELAOB_00478
PgCG_02045	core_gene	Y	Y	secB	protein-export chaperone SecB	Environmental Stress & Defense			Strain-unique	1/5								PgCG_02045	TDC60	EGHGLF_00288	UniRef90_UPI00020F02F2	396	131	TDC60__EGHGLF_00288
PgCG_02046	core_gene	Y	Y		putative CRISPR-associated helicase Cas3 core	Environmental Stress & Defense			Strain-unique	1/5								PgCG_02046	ATCC33277	OHKNAD_01926	UniRef90_B2RM87	2121	706	ATCC33277__OHKNAD_01926
PgCG_02047	core_gene	Y	Y		Putative partial Type II restriction enzyme	Environmental Stress & Defense			Strain-unique	1/5								PgCG_02047	ATCC33277	OHKNAD_01421	UniRef90_B2RKP8	318	105	ATCC33277__OHKNAD_01421
PgCG_02048	core_gene	Y	Y		Putative partial Type II restriction enzyme	Environmental Stress & Defense			Strain-unique	1/5								PgCG_02048	ATCC33277	OHKNAD_01422	UniRef90_B2RKP9	516	171	ATCC33277__OHKNAD_01422
PgCG_02049	core_gene	Y	Y		Restriction endonuclease type IV Mrr domain-containing protein	Environmental Stress & Defense			Strain-unique	1/5								PgCG_02049	TDC60	EGHGLF_00804	UniRef90_F9D1Y6	2322	773	TDC60__EGHGLF_00804
PgCG_02050	core_gene	Y	Y		Restriction endonuclease type IV Mrr domain-containing protein	Environmental Stress & Defense			Strain-unique	1/5								PgCG_02050	ATCC33277	OHKNAD_00911	UniRef90_B2RJA4	1047	348	ATCC33277__OHKNAD_00911
PgCG_02051	core_gene	Y	Y	thsA	Thoeris protein ThsA Macro domain-containing protein	Environmental Stress & Defense			Strain-unique	1/5								PgCG_02051	A7436	EMNIEE_00699	UniRef90_A0A2M8TSX9	822	273	A7436__EMNIEE_00699
PgCG_02052	core_gene	Y	Y	thsB	Thoeris protein ThsB TIR-like domain-containing protein	Environmental Stress & Defense			Strain-unique	1/5								PgCG_02052	A7436	EMNIEE_00698	UniRef90_A0A2M8TT05	567	188	A7436__EMNIEE_00698
PgCG_02053	core_gene	Y	Y	thsB	Thoeris protein ThsB TIR-like domain-containing protein	Environmental Stress & Defense			Strain-unique	1/5								PgCG_02053	ATCC33277	OHKNAD_01290	UniRef90_B2RGS8	405	134	ATCC33277__OHKNAD_01290
PgCG_02054	core_gene	Y	Y	hsdR	Type I restriction enzyme HsdR N-terminal domain-containing protein	Environmental Stress & Defense			Strain-unique	1/5								PgCG_02054	AJW4	CELAOB_00822	UniRef90_A0AAE9X8U6	1563	520	AJW4__CELAOB_00822
PgCG_02055	core_gene	Y	Y	hsdR	type I restriction enzyme HsdR N-terminal domain-containing protein	Environmental Stress & Defense			Strain-unique	1/5								PgCG_02055	TDC60	EGHGLF_00512	UniRef90_UPI00020F03EB	651	216	TDC60__EGHGLF_00512
PgCG_02056	core_gene	Y	Y	hsdS	Type I restriction modification DNA specificity domain-containing protein	Environmental Stress & Defense	V	COG0732	Strain-unique	1/5								PgCG_02056	W83	HCNEGF_00494	UniRef90_Q7MWQ1	2139	712	W83__HCNEGF_00494
PgCG_02057	core_gene	Y	Y	hsdS	Type I restriction modification DNA specificity domain-containing protein	Environmental Stress & Defense	V	COG0732	Strain-unique	1/5								PgCG_02057	A7436	EMNIEE_01389	UniRef90_Q7MWQ1	1365	454	A7436__EMNIEE_01389
PgCG_02058	core_gene	Y	Y		(+)RNA virus helicase C-terminal domain-containing protein	Genetic Information Processing			Strain-unique	1/5								PgCG_02058	AJW4	CELAOB_00973	UniRef90_J4X0B7	1029	342	AJW4__CELAOB_00973
PgCG_02059	core_gene	Y	Y		(pseudo) [ribosomal protein uS5]-alanine N-acetyltransferase	Genetic Information Processing			Strain-unique	1/5								PgCG_02059	TDC60	EGHGLF_00664	UniRef90_Q7MUW9	456	151	TDC60__EGHGLF_00664
PgCG_02060	core_gene	Y	Y		(pseudo) SF3 helicase domain-containing protein	Genetic Information Processing			Strain-unique	1/5								PgCG_02060	W83	HCNEGF_01051	UniRef90_E0NRX3	609	202	W83__HCNEGF_01051
PgCG_02061	core_gene	Y	Y		30S ribosomal protein S21 domain protein	Genetic Information Processing			Strain-unique	1/5								PgCG_02061	ATCC33277	OHKNAD_01243	UniRef90_B2RK89	180	59	ATCC33277__OHKNAD_01243
PgCG_02062	core_gene	Y	Y		alanine--tRNA ligase	Genetic Information Processing			Strain-unique	1/5								PgCG_02062	ATCC33277	OHKNAD_01329	UniRef90_B2RKF1	1011	336	ATCC33277__OHKNAD_01329
PgCG_02063	core_gene	Y	Y		DNA topoisomerase	Genetic Information Processing			Strain-unique	1/5								PgCG_02063	ATCC33277	OHKNAD_00563	UniRef90_A0A379EB24	2082	693	ATCC33277__OHKNAD_00563
PgCG_02064	core_gene	Y	Y		Helix-turn-helix transcriptional regulator	Genetic Information Processing			Strain-unique	1/5								PgCG_02064	TDC60	EGHGLF_00536	UniRef90_A0A930KDS4	204	67	TDC60__EGHGLF_00536
PgCG_02065	core_gene	Y	Y	merR	MerR family transcriptional regulator	Genetic Information Processing			Strain-unique	1/5								PgCG_02065	TDC60	EGHGLF_01149	UniRef90_A0A0A2DSZ5	903	300	TDC60__EGHGLF_01149
PgCG_02066	core_gene	Y	Y		NrS-1 polymerase-like helicase domain-containing protein	Genetic Information Processing			Strain-unique	1/5								PgCG_02066	W83	HCNEGF_01052		678	225	W83__HCNEGF_01052
PgCG_02067	core_gene	Y	Y	ndpA	Nucleoid-associated protein NdpA	Genetic Information Processing			Strain-unique	1/5								PgCG_02067	W83	HCNEGF_01318	UniRef90_Q7MW28	1029	342	W83__HCNEGF_01318
PgCG_02068	core_gene	Y	Y		Ribosome biogenesis protein	Genetic Information Processing			Strain-unique	1/5								PgCG_02068	ATCC33277	OHKNAD_01264	UniRef90_A0A2M8TII5	252	83	ATCC33277__OHKNAD_01264
PgCG_02069	core_gene	Y	Y		Ribosome biogenesis protein	Genetic Information Processing			Strain-unique	1/5								PgCG_02069	TDC60	EGHGLF_01154	UniRef90_L1NAV7	252	83	TDC60__EGHGLF_01154
PgCG_02070	core_gene	Y	Y		RNA helicase	Genetic Information Processing			Strain-unique	1/5								PgCG_02070	TDC60	EGHGLF_01971		1191	396	TDC60__EGHGLF_01971
PgCG_02071	core_gene	Y	Y		RNA-directed DNA polymerase	Genetic Information Processing			Strain-unique	1/5								PgCG_02071	ATCC33277	OHKNAD_01894	UniRef90_B2RM51	2289	762	ATCC33277__OHKNAD_01894
PgCG_02072	core_gene	Y	Y		Signal transduction histidine kinase internal region domain-containing protein	Genetic Information Processing			Strain-unique	1/5								PgCG_02072	AJW4	CELAOB_00680	UniRef90_A0A7W5UD67	1008	335	AJW4__CELAOB_00680
PgCG_02073	core_gene	Y	Y	xerD	Site-specific recombinase XerD	Genetic Information Processing			Strain-unique	1/5								PgCG_02073	AJW4	CELAOB_00691	UniRef90_A0A1T4N1Z4	1041	346	AJW4__CELAOB_00691
PgCG_02074	core_gene	Y	Y		SNF2-related protein	Genetic Information Processing	L	COG4646	Strain-unique	1/5								PgCG_02074	W83	HCNEGF_01377	UniRef90_A0AAE9XC29	2244	747	W83__HCNEGF_01377
PgCG_02075	core_gene	Y	Y		TetR/AcrR family transcriptional regulator	Genetic Information Processing			Strain-unique	1/5								PgCG_02075	AJW4	CELAOB_01829	UniRef90_UPI0003AD43DE	705	234	AJW4__CELAOB_01829
PgCG_02076	core_gene	Y	Y		TetR/AcrR family transcriptional regulator	Genetic Information Processing			Strain-unique	1/5								PgCG_02076	A7436	EMNIEE_00665	UniRef90_A0A2G8I0S7	615	204	A7436__EMNIEE_00665
PgCG_02077	core_gene	Y	Y		Topoisomerase	Genetic Information Processing			Strain-unique	1/5								PgCG_02077	ATCC33277	OHKNAD_00567	UniRef90_B2RIA8	1236	411	ATCC33277__OHKNAD_00567
PgCG_02078	core_gene	Y	Y		Transcriptional regulator	Genetic Information Processing			Strain-unique	1/5								PgCG_02078	AJW4	CELAOB_00417	UniRef90_A0A660NZ21	1320	439	AJW4__CELAOB_00417
PgCG_02079	core_gene	Y	Y		Transcriptional regulator	Genetic Information Processing			Strain-unique	1/5								PgCG_02079	ATCC33277	OHKNAD_01871	UniRef90_B2RM26	741	246	ATCC33277__OHKNAD_01871
PgCG_02080	core_gene	Y	Y	aF2118	Transcriptional regulator, putative	Genetic Information Processing	K	COG3620	Strain-unique	1/5								PgCG_02080	AJW4	CELAOB_01016	UniRef90_Q7MW09	225	74	AJW4__CELAOB_01016
PgCG_02081	core_gene	Y	Y		Transcriptional regulator, y4mF family	Genetic Information Processing			Strain-unique	1/5								PgCG_02081	AJW4	CELAOB_01018	UniRef90_A0A379DL06	165	54	AJW4__CELAOB_01018
PgCG_02082	core_gene	Y	Y		Two-component system sensor histidine kinase	Genetic Information Processing			Strain-unique	1/5								PgCG_02082	AJW4	CELAOB_00681	UniRef90_A0A449I5S7	1059	352	AJW4__CELAOB_00681
PgCG_02083	core_gene	Y	Y	xerD	Tyr recombinase domain-containing protein	Genetic Information Processing	L	COG4974	Strain-unique	1/5								PgCG_02083	W83	HCNEGF_01049	UniRef90_H1PZE4	1224	407	W83__HCNEGF_01049
PgCG_02084	core_gene	Y	Y	fimB	Tyr recombinase domain-containing protein	Genetic Information Processing	L;X	COG0582	Strain-unique	1/5								PgCG_02084	AJW4	CELAOB_00696	UniRef90_G5GAC5	1257	418	AJW4__CELAOB_00696
PgCG_02085	core_gene	Y	Y		Tyr recombinase domain-containing protein	Genetic Information Processing			Strain-unique	1/5								PgCG_02085	W83	HCNEGF_01333		201	66	W83__HCNEGF_01333
PgCG_02086	core_gene	Y	Y	xerC	Tyrosine recombinase XerC	Genetic Information Processing			Strain-unique	1/5								PgCG_02086	AJW4	CELAOB_01366	UniRef90_A0A2X4PIS6	1215	404	AJW4__CELAOB_01366
PgCG_02087	core_gene	Y	Y	xerD	Tyrosine recombinase XerD	Genetic Information Processing	L	COG4974	Strain-unique	1/5								PgCG_02087	ATCC33277	OHKNAD_00896	UniRef90_A0A2X4PMA2	1263	420	ATCC33277__OHKNAD_00896
PgCG_02088	core_gene	Y	Y		XRE family transcriptional regulator	Genetic Information Processing			Strain-unique	1/5								PgCG_02088	AJW4	CELAOB_01011	UniRef90_A0A930EU73	441	146	AJW4__CELAOB_01011
PgCG_02089	core_gene	Y	Y		(pseudo) TonB-linked receptor Tlr	Heme & Ion Homeostasis			Strain-unique	1/5								PgCG_02089	W83	HCNEGF_00579	UniRef90_Q9XBV1	1242	413	W83__HCNEGF_00579
PgCG_02090	core_gene	Y	Y		TonB-dependent receptor	Heme & Ion Homeostasis			Strain-unique	1/5	Y	cirA	TonB_receptor					PgCG_02090	AJW4	CELAOB_01842	UniRef90_A0AAE9XJ59	2580	859	AJW4__CELAOB_01842
PgCG_02091	core_gene	Y	Y		TonB-dependent receptor	Heme & Ion Homeostasis			Strain-unique	1/5	Y	cirA	TonB_receptor					PgCG_02091	AJW4	CELAOB_00213	UniRef90_A0A0A2FF17	2724	907	AJW4__CELAOB_00213
PgCG_02092	core_gene	Y	Y		TonB-dependent receptor plug domain protein	Heme & Ion Homeostasis			Strain-unique	1/5								PgCG_02092	TDC60	EGHGLF_00544	UniRef90_A0A0E2M7T0	2346	781	TDC60__EGHGLF_00544
PgCG_02093	core_gene	Y	Y		(pseudo) Aminoglycoside phosphotransferase domain-containing protein	Metabolic Homeostasis			Strain-unique	1/5								PgCG_02093	W83	HCNEGF_00599	UniRef90_B2RIM6	507	168	W83__HCNEGF_00599
PgCG_02094	core_gene	Y	Y	tpr	(pseudo) Thiol protease	Metabolic Homeostasis			Strain-unique	1/5								PgCG_02094	TDC60	EGHGLF_00988	UniRef90_P25806	756	251	TDC60__EGHGLF_00988
PgCG_02095	core_gene	Y	Y		AAA family ATPase	Metabolic Homeostasis			Strain-unique	1/5								PgCG_02095	AJW4	CELAOB_00912	UniRef90_UPI001F3B4A1A	1125	374	AJW4__CELAOB_00912
PgCG_02096	core_gene	Y	Y		AAA family ATPase	Metabolic Homeostasis			Strain-unique	1/5								PgCG_02096	TDC60	EGHGLF_00509	UniRef90_A0A7D4GQR6	2337	778	TDC60__EGHGLF_00509
PgCG_02097	core_gene	Y	Y		AAA family ATPase	Metabolic Homeostasis			Strain-unique	1/5								PgCG_02097	TDC60	EGHGLF_00514	UniRef90_UPI00020F03ED	1065	354	TDC60__EGHGLF_00514
PgCG_02098	core_gene	Y	Y		AAA family ATPase	Metabolic Homeostasis			Strain-unique	1/5								PgCG_02098	W83	HCNEGF_01547		498	165	W83__HCNEGF_01547
PgCG_02099	core_gene	Y	Y		AAA family ATPase	Metabolic Homeostasis			Strain-unique	1/5								PgCG_02099	TDC60	EGHGLF_00919	UniRef90_UPI00020EFFAE	702	233	TDC60__EGHGLF_00919
PgCG_02100	core_gene	Y	Y		Adenine-specific methyltransferase	Metabolic Homeostasis			Strain-unique	1/5								PgCG_02100	ATCC33277	OHKNAD_01423	UniRef90_B2RKQ0	969	322	ATCC33277__OHKNAD_01423
PgCG_02101	core_gene	Y	Y		amidohydrolase family protein	Metabolic Homeostasis			Strain-unique	1/5								PgCG_02101	TDC60	EGHGLF_00917	UniRef90_UPI00020EFFB0	1296	431	TDC60__EGHGLF_00917
PgCG_02102	core_gene	Y	Y		AMP-dependent synthetase/ligase domain-containing protein	Metabolic Homeostasis			Strain-unique	1/5								PgCG_02102	AJW4	CELAOB_00108	UniRef90_A0A0E2LTZ2	1338	445	AJW4__CELAOB_00108
PgCG_02103	core_gene	Y	Y	aslB	Anaerobic sulfatase-maturating enzyme	Metabolic Homeostasis	O	COG0641	Strain-unique	1/5								PgCG_02103	TDC60	EGHGLF_00549	UniRef90_A0A1D3UWX6	1401	466	TDC60__EGHGLF_00549
PgCG_02104	core_gene	Y	Y		Aspartate/glutamate/uridylate kinase domain-containing protein	Metabolic Homeostasis			Strain-unique	1/5								PgCG_02104	ATCC33277	OHKNAD_01057	UniRef90_B2RJP3	1029	342	ATCC33277__OHKNAD_01057
PgCG_02105	core_gene	Y	Y		ATP-binding protein	Metabolic Homeostasis			Strain-unique	1/5								PgCG_02105	AJW4	CELAOB_00421	UniRef90_A0A660P1T7	1536	511	AJW4__CELAOB_00421
PgCG_02106	core_gene	Y	Y		ATP-binding protein	Metabolic Homeostasis			Strain-unique	1/5								PgCG_02106	ATCC33277	OHKNAD_01257	UniRef90_G5GB28	1911	636	ATCC33277__OHKNAD_01257
PgCG_02107	core_gene	Y	Y		ATP-binding protein	Metabolic Homeostasis			Strain-unique	1/5								PgCG_02107	ATCC33277	OHKNAD_00915	UniRef90_A0AAF0BEH5	1431	476	ATCC33277__OHKNAD_00915
PgCG_02108	core_gene	Y	Y		ATPase AAA-type core domain-containing protein	Metabolic Homeostasis			Strain-unique	1/5								PgCG_02108	AJW4	CELAOB_00725	UniRef90_D3IKN1	2325	774	AJW4__CELAOB_00725
PgCG_02109	core_gene	Y	Y		Beta-ketoacyl-[acyl-carrier-protein] synthase III C-terminal domain-containing protein	Metabolic Homeostasis			Strain-unique	1/5								PgCG_02109	A7436	EMNIEE_00666	UniRef90_A0AAJ3V8R4	1068	355	A7436__EMNIEE_00666
PgCG_02110	core_gene	Y	Y		C25 family cysteine peptidase	Metabolic Homeostasis			Strain-unique	1/5								PgCG_02110	TDC60	EGHGLF_00325	UniRef90_A0AAE9XK04	2691	896	TDC60__EGHGLF_00325
PgCG_02111	core_gene	Y	Y		C25 family peptidase propeptide domain-containing protein	Metabolic Homeostasis			Strain-unique	1/5								PgCG_02111	A7436	EMNIEE_01512	UniRef90_UPI001F41FB0A	624	207	A7436__EMNIEE_01512
PgCG_02112	core_gene	Y	Y		CAAX protease	Metabolic Homeostasis			Strain-unique	1/5								PgCG_02112	AJW4	CELAOB_01863	UniRef90_A0A0A2FP69	1047	348	AJW4__CELAOB_01863
PgCG_02113	core_gene	Y	Y		class I SAM-dependent DNA methyltransferase	Metabolic Homeostasis			Strain-unique	1/5								PgCG_02113	TDC60	EGHGLF_00511	UniRef90_UPI00020F03EA	1374	457	TDC60__EGHGLF_00511
PgCG_02114	core_gene	Y	Y		class I SAM-dependent DNA methyltransferase	Metabolic Homeostasis			Strain-unique	1/5								PgCG_02114	TDC60	EGHGLF_00534	UniRef90_UPI00020F0403	1509	502	TDC60__EGHGLF_00534
PgCG_02115	core_gene	Y	Y	gppA	Conserved domain protein	Metabolic Homeostasis	F;T	COG0248	Strain-unique	1/5								PgCG_02115	W83	HCNEGF_01602	UniRef90_Q7MU29	582	193	W83__HCNEGF_01602
PgCG_02116	core_gene	Y	Y		Conserved domain protein	Metabolic Homeostasis			Strain-unique	1/5								PgCG_02116	TDC60	EGHGLF_00289	UniRef90_UPI00020F02F3	318	105	TDC60__EGHGLF_00289
PgCG_02117	core_gene	Y	Y		Cytosine-specific methyltransferase	Metabolic Homeostasis			Strain-unique	1/5								PgCG_02117	AJW4	CELAOB_00422	UniRef90_A0A660NYF7	1662	553	AJW4__CELAOB_00422
PgCG_02118	core_gene	Y	Y		DNA primase	Metabolic Homeostasis			Strain-unique	1/5								PgCG_02118	AJW4	CELAOB_00665	UniRef90_T1CI71	951	316	AJW4__CELAOB_00665
PgCG_02119	core_gene	Y	Y		DNA primase	Metabolic Homeostasis			Strain-unique	1/5								PgCG_02119	AJW4	CELAOB_01374	UniRef90_L0JBQ0	963	320	AJW4__CELAOB_01374
PgCG_02120	core_gene	Y	Y		DNA-binding protein	Metabolic Homeostasis			Strain-unique	1/5								PgCG_02120	TDC60	EGHGLF_00533	UniRef90_E6K9I0	1017	338	TDC60__EGHGLF_00533
PgCG_02121	core_gene	Y	Y		DNA-binding protein, histone-like family	Metabolic Homeostasis			Strain-unique	1/5								PgCG_02121	W83	HCNEGF_01374	UniRef90_Q7MUL1	471	156	W83__HCNEGF_01374
PgCG_02122	core_gene	Y	Y		DNA-binding response regulator	Metabolic Homeostasis			Strain-unique	1/5								PgCG_02122	AJW4	CELAOB_00682	UniRef90_F9D7B5	711	236	AJW4__CELAOB_00682
PgCG_02123	core_gene	Y	Y		Fic family protein	Metabolic Homeostasis			Strain-unique	1/5								PgCG_02123	AJW4	CELAOB_01779	UniRef90_A0AAE9XES2	1413	470	AJW4__CELAOB_01779
PgCG_02124	core_gene	Y	Y		Fic family protein	Metabolic Homeostasis			Strain-unique	1/5								PgCG_02124	ATCC33277	OHKNAD_00913	UniRef90_UPI002FFBC8E6	447	148	ATCC33277__OHKNAD_00913
PgCG_02125	core_gene	Y	Y		GLPGLI family protein	Metabolic Homeostasis			Strain-unique	1/5								PgCG_02125	AJW4	CELAOB_01836	UniRef90_UPI0003ACF6FB	843	280	AJW4__CELAOB_01836
PgCG_02126	core_gene	Y	Y		GLPGLI family protein	Metabolic Homeostasis			Strain-unique	1/5								PgCG_02126	AJW4	CELAOB_01843	UniRef90_A0AAE9X9N2	879	292	AJW4__CELAOB_01843
PgCG_02127	core_gene	Y	Y		GLPGLI family protein	Metabolic Homeostasis			Strain-unique	1/5								PgCG_02127	AJW4	CELAOB_00214	UniRef90_UPI00037BA286	855	284	AJW4__CELAOB_00214
PgCG_02128	core_gene	Y	Y	hipA	HipA-like C-terminal domain protein	Metabolic Homeostasis	T	COG3550	Strain-unique	1/5								PgCG_02128	AJW4	CELAOB_01019	UniRef90_G8ULE9	1269	422	AJW4__CELAOB_01019
PgCG_02129	core_gene	Y	Y		Histidinol phosphate phosphatase	Metabolic Homeostasis			Strain-unique	1/5								PgCG_02129	ATCC33277	OHKNAD_01420	UniRef90_A0AAF0BB04	288	95	ATCC33277__OHKNAD_01420
PgCG_02130	core_gene	Y	Y		MBL fold metallo-hydrolase	Metabolic Homeostasis			Strain-unique	1/5								PgCG_02130	AJW4	CELAOB_01312	UniRef90_UPI00097A7EDF	1140	379	AJW4__CELAOB_01312
PgCG_02131	core_gene	Y	Y	immA	Metallopeptidase ImmA	Metabolic Homeostasis			Strain-unique	1/5								PgCG_02131	AJW4	CELAOB_00689	UniRef90_A0A7J0AAS2	555	184	AJW4__CELAOB_00689
PgCG_02132	core_gene	Y	Y		Methyltransferase	Metabolic Homeostasis			Strain-unique	1/5								PgCG_02132	TDC60	EGHGLF_00196	UniRef90_U2KT56	1281	426	TDC60__EGHGLF_00196
PgCG_02133	core_gene	Y	Y		N-acetylhexosamine 1-kinase	Metabolic Homeostasis			Strain-unique	1/5								PgCG_02133	W83	HCNEGF_00600		618	205	W83__HCNEGF_00600
PgCG_02134	core_gene	Y	Y		nitrite reductase (cytochrome; ammonia-forming)	Metabolic Homeostasis			Strain-unique	1/5								PgCG_02134	ATCC33277	OHKNAD_01723		1071	356	ATCC33277__OHKNAD_01723
PgCG_02135	core_gene	Y	Y		non-canonical purine NTP pyrophosphatase	Metabolic Homeostasis			Strain-unique	1/5								PgCG_02135	TDC60	EGHGLF_00921	UniRef90_UPI00020EFFAC	591	196	TDC60__EGHGLF_00921
PgCG_02136	core_gene	Y	Y		Nucleotidyl transferase, PF08843 family	Metabolic Homeostasis			Strain-unique	1/5								PgCG_02136	AJW4	CELAOB_01824	UniRef90_U2CYI8	1011	336	AJW4__CELAOB_01824
PgCG_02137	core_gene	Y	Y		ORF5	Metabolic Homeostasis			Strain-unique	1/5								PgCG_02137	ATCC33277	OHKNAD_00895	UniRef90_Q9ZAD2	555	184	ATCC33277__OHKNAD_00895
PgCG_02138	core_gene	Y	Y		Oxidoreductase	Metabolic Homeostasis			Strain-unique	1/5								PgCG_02138	ATCC33277	OHKNAD_01056	UniRef90_B2RJP2	1011	336	ATCC33277__OHKNAD_01056
PgCG_02139	core_gene	Y	Y		PcfJ-like protein	Metabolic Homeostasis			Strain-unique	1/5								PgCG_02139	AJW4	CELAOB_01872	UniRef90_A0A0E2LT89	1272	423	AJW4__CELAOB_01872
PgCG_02140	core_gene	Y	Y		PcfK-like protein	Metabolic Homeostasis			Strain-unique	1/5								PgCG_02140	ATCC33277	OHKNAD_00832	UniRef90_B2RJ24	138	45	ATCC33277__OHKNAD_00832
PgCG_02141	core_gene	Y	Y		PcfK-like protein	Metabolic Homeostasis			Strain-unique	1/5								PgCG_02141	ATCC33277	OHKNAD_00833	UniRef90_B2RJ25	231	76	ATCC33277__OHKNAD_00833
PgCG_02142	core_gene	Y	Y		PcfK-like protein	Metabolic Homeostasis			Strain-unique	1/5								PgCG_02142	AJW4	CELAOB_01873	UniRef90_A0A0E2M7W1	429	142	AJW4__CELAOB_01873
PgCG_02143	core_gene	Y	Y		polyprenyl synthetase family protein	Metabolic Homeostasis			Strain-unique	1/5								PgCG_02143	AJW4	CELAOB_00671	UniRef90_UPI0006AA3FA1	897	298	AJW4__CELAOB_00671
PgCG_02144	core_gene	Y	Y	fic	protein adenylyltransferase Fic	Metabolic Homeostasis			Strain-unique	1/5								PgCG_02144	TDC60	EGHGLF_00802	UniRef90_UPI0030AB65F9	894	297	TDC60__EGHGLF_00802
PgCG_02145	core_gene	Y	Y	fic	protein adenylyltransferase Fic	Metabolic Homeostasis			Strain-unique	1/5								PgCG_02145	AJW4	CELAOB_00705	UniRef90_D1QPA5	897	298	AJW4__CELAOB_00705
PgCG_02146	core_gene	Y	Y		putative GCN5-related N-acetyltransferase	Metabolic Homeostasis			Strain-unique	1/5								PgCG_02146	ATCC33277	OHKNAD_00914	UniRef90_B2RJA6	456	151	ATCC33277__OHKNAD_00914
PgCG_02147	core_gene	Y	Y		pyridoxal phosphate-dependent aminotransferase family protein	Metabolic Homeostasis			Strain-unique	1/5								PgCG_02147	AJW4	CELAOB_01828	UniRef90_UPI001E4263EA	1137	378	AJW4__CELAOB_01828
PgCG_02148	core_gene	Y	Y	pntB	Re/Si-specific NAD(P)(+) transhydrogenase subunit beta	Metabolic Homeostasis			Strain-unique	1/5								PgCG_02148	ATCC33277	OHKNAD_01106	UniRef90_A0A0A2F4P6	2538	845	ATCC33277__OHKNAD_01106
PgCG_02149	core_gene	Y	Y		restriction endonuclease subunit S	Metabolic Homeostasis			Strain-unique	1/5								PgCG_02149	AJW4	CELAOB_01010	UniRef90_UPI0006AA1F8F	870	289	AJW4__CELAOB_01010
PgCG_02150	core_gene	Y	Y		restriction endonuclease subunit S	Metabolic Homeostasis			Strain-unique	1/5								PgCG_02150	AJW4	CELAOB_01012	UniRef90_UPI0006AA0CE6	1152	383	AJW4__CELAOB_01012
PgCG_02151	core_gene	Y	Y		restriction endonuclease subunit S	Metabolic Homeostasis			Strain-unique	1/5								PgCG_02151	TDC60	EGHGLF_00510	UniRef90_UPI00020F03E9	1443	480	TDC60__EGHGLF_00510
PgCG_02152	core_gene	Y	Y		restriction endonuclease subunit S	Metabolic Homeostasis			Strain-unique	1/5								PgCG_02152	TDC60	EGHGLF_00530	UniRef90_UPI00020F03FF	1209	402	TDC60__EGHGLF_00530
PgCG_02153	core_gene	Y	Y		restriction endonuclease subunit S	Metabolic Homeostasis			Strain-unique	1/5								PgCG_02153	TDC60	EGHGLF_00531	UniRef90_UPI00020F0400	1563	520	TDC60__EGHGLF_00531
PgCG_02154	core_gene	Y	Y		restriction endonuclease subunit S	Metabolic Homeostasis			Strain-unique	1/5								PgCG_02154	A7436	EMNIEE_01388	UniRef90_UPI001F3FBE24	720	239	A7436__EMNIEE_01388
PgCG_02155	core_gene	Y	Y	copG	Ribbon-helix-helix protein, CopG family	Metabolic Homeostasis			Strain-unique	1/5								PgCG_02155	AJW4	CELAOB_00663	UniRef90_U2CIG2	405	134	AJW4__CELAOB_00663
PgCG_02156	core_gene	Y	Y		RimJ/RimL family protein N-acetyltransferase	Metabolic Homeostasis			Strain-unique	1/5								PgCG_02156	TDC60	EGHGLF_00663		228	75	TDC60__EGHGLF_00663
PgCG_02157	core_gene	Y	Y		S8 family serine peptidase	Metabolic Homeostasis			Strain-unique	1/5								PgCG_02157	AJW4	CELAOB_01125	UniRef90_A0AAE9XCP8	2193	730	AJW4__CELAOB_01125
PgCG_02158	core_gene	Y	Y		SDR family oxidoreductase	Metabolic Homeostasis			Strain-unique	1/5								PgCG_02158	TDC60	EGHGLF_01013	UniRef90_UPI0002D6FB65	846	281	TDC60__EGHGLF_01013
PgCG_02159	core_gene	Y	Y		site-specific DNA-methyltransferase	Metabolic Homeostasis			Strain-unique	1/5								PgCG_02159	TDC60	EGHGLF_00640	UniRef90_UPI0005C6927A	1713	570	TDC60__EGHGLF_00640
PgCG_02160	core_gene	Y	Y		Site-specific DNA-methyltransferase (adenine-specific)	Metabolic Homeostasis			Strain-unique	1/5								PgCG_02160	ATCC33277	OHKNAD_01872	UniRef90_Q51829	840	279	ATCC33277__OHKNAD_01872
PgCG_02161	core_gene	Y	Y		site-specific DNA-methyltransferase (cytosine-N(4)-specific)	Metabolic Homeostasis			Strain-unique	1/5								PgCG_02161	TDC60	EGHGLF_00577	UniRef90_B2UMV9	1242	413	TDC60__EGHGLF_00577
PgCG_02162	core_gene	Y	Y		TPR domain protein	Metabolic Homeostasis			Strain-unique	1/5								PgCG_02162	ATCC33277	OHKNAD_00981	UniRef90_B2RJG9	516	171	ATCC33277__OHKNAD_00981
PgCG_02163	core_gene	Y	Y		TPR domain protein	Metabolic Homeostasis			Strain-unique	1/5								PgCG_02163	ATCC33277	OHKNAD_00982	UniRef90_B2RJH0	1182	393	ATCC33277__OHKNAD_00982
PgCG_02164	core_gene	Y	Y		Type I restriction enzyme endonuclease subunit	Metabolic Homeostasis	V	COG0610	Strain-unique	1/5								PgCG_02164	AJW4	CELAOB_01015	UniRef90_A0A174I2X9	2829	942	AJW4__CELAOB_01015
PgCG_02165	core_gene	Y	Y		type I restriction-modification system subunit M	Metabolic Homeostasis			Strain-unique	1/5								PgCG_02165	AJW4	CELAOB_01013	UniRef90_UPI0006AA55CB	1554	517	AJW4__CELAOB_01013
PgCG_02166	core_gene	Y	Y		Viral A-type inclusion protein	Metabolic Homeostasis			Strain-unique	1/5								PgCG_02166	ATCC33277	OHKNAD_00906	UniRef90_B2RJA0	723	240	ATCC33277__OHKNAD_00906
PgCG_02167	core_gene	Y	Y		(pseudo) IS256 family transposase	Mobile Genetic Elements & HGT			Strain-unique	1/5								PgCG_02167	A7436	EMNIEE_00450	UniRef90_UPI0034A3DFF6	318	105	A7436__EMNIEE_00450
PgCG_02168	core_gene	Y	Y		(pseudo) Partial transposase in ISPg4	Mobile Genetic Elements & HGT			Strain-unique	1/5								PgCG_02168	AJW4	CELAOB_00299	UniRef90_B2RI04	258	85	AJW4__CELAOB_00299
PgCG_02169	core_gene	Y	Y		(pseudo) transposase	Mobile Genetic Elements & HGT			Strain-unique	1/5								PgCG_02169	AJW4	CELAOB_00729	UniRef90_UPI001377438B	372	123	AJW4__CELAOB_00729
PgCG_02170	core_gene	Y	Y		(pseudo) Transposase IS4-like domain-containing protein	Mobile Genetic Elements & HGT			Strain-unique	1/5								PgCG_02170	ATCC33277	OHKNAD_00037	UniRef90_B2RGR0	210	69	ATCC33277__OHKNAD_00037
PgCG_02171	core_gene	Y	Y	traI	Conjugal transfer relaxase TraI	Mobile Genetic Elements & HGT			Strain-unique	1/5								PgCG_02171	AJW4	CELAOB_00662	UniRef90_A0A2X4PEJ2	1002	333	AJW4__CELAOB_00662
PgCG_02172	core_gene	Y	Y	traI	Conjugal transfer relaxase TraI	Mobile Genetic Elements & HGT			Strain-unique	1/5								PgCG_02172	ATCC33277	OHKNAD_00905	UniRef90_A0A2X4PWV8	942	313	ATCC33277__OHKNAD_00905
PgCG_02173	core_gene	Y	Y	traJ	conjugative transposon protein TraJ	Mobile Genetic Elements & HGT			Strain-unique	1/5								PgCG_02173	ATCC33277	OHKNAD_00582	UniRef90_B2RIC2	987	328	ATCC33277__OHKNAD_00582
PgCG_02174	core_gene	Y	Y	traK	conjugative transposon protein TraK	Mobile Genetic Elements & HGT			Strain-unique	1/5								PgCG_02174	ATCC33277	OHKNAD_00581	UniRef90_B2RIC1	624	207	ATCC33277__OHKNAD_00581
PgCG_02175	core_gene	Y	Y	traM	conjugative transposon protein TraM	Mobile Genetic Elements & HGT			Strain-unique	1/5								PgCG_02175	ATCC33277	OHKNAD_00579	UniRef90_B2RIB9	1362	453	ATCC33277__OHKNAD_00579
PgCG_02176	core_gene	Y	Y	traN	conjugative transposon protein TraN	Mobile Genetic Elements & HGT			Strain-unique	1/5								PgCG_02176	ATCC33277	OHKNAD_00578	UniRef90_B2RIB8	936	311	ATCC33277__OHKNAD_00578
PgCG_02177	core_gene	Y	Y	traJ	Conjugative transposon TraJ C-terminal domain-containing protein	Mobile Genetic Elements & HGT			Strain-unique	1/5								PgCG_02177	AJW4	CELAOB_00995		504	167	AJW4__CELAOB_00995
PgCG_02178	core_gene	Y	Y	traJ	Conjugative transposon TraJ C-terminal domain-containing protein	Mobile Genetic Elements & HGT			Strain-unique	1/5								PgCG_02178	TDC60	EGHGLF_01145		603	200	TDC60__EGHGLF_01145
PgCG_02179	core_gene	Y	Y	herA	Helicase HerA central domain-containing protein	Mobile Genetic Elements & HGT			Strain-unique	1/5								PgCG_02179	ATCC33277	OHKNAD_00909	UniRef90_B2RJA3	1902	633	ATCC33277__OHKNAD_00909
PgCG_02180	core_gene	Y	Y	herA	Helicase HerA central domain-containing protein	Mobile Genetic Elements & HGT			Strain-unique	1/5								PgCG_02180	ATCC33277	OHKNAD_00910	UniRef90_B2RJA3	210	69	ATCC33277__OHKNAD_00910
PgCG_02181	core_gene	Y	Y		Integrase	Mobile Genetic Elements & HGT			Strain-unique	1/5								PgCG_02181	AJW4	CELAOB_01009	UniRef90_A0A0A2E4D7	933	310	AJW4__CELAOB_01009
PgCG_02182	core_gene	Y	Y		Integrase	Mobile Genetic Elements & HGT			Strain-unique	1/5								PgCG_02182	AJW4	CELAOB_00692	UniRef90_A0A0A2DTE5	1230	409	AJW4__CELAOB_00692
PgCG_02183	core_gene	Y	Y		Integrase	Mobile Genetic Elements & HGT			Strain-unique	1/5								PgCG_02183	AJW4	CELAOB_01365	UniRef90_A0A0G3M1H6	1230	409	AJW4__CELAOB_01365
PgCG_02184	core_gene	Y	Y		IS3 family transposase	Mobile Genetic Elements & HGT			Strain-unique	1/5								PgCG_02184	A7436	EMNIEE_00009	UniRef90_UPI000BE6FF88	705	234	A7436__EMNIEE_00009
PgCG_02185	core_gene	Y	Y		IS3 family transposase	Mobile Genetic Elements & HGT			Strain-unique	1/5								PgCG_02185	AJW4	CELAOB_00411	UniRef90_UPI00036F878B	1203	400	AJW4__CELAOB_00411
PgCG_02186	core_gene	Y	Y	tnp	IS5 family transposase	Mobile Genetic Elements & HGT	X	COG3666	Strain-unique	1/5								PgCG_02186	ATCC33277	OHKNAD_01811	UniRef90_B2RJY5	396	131	ATCC33277__OHKNAD_01811
PgCG_02187	core_gene	Y	Y		IS5 family transposase	Mobile Genetic Elements & HGT			Strain-unique	1/5								PgCG_02187	TDC60	EGHGLF_00583	UniRef90_G8UM25	1353	450	TDC60__EGHGLF_00583
PgCG_02188	core_gene	Y	Y		IS982 family transposase	Mobile Genetic Elements & HGT			Strain-unique	1/5								PgCG_02188	A7436	EMNIEE_00734		645	214	A7436__EMNIEE_00734
PgCG_02189	core_gene	Y	Y		ISAs1 family transposase	Mobile Genetic Elements & HGT			Strain-unique	1/5								PgCG_02189	ATCC33277	OHKNAD_01879	UniRef90_B2RJC8	513	170	ATCC33277__OHKNAD_01879
PgCG_02190	core_gene	Y	Y		ISAs1 family transposase	Mobile Genetic Elements & HGT			Strain-unique	1/5								PgCG_02190	TDC60	EGHGLF_00505	UniRef90_UPI00272FAA64	618	205	TDC60__EGHGLF_00505
PgCG_02191	core_gene	Y	Y		ISAs1 family transposase	Mobile Genetic Elements & HGT			Strain-unique	1/5								PgCG_02191	TDC60	EGHGLF_00507		393	130	TDC60__EGHGLF_00507
PgCG_02192	core_gene	Y	Y		ISAs1 family transposase	Mobile Genetic Elements & HGT			Strain-unique	1/5								PgCG_02192	TDC60	EGHGLF_00553	UniRef90_A0A1D3UU58	423	140	TDC60__EGHGLF_00553
PgCG_02193	core_gene	Y	Y		ISPg1 transposase	Mobile Genetic Elements & HGT			Strain-unique	1/5								PgCG_02193	AJW4	CELAOB_01845	UniRef90_A0AAE9XD22	303	100	AJW4__CELAOB_01845
PgCG_02194	core_gene	Y	Y		MobA/VirD2-like nuclease domain-containing protein	Mobile Genetic Elements & HGT			Strain-unique	1/5								PgCG_02194	AJW4	CELAOB_00702	UniRef90_V8CQK5	924	307	AJW4__CELAOB_00702
PgCG_02195	core_gene	Y	Y	tnpA	Mobilizable transposon, TnpA family protein	Mobile Genetic Elements & HGT			Strain-unique	1/5								PgCG_02195	AJW4	CELAOB_00695		411	136	AJW4__CELAOB_00695
PgCG_02196	core_gene	Y	Y	tnpC	Mobilizable transposon, TnpC family protein	Mobile Genetic Elements & HGT			Strain-unique	1/5								PgCG_02196	ATCC33277	OHKNAD_00897	UniRef90_UPI0004E7CFA0	522	173	ATCC33277__OHKNAD_00897
PgCG_02197	core_gene	Y	Y		Mobilization protein	Mobile Genetic Elements & HGT			Strain-unique	1/5								PgCG_02197	AJW4	CELAOB_01001	UniRef90_A0A1T4KMI2	723	240	AJW4__CELAOB_01001
PgCG_02198	core_gene	Y	Y		Mobilization protein	Mobile Genetic Elements & HGT			Strain-unique	1/5								PgCG_02198	TDC60	EGHGLF_00516	UniRef90_A0A098YTB5	348	115	TDC60__EGHGLF_00516
PgCG_02199	core_gene	Y	Y		Mobilization protein	Mobile Genetic Elements & HGT			Strain-unique	1/5								PgCG_02199	TDC60	EGHGLF_00517	UniRef90_A0A1F0TVC1	927	308	TDC60__EGHGLF_00517
PgCG_02200	core_gene	Y	Y		Mobilization protein	Mobile Genetic Elements & HGT			Strain-unique	1/5								PgCG_02200	TDC60	EGHGLF_00518	UniRef90_UPI00020F03F1	660	219	TDC60__EGHGLF_00518
PgCG_02201	core_gene	Y	Y		Mobilization protein	Mobile Genetic Elements & HGT			Strain-unique	1/5								PgCG_02201	AJW4	CELAOB_00697	UniRef90_H1HLR0	747	248	AJW4__CELAOB_00697
PgCG_02202	core_gene	Y	Y		Mobilization protein	Mobile Genetic Elements & HGT			Strain-unique	1/5								PgCG_02202	ATCC33277	OHKNAD_00904	UniRef90_B2RJ98	363	120	ATCC33277__OHKNAD_00904
PgCG_02203	core_gene	Y	Y	nikA	Mobilization protein NikA	Mobile Genetic Elements & HGT			Strain-unique	1/5								PgCG_02203	AJW4	CELAOB_00701	UniRef90_L1NBV9	501	166	AJW4__CELAOB_00701
PgCG_02204	core_gene	Y	Y	mobV	MobV family relaxase	Mobile Genetic Elements & HGT			Strain-unique	1/5								PgCG_02204	W83	HCNEGF_01053	UniRef90_Q7MVF5	1368	455	W83__HCNEGF_01053
PgCG_02205	core_gene	Y	Y	mobV	MobV family relaxase	Mobile Genetic Elements & HGT			Strain-unique	1/5								PgCG_02205	AJW4	CELAOB_01376	UniRef90_G5G9U8	1257	418	AJW4__CELAOB_01376
PgCG_02206	core_gene	Y	Y		Partial transposase in ISPg2	Mobile Genetic Elements & HGT			Strain-unique	1/5								PgCG_02206	W83	HCNEGF_00981	UniRef90_B2RI66	246	81	W83__HCNEGF_00981
PgCG_02207	core_gene	Y	Y		Partial transposase in ISPg3	Mobile Genetic Elements & HGT			Strain-unique	1/5								PgCG_02207	ATCC33277	OHKNAD_00415	UniRef90_B2RHU9	138	45	ATCC33277__OHKNAD_00415
PgCG_02208	core_gene	Y	Y		Partial transposase in ISPg4	Mobile Genetic Elements & HGT			Strain-unique	1/5								PgCG_02208	ATCC33277	OHKNAD_00470	UniRef90_B2RI04	444	147	ATCC33277__OHKNAD_00470
PgCG_02209	core_gene	Y	Y		Partial transposase Orf1 in ISPg5	Mobile Genetic Elements & HGT			Strain-unique	1/5								PgCG_02209	ATCC33277	OHKNAD_00446	UniRef90_B2RHX9	204	67	ATCC33277__OHKNAD_00446
PgCG_02210	core_gene	Y	Y		Partial transposase Orf1 in ISPg5	Mobile Genetic Elements & HGT			Strain-unique	1/5								PgCG_02210	ATCC33277	OHKNAD_00111	UniRef90_B2RGY6	186	61	ATCC33277__OHKNAD_00111
PgCG_02211	core_gene	Y	Y		Partial transposase Orf2 in ISPg5	Mobile Genetic Elements & HGT			Strain-unique	1/5								PgCG_02211	ATCC33277	OHKNAD_01050	UniRef90_B2RJN7	192	63	ATCC33277__OHKNAD_01050
PgCG_02212	core_gene	Y	Y		phage integrase SAM-like domain-containing protein	Mobile Genetic Elements & HGT			Strain-unique	1/5								PgCG_02212	TDC60	EGHGLF_00573	UniRef90_UPI000974FCDA	378	125	TDC60__EGHGLF_00573
PgCG_02213	core_gene	Y	Y	traO	Putative conserved protein found in conjugate transposon TraO	Mobile Genetic Elements & HGT			Strain-unique	1/5								PgCG_02213	ATCC33277	OHKNAD_00577	UniRef90_B2RIB7	585	194	ATCC33277__OHKNAD_00577
PgCG_02214	core_gene	Y	Y	traQ	Putative conserved protein found in conjugate transposon TraQ	Mobile Genetic Elements & HGT			Strain-unique	1/5								PgCG_02214	ATCC33277	OHKNAD_00576	UniRef90_B2RIB6	438	145	ATCC33277__OHKNAD_00576
PgCG_02215	core_gene	Y	Y		putative phage abortive infection protein	Mobile Genetic Elements & HGT			Strain-unique	1/5								PgCG_02215	AJW4	CELAOB_01408	UniRef90_UPI000BE74F84	1095	364	AJW4__CELAOB_01408
PgCG_02216	core_gene	Y	Y		relaxase	Mobile Genetic Elements & HGT			Strain-unique	1/5								PgCG_02216	AJW4	CELAOB_01841	UniRef90_UPI0006BDCBC9	1017	338	AJW4__CELAOB_01841
PgCG_02217	core_gene	Y	Y	rteC	RteC protein	Mobile Genetic Elements & HGT			Strain-unique	1/5								PgCG_02217	A7436	EMNIEE_00674	UniRef90_A0AAP0V226	249	82	A7436__EMNIEE_00674
PgCG_02218	core_gene	Y	Y	rteC	RteC protein	Mobile Genetic Elements & HGT			Strain-unique	1/5								PgCG_02218	AJW4	CELAOB_00683		471	156	AJW4__CELAOB_00683
PgCG_02219	core_gene	Y	Y		Site-specific integrase	Mobile Genetic Elements & HGT			Strain-unique	1/5								PgCG_02219	TDC60	EGHGLF_00522	UniRef90_A0A1D3UZC4	1293	430	TDC60__EGHGLF_00522
PgCG_02220	core_gene	Y	Y		site-specific integrase	Mobile Genetic Elements & HGT			Strain-unique	1/5								PgCG_02220	TDC60	EGHGLF_01158	UniRef90_UPI00020F0246	1083	360	TDC60__EGHGLF_01158
PgCG_02221	core_gene	Y	Y		Site-specific recombinase, phage integrase family	Mobile Genetic Elements & HGT			Strain-unique	1/5								PgCG_02221	TDC60	EGHGLF_00529	UniRef90_C9MRU0	804	267	TDC60__EGHGLF_00529
PgCG_02222	core_gene	Y	Y	traM	TraD/TraG TraM recognition site domain-containing protein	Mobile Genetic Elements & HGT			Strain-unique	1/5								PgCG_02222	ATCC33277	OHKNAD_00560	UniRef90_B2RIA3	975	324	ATCC33277__OHKNAD_00560
PgCG_02223	core_gene	Y	Y		transposase	Mobile Genetic Elements & HGT			Strain-unique	1/5								PgCG_02223	TDC60	EGHGLF_00699	UniRef90_UPI0011800B92	576	191	TDC60__EGHGLF_00699
PgCG_02224	core_gene	Y	Y		Transposase	Mobile Genetic Elements & HGT			Strain-unique	1/5								PgCG_02224	TDC60	EGHGLF_01630	UniRef90_A0A0E2LRX0	720	239	TDC60__EGHGLF_01630
PgCG_02225	core_gene	Y	Y		Transposase	Mobile Genetic Elements & HGT			Strain-unique	1/5								PgCG_02225	TDC60	EGHGLF_00102	UniRef90_A0A0E2M3D5	279	92	TDC60__EGHGLF_00102
PgCG_02226	core_gene	Y	Y		Transposase DDE domain-containing protein	Mobile Genetic Elements & HGT			Strain-unique	1/5								PgCG_02226	W83	HCNEGF_01757		552	183	W83__HCNEGF_01757
PgCG_02227	core_gene	Y	Y		transposase family protein	Mobile Genetic Elements & HGT			Strain-unique	1/5								PgCG_02227	TDC60	EGHGLF_00552	UniRef90_UPI00373FDCC1	177	58	TDC60__EGHGLF_00552
PgCG_02228	core_gene	Y	Y		Trasnmembrane protein found in conjugate transposon	Mobile Genetic Elements & HGT			Strain-unique	1/5								PgCG_02228	ATCC33277	OHKNAD_01298	UniRef90_H1HJN6	267	88	ATCC33277__OHKNAD_01298
PgCG_02229	core_gene	Y	Y		carboxypeptidase-like regulatory domain-containing protein	Proteolytic Virulence & Effectors			Strain-unique	1/5								PgCG_02229	A7436	EMNIEE_00669	UniRef90_UPI0002AE97B5	702	233	A7436__EMNIEE_00669
PgCG_02230	core_gene	Y	Y		carboxypeptidase-like regulatory domain-containing protein	Proteolytic Virulence & Effectors			Strain-unique	1/5								PgCG_02230	AJW4	CELAOB_01837	UniRef90_UPI00071F817D	2577	858	AJW4__CELAOB_01837
PgCG_02231	core_gene	Y	Y		carboxypeptidase-like regulatory domain-containing protein	Proteolytic Virulence & Effectors			Strain-unique	1/5								PgCG_02231	TDC60	EGHGLF_00548	UniRef90_UPI00031F0546	1491	496	TDC60__EGHGLF_00548
PgCG_02232	core_gene	Y	Y		Peptidase C10 family protein	Proteolytic Virulence & Effectors			Strain-unique	1/5								PgCG_02232	AJW4	CELAOB_02009	UniRef90_A0A0E2LR27	1368	455	AJW4__CELAOB_02009
PgCG_02233	core_gene	Y	Y		Secretion system C-terminal sorting domain-containing protein	Proteolytic Virulence & Effectors			Strain-unique	1/5								PgCG_02233	TDC60	EGHGLF_01596	UniRef90_A0A0A2FBB6	648	215	TDC60__EGHGLF_01596
PgCG_02234	core_gene	Y	Y	fucP	(pseudo) Putative transmembrane glucose/galactose transporter	Secretion & Molecular Export	G	COG0738	Strain-unique	1/5								PgCG_02234	TDC60	EGHGLF_01548	UniRef90_B2RH00	576	191	TDC60__EGHGLF_01548
PgCG_02235	core_gene	Y	Y	fucP	(pseudo) Putative transmembrane glucose/galactose transporter	Secretion & Molecular Export	G	COG0738	Strain-unique	1/5								PgCG_02235	TDC60	EGHGLF_01549	UniRef90_B2RH00	714	237	TDC60__EGHGLF_01549
PgCG_02236	core_gene	Y	Y		ABC transporter substrate-binding protein	Secretion & Molecular Export			Strain-unique	1/5								PgCG_02236	AJW4	CELAOB_00672	UniRef90_UPI0006AA2E5C	1104	367	AJW4__CELAOB_00672
PgCG_02237	core_gene	Y	Y		permease of the drug/metabolite transporter	Secretion & Molecular Export			Strain-unique	1/5								PgCG_02237	A7436	EMNIEE_00675	UniRef90_UPI00293723C6	213	70	A7436__EMNIEE_00675
PgCG_02238	core_gene	Y	Y		Collagen-binding protein	Surface Structures & Colonization			Strain-unique	1/5	Y	fepA_pg	adhesin_other					PgCG_02238	AJW4	CELAOB_00175	UniRef90_A0A0A2GW18	3099	1032	AJW4__CELAOB_00175
PgCG_02239	core_gene	Y	Y		Fimbrial protein	Surface Structures & Colonization			Strain-unique	1/5								PgCG_02239	AJW4	CELAOB_00172	UniRef90_A0A0H5AVY0	1008	335	AJW4__CELAOB_00172
PgCG_02240	core_gene	Y	Y		fimbrial protein	Surface Structures & Colonization			Strain-unique	1/5								PgCG_02240	A7436	EMNIEE_01996	UniRef90_UPI0006A2F51D	990	329	A7436__EMNIEE_01996
PgCG_02241	core_gene	Y	Y		Glycosyltransferase 2-like domain-containing protein	Surface Structures & Colonization			Strain-unique	1/5								PgCG_02241	ATCC33277	OHKNAD_01060	UniRef90_B2RJP6	930	309	ATCC33277__OHKNAD_01060
PgCG_02242	core_gene	Y	Y	fimB	Major fimbrium anchoring subunit FimB	Surface Structures & Colonization			Strain-unique	1/5	Y	fimB	adhesin_fim					PgCG_02242	ATCC33277	OHKNAD_00179	UniRef90_A0PA81	357	118	ATCC33277__OHKNAD_00179
PgCG_02243	core_gene	Y	Y	fimA	Major fimbrium subunit FimA type-1	Surface Structures & Colonization			Strain-unique	1/5	Y	fimA	adhesin_fim					PgCG_02243	ATCC33277	OHKNAD_00178	UniRef90_B2RH54	1152	383	ATCC33277__OHKNAD_00178
PgCG_02244	core_gene	Y	Y	mfa1	Minor fimbrium subunit Mfa1	Surface Structures & Colonization			Strain-unique	1/5	Y	mfa1	adhesin_mfa					PgCG_02244	AJW4	CELAOB_00169	UniRef90_P0DOA1	1500	499	AJW4__CELAOB_00169
PgCG_02245	core_gene	Y	Y		Protein associated to Mfa1 fimbriae	Surface Structures & Colonization			Strain-unique	1/5								PgCG_02245	AJW4	CELAOB_00171	UniRef90_A0A0H5ARC4	1338	445	AJW4__CELAOB_00171
PgCG_02246	core_gene	Y	Y		putative partial hemagglutinin-related protein	Surface Structures & Colonization			Strain-unique	1/5								PgCG_02246	ATCC33277	OHKNAD_00426	UniRef90_B2RHV9	267	88	ATCC33277__OHKNAD_00426
PgCG_02247	core_gene	Y	Y	pilW	type IV pilus biogenesis/stability protein PilW	Surface Structures & Colonization			Strain-unique	1/5								PgCG_02247	AJW4	CELAOB_00871	UniRef90_UPI000974F887	2544	847	AJW4__CELAOB_00871
PgCG_02248	core_gene	Y	Y	pilW	type IV pilus biogenesis/stability protein PilW	Surface Structures & Colonization			Strain-unique	1/5								PgCG_02248	ATCC33277	OHKNAD_01340	UniRef90_B2RKG4	2964	987	ATCC33277__OHKNAD_01340
PgCG_02249	core_gene	Y	Y		(pseudo) Citrate transporter-like domain-containing protein	Uncharacterized Proteins			Strain-unique	1/5								PgCG_02249	TDC60	EGHGLF_00750	UniRef90_A0A0E2LQS1	138	45	TDC60__EGHGLF_00750
PgCG_02250	core_gene	Y	Y		(pseudo) DUF1661 domain-containing protein	Uncharacterized Proteins			Strain-unique	1/5								PgCG_02250	TDC60	EGHGLF_00742	UniRef90_UPI0006BCA3BA	291	96	TDC60__EGHGLF_00742
PgCG_02251	core_gene	Y	Y		(pseudo) DUF3667 domain-containing protein	Uncharacterized Proteins			Strain-unique	1/5								PgCG_02251	AJW4	CELAOB_01756	UniRef90_UPI0030B0059B	474	157	AJW4__CELAOB_01756
PgCG_02252	core_gene	Y	Y		(pseudo) hypothetical protein	Uncharacterized Proteins			Strain-unique	1/5								PgCG_02252	AJW4	CELAOB_00303	UniRef90_UPI00211D2F82	222	73	AJW4__CELAOB_00303
PgCG_02253	core_gene	Y	Y		(pseudo) hypothetical protein	Uncharacterized Proteins			Strain-unique	1/5								PgCG_02253	AJW4	CELAOB_01311	UniRef90_UPI00211BC5EF	384	127	AJW4__CELAOB_01311
PgCG_02254	core_gene	Y	Y		(pseudo) hypothetical protein	Uncharacterized Proteins			Strain-unique	1/5								PgCG_02254	A7436	EMNIEE_00360	UniRef90_UPI00211D2F82	156	51	A7436__EMNIEE_00360
PgCG_02255	core_gene	Y	Y		(pseudo) hypothetical protein	Uncharacterized Proteins			Strain-unique	1/5								PgCG_02255	ATCC33277	OHKNAD_01474	UniRef90_Q7MWU5	111	36	ATCC33277__OHKNAD_01474
PgCG_02256	core_gene	Y	Y		(pseudo) hypothetical protein	Uncharacterized Proteins			Strain-unique	1/5								PgCG_02256	TDC60	EGHGLF_00748	UniRef90_UPI001C528DDC	114	37	TDC60__EGHGLF_00748
PgCG_02257	core_gene	Y	Y		(pseudo) hypothetical protein	Uncharacterized Proteins			Strain-unique	1/5								PgCG_02257	TDC60	EGHGLF_01273	UniRef90_UPI001F38D209	327	108	TDC60__EGHGLF_01273
PgCG_02258	core_gene	Y	Y		(pseudo) hypothetical protein	Uncharacterized Proteins			Strain-unique	1/5								PgCG_02258	AJW4	CELAOB_00874	UniRef90_UPI001F25529A	114	37	AJW4__CELAOB_00874
PgCG_02259	core_gene	Y	Y		(pseudo) hypothetical protein	Uncharacterized Proteins			Strain-unique	1/5								PgCG_02259	TDC60	EGHGLF_01163	UniRef90_G8UI34	210	69	TDC60__EGHGLF_01163
PgCG_02260	core_gene	Y	Y		(pseudo) hypothetical protein	Uncharacterized Proteins			Strain-unique	1/5								PgCG_02260	AJW4	CELAOB_00252	UniRef90_UPI0027318BAF	120	39	AJW4__CELAOB_00252
PgCG_02261	core_gene	Y	Y		(pseudo) hypothetical protein	Uncharacterized Proteins			Strain-unique	1/5								PgCG_02261	AJW4	CELAOB_00623	UniRef90_UPI0003AD0F4F	123	40	AJW4__CELAOB_00623
PgCG_02262	core_gene	Y	Y		(pseudo) hypothetical protein	Uncharacterized Proteins			Strain-unique	1/5								PgCG_02262	AJW4	CELAOB_00693	UniRef90_A0A0E2LTN1	174	57	AJW4__CELAOB_00693
PgCG_02263	core_gene	Y	Y		(pseudo) hypothetical protein	Proteolytic Virulence & Effectors			Strain-unique	1/5								PgCG_02263	TDC60	EGHGLF_00987	UniRef90_UPI001E606CAE	582	193	TDC60__EGHGLF_00987
PgCG_02264	core_gene	Y	Y		(pseudo) hypothetical protein	Uncharacterized Proteins			Strain-unique	1/5								PgCG_02264	TDC60	EGHGLF_01018	UniRef90_B2RKF5	216	71	TDC60__EGHGLF_01018
PgCG_02265	core_gene	Y	Y		A nuclease family of the HNH/ENDO VII superfamily with conserved AHH	Uncharacterized Proteins			Strain-unique	1/5								PgCG_02265	ATCC33277	OHKNAD_01199	UniRef90_B2RK38	711	236	ATCC33277__OHKNAD_01199
PgCG_02266	core_gene	Y	Y		abortive infection system antitoxin AbiGi family protein	Uncharacterized Proteins			Strain-unique	1/5								PgCG_02266	TDC60	EGHGLF_00274	UniRef90_UPI0009871DA8	732	243	TDC60__EGHGLF_00274
PgCG_02267	core_gene	Y	Y		Aminoglycoside phosphotransferase domain-containing protein	Uncharacterized Proteins			Strain-unique	1/5								PgCG_02267	ATCC33277	OHKNAD_01059	UniRef90_B2RJP5	861	286	ATCC33277__OHKNAD_01059
PgCG_02268	core_gene	Y	Y		Antitoxin SocA-like Panacea domain-containing protein	Uncharacterized Proteins			Strain-unique	1/5								PgCG_02268	TDC60	EGHGLF_00575	UniRef90_A0A0A2DPP0	588	195	TDC60__EGHGLF_00575
PgCG_02269	core_gene	Y	Y		ATP-dependent endonuclease	Uncharacterized Proteins			Strain-unique	1/5								PgCG_02269	AJW4	CELAOB_00972	UniRef90_UPI001EEC549B	1617	538	AJW4__CELAOB_00972
PgCG_02270	core_gene	Y	Y		ATPase AAA	Uncharacterized Proteins			Strain-unique	1/5								PgCG_02270	AJW4	CELAOB_00823	UniRef90_A0A0A2F4U6	1347	448	AJW4__CELAOB_00823
PgCG_02271	core_gene	Y	Y		ATPase AAA	Uncharacterized Proteins			Strain-unique	1/5								PgCG_02271	TDC60	EGHGLF_00574	UniRef90_A0A0A2DL05	2013	670	TDC60__EGHGLF_00574
PgCG_02272	core_gene	Y	Y		Bacterial mobilisation domain-containing protein	Uncharacterized Proteins			Strain-unique	1/5								PgCG_02272	TDC60	EGHGLF_00528	UniRef90_UPI00020F03FD	426	141	TDC60__EGHGLF_00528
PgCG_02273	core_gene	Y	Y		Beta protein	Uncharacterized Proteins			Strain-unique	1/5								PgCG_02273	AJW4	CELAOB_00688	UniRef90_A0A7J0ABA7	1080	359	AJW4__CELAOB_00688
PgCG_02274	core_gene	Y	Y		Beta-lactamase	Uncharacterized Proteins			Strain-unique	1/5								PgCG_02274	AJW4	CELAOB_00679	UniRef90_A0A449I5R6	1128	375	AJW4__CELAOB_00679
PgCG_02275	core_gene	Y	Y		CBS domain-containing protein	Uncharacterized Proteins			Strain-unique	1/5								PgCG_02275	W83	HCNEGF_01819		867	288	W83__HCNEGF_01819
PgCG_02276	core_gene	Y	Y		choice-of-anchor J domain-containing protein	Proteolytic Virulence & Effectors			Strain-unique	1/5								PgCG_02276	AJW4	CELAOB_01661	UniRef90_UPI000C1821C6	5139	1712	AJW4__CELAOB_01661
PgCG_02277	core_gene	Y	Y		DNA alkylation repair enzyme	Uncharacterized Proteins			Strain-unique	1/5								PgCG_02277	ATCC33277	OHKNAD_01354	UniRef90_B2RKH7	393	130	ATCC33277__OHKNAD_01354
PgCG_02278	core_gene	Y	Y		DNA methylase N-4/N-6	Uncharacterized Proteins			Strain-unique	1/5								PgCG_02278	ATCC33277	OHKNAD_00843	UniRef90_B2RJ37	1668	555	ATCC33277__OHKNAD_00843
PgCG_02279	core_gene	Y	Y	yhcG	DUF1016 domain-containing protein	Uncharacterized Proteins	R	COG4804	Strain-unique	1/5								PgCG_02279	ATCC33277	OHKNAD_01266	UniRef90_B2RGV3	1032	343	ATCC33277__OHKNAD_01266
PgCG_02280	core_gene	Y	Y		DUF1661 domain-containing protein	Uncharacterized Proteins			Strain-unique	1/5								PgCG_02280	AJW4	CELAOB_00338		363	120	AJW4__CELAOB_00338
PgCG_02281	core_gene	Y	Y		DUF1661 domain-containing protein	Uncharacterized Proteins			Strain-unique	1/5								PgCG_02281	AJW4	CELAOB_00486	UniRef90_UPI001F48D60E	243	80	AJW4__CELAOB_00486
PgCG_02282	core_gene	Y	Y		DUF1661 domain-containing protein	Uncharacterized Proteins			Strain-unique	1/5								PgCG_02282	AJW4	CELAOB_01797	UniRef90_UPI00351BF47B	339	112	AJW4__CELAOB_01797
PgCG_02283	core_gene	Y	Y		DUF1661 domain-containing protein	Uncharacterized Proteins			Strain-unique	1/5								PgCG_02283	ATCC33277	OHKNAD_00213	UniRef90_B2RH88	357	118	ATCC33277__OHKNAD_00213
PgCG_02284	core_gene	Y	Y		DUF1661 domain-containing protein	Uncharacterized Proteins			Strain-unique	1/5								PgCG_02284	W83	HCNEGF_00533	UniRef90_UPI001181BC49	222	73	W83__HCNEGF_00533
PgCG_02285	core_gene	Y	Y		DUF1661 domain-containing protein	Uncharacterized Proteins			Strain-unique	1/5								PgCG_02285	ATCC33277	OHKNAD_00009	UniRef90_A0AAE9XAN6	423	140	ATCC33277__OHKNAD_00009
PgCG_02286	core_gene	Y	Y		DUF1661 domain-containing protein	Uncharacterized Proteins			Strain-unique	1/5								PgCG_02286	AJW4	CELAOB_00215	UniRef90_UPI00117ECE34	513	170	AJW4__CELAOB_00215
PgCG_02287	core_gene	Y	Y		DUF1720 domain-containing protein	Uncharacterized Proteins			Strain-unique	1/5								PgCG_02287	AJW4	CELAOB_00828	UniRef90_UPI0006188D8D	2418	805	AJW4__CELAOB_00828
PgCG_02288	core_gene	Y	Y		DUF1896 domain-containing protein	Uncharacterized Proteins			Strain-unique	1/5								PgCG_02288	TDC60	EGHGLF_00523	UniRef90_UPI00020F03F6	456	151	TDC60__EGHGLF_00523
PgCG_02289	core_gene	Y	Y		DUF2958 domain-containing protein	Uncharacterized Proteins			Strain-unique	1/5								PgCG_02289	TDC60	EGHGLF_00538	UniRef90_UPI0037C790AC	3414	1137	TDC60__EGHGLF_00538
PgCG_02290	core_gene	Y	Y		DUF3078 domain-containing protein	Uncharacterized Proteins			Strain-unique	1/5								PgCG_02290	ATCC33277	OHKNAD_00108	UniRef90_B2RGY3	453	150	ATCC33277__OHKNAD_00108
PgCG_02291	core_gene	Y	Y		DUF308 domain-containing protein	Uncharacterized Proteins			Strain-unique	1/5								PgCG_02291	ATCC33277	OHKNAD_01328	UniRef90_B2RKF0	1146	381	ATCC33277__OHKNAD_01328
PgCG_02292	core_gene	Y	Y		DUF3137 domain-containing protein	Uncharacterized Proteins			Strain-unique	1/5								PgCG_02292	ATCC33277	OHKNAD_01412	UniRef90_B2RKN7	531	176	ATCC33277__OHKNAD_01412
PgCG_02293	core_gene	Y	Y		DUF3408 domain-containing protein	Uncharacterized Proteins			Strain-unique	1/5								PgCG_02293	TDC60	EGHGLF_00527	UniRef90_UPI00020F03FB	477	158	TDC60__EGHGLF_00527
PgCG_02294	core_gene	Y	Y		DUF3408 domain-containing protein	Uncharacterized Proteins			Strain-unique	1/5								PgCG_02294	AJW4	CELAOB_00664	UniRef90_A0AAF0BEE8	513	170	AJW4__CELAOB_00664
PgCG_02295	core_gene	Y	Y		DUF3667 domain-containing protein	Uncharacterized Proteins			Strain-unique	1/5								PgCG_02295	AJW4	CELAOB_01757	UniRef90_A0AAE9XCP0	816	271	AJW4__CELAOB_01757
PgCG_02296	core_gene	Y	Y		DUF3732 domain-containing protein	Uncharacterized Proteins			Strain-unique	1/5								PgCG_02296	W83	HCNEGF_01317	UniRef90_Q7MW27	1866	621	W83__HCNEGF_01317
PgCG_02297	core_gene	Y	Y		DUF3887 domain-containing protein	Uncharacterized Proteins			Strain-unique	1/5								PgCG_02297	ATCC33277	OHKNAD_00322	UniRef90_B2RHJ9	339	112	ATCC33277__OHKNAD_00322
PgCG_02298	core_gene	Y	Y		DUF3945 domain-containing protein	Uncharacterized Proteins			Strain-unique	1/5								PgCG_02298	ATCC33277	OHKNAD_00562	UniRef90_B2RIA5	1485	494	ATCC33277__OHKNAD_00562
PgCG_02299	core_gene	Y	Y		DUF3945 domain-containing protein	Uncharacterized Proteins			Strain-unique	1/5								PgCG_02299	ATCC33277	OHKNAD_00816	UniRef90_Q7MUL4	165	54	ATCC33277__OHKNAD_00816
PgCG_02300	core_gene	Y	Y		DUF3989 domain-containing protein	Uncharacterized Proteins			Strain-unique	1/5								PgCG_02300	ATCC33277	OHKNAD_00580	UniRef90_B2RIC0	264	87	ATCC33277__OHKNAD_00580
PgCG_02301	core_gene	Y	Y		DUF3989 domain-containing protein	Uncharacterized Proteins			Strain-unique	1/5								PgCG_02301	ATCC33277	OHKNAD_01283	UniRef90_B2RGT5	309	102	ATCC33277__OHKNAD_01283
PgCG_02302	core_gene	Y	Y		DUF3990 domain-containing protein	Uncharacterized Proteins			Strain-unique	1/5								PgCG_02302	TDC60	EGHGLF_00290	UniRef90_UPI00020F02F4	567	188	TDC60__EGHGLF_00290
PgCG_02303	core_gene	Y	Y		DUF4071 domain-containing protein	Uncharacterized Proteins			Strain-unique	1/5								PgCG_02303	ATCC33277	OHKNAD_01291	UniRef90_B2RGS7	1221	406	ATCC33277__OHKNAD_01291
PgCG_02304	core_gene	Y	Y		DUF4141 domain-containing protein	Uncharacterized Proteins			Strain-unique	1/5								PgCG_02304	ATCC33277	OHKNAD_00583	UniRef90_A0A0A2E510	624	207	ATCC33277__OHKNAD_00583
PgCG_02305	core_gene	Y	Y		DUF4209 domain-containing protein	Uncharacterized Proteins			Strain-unique	1/5								PgCG_02305	AJW4	CELAOB_00416	UniRef90_A0A660NYR6	1728	575	AJW4__CELAOB_00416
PgCG_02306	core_gene	Y	Y		DUF4286 domain-containing protein	Uncharacterized Proteins			Strain-unique	1/5								PgCG_02306	TDC60	EGHGLF_00695	UniRef90_A0AAF0BF53	561	186	TDC60__EGHGLF_00695
PgCG_02307	core_gene	Y	Y		DUF6122 domain-containing protein	Uncharacterized Proteins			Strain-unique	1/5								PgCG_02307	ATCC33277	OHKNAD_00323	UniRef90_UPI0003213083	342	113	ATCC33277__OHKNAD_00323
PgCG_02308	core_gene	Y	Y		DUF6268 domain-containing protein	Uncharacterized Proteins			Strain-unique	1/5								PgCG_02308	AJW4	CELAOB_00678	UniRef90_A0A432LKB1	906	301	AJW4__CELAOB_00678
PgCG_02309	core_gene	Y	Y		Dynamin N-terminal domain-containing protein	Uncharacterized Proteins			Strain-unique	1/5								PgCG_02309	ATCC33277	OHKNAD_01195	UniRef90_B2RK34	1071	356	ATCC33277__OHKNAD_01195
PgCG_02310	core_gene	Y	Y		Endonuclease	Uncharacterized Proteins			Strain-unique	1/5								PgCG_02310	AJW4	CELAOB_00420	UniRef90_A0A660P069	2199	732	AJW4__CELAOB_00420
PgCG_02311	core_gene	Y	Y		Excisionase	Uncharacterized Proteins			Strain-unique	1/5								PgCG_02311	TDC60	EGHGLF_00525	UniRef90_A0AB34PHN9	270	89	TDC60__EGHGLF_00525
PgCG_02312	core_gene	Y	Y		GIY-YIG catalytic domain-containing protein	Uncharacterized Proteins			Strain-unique	1/5								PgCG_02312	AJW4	CELAOB_00197	UniRef90_A0AAF0BCB4	528	175	AJW4__CELAOB_00197
PgCG_02313	core_gene	Y	Y		GIY-YIG nuclease family protein	Uncharacterized Proteins			Strain-unique	1/5								PgCG_02313	TDC60	EGHGLF_01431	UniRef90_UPI00036494D2	624	207	TDC60__EGHGLF_01431
PgCG_02314	core_gene	Y	Y		GIY-YIG nuclease family protein	Uncharacterized Proteins			Strain-unique	1/5								PgCG_02314	AJW4	CELAOB_01014	UniRef90_UPI0006AA183F	705	234	AJW4__CELAOB_01014
PgCG_02315	core_gene	Y	Y		Glucokinase	Uncharacterized Proteins			Strain-unique	1/5								PgCG_02315	W83	HCNEGF_01600		543	180	W83__HCNEGF_01600
PgCG_02316	core_gene	Y	Y		Glycosaminoglycan attachment protein	Uncharacterized Proteins			Strain-unique	1/5								PgCG_02316	AJW4	CELAOB_00971	UniRef90_J6IA82	1416	471	AJW4__CELAOB_00971
PgCG_02317	core_gene	Y	Y		Glycosaminoglycan attachment site	Uncharacterized Proteins			Strain-unique	1/5								PgCG_02317	ATCC33277	OHKNAD_00575	UniRef90_B2RIB5	1383	460	ATCC33277__OHKNAD_00575
PgCG_02318	core_gene	Y	Y	gwsG	grasp-with-spasm system ATP-grasp peptide maturase	Uncharacterized Proteins			Strain-unique	1/5								PgCG_02318	TDC60	EGHGLF_00542	UniRef90_A0A0E2LTG4	1011	336	TDC60__EGHGLF_00542
PgCG_02319	core_gene	Y	Y	gwsS	grasp-with-spasm system SPASM domain peptide maturase	Uncharacterized Proteins			Strain-unique	1/5								PgCG_02319	TDC60	EGHGLF_00543	UniRef90_A0A0E2LT62	1329	442	TDC60__EGHGLF_00543
PgCG_02320	core_gene	Y	Y	ltrA	group II intron reverse transcriptase/maturase	Uncharacterized Proteins			Strain-unique	1/5								PgCG_02320	ATCC33277	OHKNAD_00585	UniRef90_I8XFU1	420	139	ATCC33277__OHKNAD_00585
PgCG_02321	core_gene	Y	Y		HD domain-containing protein	Uncharacterized Proteins			Strain-unique	1/5								PgCG_02321	TDC60	EGHGLF_01244	UniRef90_UPI0003AD1604	2739	912	TDC60__EGHGLF_01244
PgCG_02322	core_gene	Y	Y		HEAT repeat domain-containing protein	Uncharacterized Proteins			Strain-unique	1/5								PgCG_02322	ATCC33277	OHKNAD_00937	UniRef90_B2RJD0	273	90	ATCC33277__OHKNAD_00937
PgCG_02323	core_gene	Y	Y		Helix-turn-helix domain-containing protein	Uncharacterized Proteins			Strain-unique	1/5								PgCG_02323	ATCC33277	OHKNAD_00566	UniRef90_F8X1T1	246	81	ATCC33277__OHKNAD_00566
PgCG_02324	core_gene	Y	Y		helix-turn-helix domain-containing protein	Uncharacterized Proteins			Strain-unique	1/5								PgCG_02324	TDC60	EGHGLF_00526	UniRef90_UPI00020F03FA	306	101	TDC60__EGHGLF_00526
PgCG_02325	core_gene	Y	Y		Helix-turn-helix domain-containing protein	Uncharacterized Proteins			Strain-unique	1/5								PgCG_02325	AJW4	CELAOB_00698	UniRef90_G5GAC2	357	118	AJW4__CELAOB_00698
PgCG_02326	core_gene	Y	Y		Helix-turn-helix domain-containing protein	Uncharacterized Proteins			Strain-unique	1/5								PgCG_02326	AJW4	CELAOB_00666	UniRef90_E0NRG3	279	92	AJW4__CELAOB_00666
PgCG_02327	core_gene	Y	Y		HEPN AbiU2-like domain-containing protein	Uncharacterized Proteins			Strain-unique	1/5								PgCG_02327	AJW4	CELAOB_00415	UniRef90_A0A660NZ43	612	203	AJW4__CELAOB_00415
PgCG_02328	core_gene	Y	Y		HipA-like C-terminal domain protein	Uncharacterized Proteins			Strain-unique	1/5								PgCG_02328	AJW4	CELAOB_00888	UniRef90_A0A099WSK6	1116	371	AJW4__CELAOB_00888
PgCG_02329	core_gene	Y	Y	hlyD	HlyD family secretion protein	Uncharacterized Proteins			Strain-unique	1/5								PgCG_02329	A7436	EMNIEE_00672	UniRef90_A0A0S3UH31	495	164	A7436__EMNIEE_00672
PgCG_02330	core_gene	Y	Y		HTH cro/C1-type domain-containing protein	Uncharacterized Proteins			Strain-unique	1/5								PgCG_02330	ATCC33277	OHKNAD_01256	UniRef90_G5GB27	210	69	ATCC33277__OHKNAD_01256
PgCG_02331	core_gene	Y	Y		HTH LytTR-type domain-containing protein	Uncharacterized Proteins			Strain-unique	1/5								PgCG_02331	TDC60	EGHGLF_00551	UniRef90_A0A0A2FRZ0	273	90	TDC60__EGHGLF_00551
PgCG_02332	core_gene	Y	Y		hypothetical protein	Uncharacterized Proteins			Strain-unique	1/5								PgCG_02332	AJW4	CELAOB_00096		123	40	AJW4__CELAOB_00096
PgCG_02333	core_gene	Y	Y		hypothetical protein	Uncharacterized Proteins			Strain-unique	1/5								PgCG_02333	AJW4	CELAOB_00098		126	41	AJW4__CELAOB_00098
PgCG_02334	core_gene	Y	Y		hypothetical protein	Uncharacterized Proteins			Strain-unique	1/5								PgCG_02334	AJW4	CELAOB_00125		126	41	AJW4__CELAOB_00125
PgCG_02335	core_gene	Y	Y		hypothetical protein	Uncharacterized Proteins			Strain-unique	1/5								PgCG_02335	AJW4	CELAOB_00149		147	48	AJW4__CELAOB_00149
PgCG_02336	core_gene	Y	Y		hypothetical protein	Uncharacterized Proteins			Strain-unique	1/5								PgCG_02336	AJW4	CELAOB_00185		681	226	AJW4__CELAOB_00185
PgCG_02337	core_gene	Y	Y		hypothetical protein	Uncharacterized Proteins			Strain-unique	1/5								PgCG_02337	AJW4	CELAOB_00409		96	31	AJW4__CELAOB_00409
PgCG_02338	core_gene	Y	Y		hypothetical protein	Uncharacterized Proteins			Strain-unique	1/5								PgCG_02338	AJW4	CELAOB_00410	UniRef90_UPI0005C562B6	480	159	AJW4__CELAOB_00410
PgCG_02339	core_gene	Y	Y		hypothetical protein	Uncharacterized Proteins			Strain-unique	1/5								PgCG_02339	AJW4	CELAOB_00412		192	63	AJW4__CELAOB_00412
PgCG_02340	core_gene	Y	Y		hypothetical protein	Uncharacterized Proteins			Strain-unique	1/5								PgCG_02340	AJW4	CELAOB_00413		255	84	AJW4__CELAOB_00413
PgCG_02341	core_gene	Y	Y		hypothetical protein	Uncharacterized Proteins			Strain-unique	1/5								PgCG_02341	AJW4	CELAOB_00414		354	117	AJW4__CELAOB_00414
PgCG_02342	core_gene	Y	Y		hypothetical protein	Uncharacterized Proteins			Strain-unique	1/5								PgCG_02342	AJW4	CELAOB_00724		144	47	AJW4__CELAOB_00724
PgCG_02343	core_gene	Y	Y		hypothetical protein	Uncharacterized Proteins			Strain-unique	1/5								PgCG_02343	AJW4	CELAOB_00726	UniRef90_A0A0S2KI69	231	76	AJW4__CELAOB_00726
PgCG_02344	core_gene	Y	Y		hypothetical protein	Uncharacterized Proteins			Strain-unique	1/5								PgCG_02344	AJW4	CELAOB_00727		429	142	AJW4__CELAOB_00727
PgCG_02345	core_gene	Y	Y		hypothetical protein	Uncharacterized Proteins			Strain-unique	1/5								PgCG_02345	AJW4	CELAOB_00795		177	58	AJW4__CELAOB_00795
PgCG_02346	core_gene	Y	Y		hypothetical protein	Uncharacterized Proteins			Strain-unique	1/5								PgCG_02346	AJW4	CELAOB_01040		267	88	AJW4__CELAOB_01040
PgCG_02347	core_gene	Y	Y		hypothetical protein	Uncharacterized Proteins			Strain-unique	1/5								PgCG_02347	AJW4	CELAOB_01069		177	58	AJW4__CELAOB_01069
PgCG_02348	core_gene	Y	Y		hypothetical protein	Uncharacterized Proteins			Strain-unique	1/5								PgCG_02348	AJW4	CELAOB_01083		129	42	AJW4__CELAOB_01083
PgCG_02349	core_gene	Y	Y		hypothetical protein	Uncharacterized Proteins			Strain-unique	1/5								PgCG_02349	AJW4	CELAOB_01084		294	97	AJW4__CELAOB_01084
PgCG_02350	core_gene	Y	Y		hypothetical protein	Uncharacterized Proteins			Strain-unique	1/5								PgCG_02350	AJW4	CELAOB_01092		120	39	AJW4__CELAOB_01092
PgCG_02351	core_gene	Y	Y		hypothetical protein	Uncharacterized Proteins			Strain-unique	1/5								PgCG_02351	AJW4	CELAOB_01240		261	86	AJW4__CELAOB_01240
PgCG_02352	core_gene	Y	Y		hypothetical protein	Uncharacterized Proteins			Strain-unique	1/5								PgCG_02352	AJW4	CELAOB_01243	UniRef90_UPI0003ACDCD9	282	93	AJW4__CELAOB_01243
PgCG_02353	core_gene	Y	Y		hypothetical protein	Uncharacterized Proteins			Strain-unique	1/5								PgCG_02353	AJW4	CELAOB_01310	UniRef90_UPI0003AD7564	312	103	AJW4__CELAOB_01310
PgCG_02354	core_gene	Y	Y		hypothetical protein	Uncharacterized Proteins			Strain-unique	1/5								PgCG_02354	AJW4	CELAOB_01320	UniRef90_A0AAE9XCG3	486	161	AJW4__CELAOB_01320
PgCG_02355	core_gene	Y	Y		hypothetical protein	Uncharacterized Proteins			Strain-unique	1/5								PgCG_02355	AJW4	CELAOB_01772		102	33	AJW4__CELAOB_01772
PgCG_02356	core_gene	Y	Y		hypothetical protein	Uncharacterized Proteins			Strain-unique	1/5								PgCG_02356	AJW4	CELAOB_01793	UniRef90_UPI001F24CCC4	549	182	AJW4__CELAOB_01793
PgCG_02357	core_gene	Y	Y		hypothetical protein	Uncharacterized Proteins			Strain-unique	1/5								PgCG_02357	AJW4	CELAOB_01796		246	81	AJW4__CELAOB_01796
PgCG_02358	core_gene	Y	Y		hypothetical protein	Uncharacterized Proteins			Strain-unique	1/5								PgCG_02358	AJW4	CELAOB_01798		198	65	AJW4__CELAOB_01798
PgCG_02359	core_gene	Y	Y		hypothetical protein	Uncharacterized Proteins			Strain-unique	1/5								PgCG_02359	AJW4	CELAOB_01833		189	62	AJW4__CELAOB_01833
PgCG_02360	core_gene	Y	Y		hypothetical protein	Uncharacterized Proteins			Strain-unique	1/5								PgCG_02360	AJW4	CELAOB_01834	UniRef90_UPI0011BDC299	1527	508	AJW4__CELAOB_01834
PgCG_02361	core_gene	Y	Y		hypothetical protein	Uncharacterized Proteins			Strain-unique	1/5								PgCG_02361	ATCC33277	OHKNAD_00288		102	33	ATCC33277__OHKNAD_00288
PgCG_02362	core_gene	Y	Y		hypothetical protein	Uncharacterized Proteins			Strain-unique	1/5								PgCG_02362	ATCC33277	OHKNAD_00334		246	81	ATCC33277__OHKNAD_00334
PgCG_02363	core_gene	Y	Y		hypothetical protein	Uncharacterized Proteins			Strain-unique	1/5								PgCG_02363	ATCC33277	OHKNAD_00335		147	48	ATCC33277__OHKNAD_00335
PgCG_02364	core_gene	Y	Y		hypothetical protein	Uncharacterized Proteins			Strain-unique	1/5								PgCG_02364	ATCC33277	OHKNAD_00344	UniRef90_A0A0E2LN11	267	88	ATCC33277__OHKNAD_00344
PgCG_02365	core_gene	Y	Y		hypothetical protein	Uncharacterized Proteins			Strain-unique	1/5								PgCG_02365	ATCC33277	OHKNAD_00557		225	74	ATCC33277__OHKNAD_00557
PgCG_02366	core_gene	Y	Y		hypothetical protein	Uncharacterized Proteins			Strain-unique	1/5								PgCG_02366	ATCC33277	OHKNAD_00559		369	122	ATCC33277__OHKNAD_00559
PgCG_02367	core_gene	Y	Y		hypothetical protein	Uncharacterized Proteins			Strain-unique	1/5								PgCG_02367	ATCC33277	OHKNAD_00569	UniRef90_B2RIB0	315	104	ATCC33277__OHKNAD_00569
PgCG_02368	core_gene	Y	Y		hypothetical protein	Uncharacterized Proteins			Strain-unique	1/5								PgCG_02368	ATCC33277	OHKNAD_00571	UniRef90_UPI000C17435D	375	124	ATCC33277__OHKNAD_00571
PgCG_02369	core_gene	Y	Y		hypothetical protein	Uncharacterized Proteins			Strain-unique	1/5								PgCG_02369	ATCC33277	OHKNAD_00834		180	59	ATCC33277__OHKNAD_00834
PgCG_02370	core_gene	Y	Y		hypothetical protein	Uncharacterized Proteins			Strain-unique	1/5								PgCG_02370	ATCC33277	OHKNAD_00871		183	60	ATCC33277__OHKNAD_00871
PgCG_02371	core_gene	Y	Y		hypothetical protein	Uncharacterized Proteins			Strain-unique	1/5								PgCG_02371	ATCC33277	OHKNAD_00899	UniRef90_B2RJ93	645	214	ATCC33277__OHKNAD_00899
PgCG_02372	core_gene	Y	Y		hypothetical protein	Uncharacterized Proteins			Strain-unique	1/5								PgCG_02372	ATCC33277	OHKNAD_00900	UniRef90_UPI0004E7DD0C	210	69	ATCC33277__OHKNAD_00900
PgCG_02373	core_gene	Y	Y		hypothetical protein	Uncharacterized Proteins			Strain-unique	1/5								PgCG_02373	ATCC33277	OHKNAD_01744	UniRef90_B2RLP3	177	58	ATCC33277__OHKNAD_01744
PgCG_02374	core_gene	Y	Y		hypothetical protein	Uncharacterized Proteins			Strain-unique	1/5								PgCG_02374	ATCC33277	OHKNAD_01781	UniRef90_UPI001E65929A	207	68	ATCC33277__OHKNAD_01781
PgCG_02375	core_gene	Y	Y		hypothetical protein	Uncharacterized Proteins			Strain-unique	1/5								PgCG_02375	ATCC33277	OHKNAD_01810		273	90	ATCC33277__OHKNAD_01810
PgCG_02376	core_gene	Y	Y		hypothetical protein	Uncharacterized Proteins			Strain-unique	1/5								PgCG_02376	TDC60	EGHGLF_00424		165	54	TDC60__EGHGLF_00424
PgCG_02377	core_gene	Y	Y		hypothetical protein	Uncharacterized Proteins			Strain-unique	1/5								PgCG_02377	TDC60	EGHGLF_00432		315	104	TDC60__EGHGLF_00432
PgCG_02378	core_gene	Y	Y		hypothetical protein	Uncharacterized Proteins			Strain-unique	1/5								PgCG_02378	TDC60	EGHGLF_00452	UniRef90_UPI00130D82DF	243	80	TDC60__EGHGLF_00452
PgCG_02379	core_gene	Y	Y		hypothetical protein	Uncharacterized Proteins			Strain-unique	1/5								PgCG_02379	TDC60	EGHGLF_00465	UniRef90_Q7MW72	123	40	TDC60__EGHGLF_00465
PgCG_02380	core_gene	Y	Y		hypothetical protein	Uncharacterized Proteins			Strain-unique	1/5								PgCG_02380	TDC60	EGHGLF_00481		93	30	TDC60__EGHGLF_00481
PgCG_02381	core_gene	Y	Y		hypothetical protein	Uncharacterized Proteins			Strain-unique	1/5								PgCG_02381	TDC60	EGHGLF_00676		165	54	TDC60__EGHGLF_00676
PgCG_02382	core_gene	Y	Y		hypothetical protein	Uncharacterized Proteins			Strain-unique	1/5								PgCG_02382	TDC60	EGHGLF_01051		504	167	TDC60__EGHGLF_01051
PgCG_02383	core_gene	Y	Y		hypothetical protein	Uncharacterized Proteins			Strain-unique	1/5								PgCG_02383	TDC60	EGHGLF_01345		153	50	TDC60__EGHGLF_01345
PgCG_02384	core_gene	Y	Y		hypothetical protein	Uncharacterized Proteins			Strain-unique	1/5								PgCG_02384	TDC60	EGHGLF_01376		201	66	TDC60__EGHGLF_01376
PgCG_02385	core_gene	Y	Y		hypothetical protein	Uncharacterized Proteins			Strain-unique	1/5								PgCG_02385	TDC60	EGHGLF_01394		144	47	TDC60__EGHGLF_01394
PgCG_02386	core_gene	Y	Y		hypothetical protein	Uncharacterized Proteins			Strain-unique	1/5								PgCG_02386	TDC60	EGHGLF_01421		120	39	TDC60__EGHGLF_01421
PgCG_02387	core_gene	Y	Y		hypothetical protein	Uncharacterized Proteins			Strain-unique	1/5								PgCG_02387	TDC60	EGHGLF_01558		492	163	TDC60__EGHGLF_01558
PgCG_02388	core_gene	Y	Y		hypothetical protein	Uncharacterized Proteins			Strain-unique	1/5								PgCG_02388	TDC60	EGHGLF_01595	UniRef90_UPI0009B5ED41	321	106	TDC60__EGHGLF_01595
PgCG_02389	core_gene	Y	Y		hypothetical protein	Uncharacterized Proteins			Strain-unique	1/5								PgCG_02389	TDC60	EGHGLF_01607		222	73	TDC60__EGHGLF_01607
PgCG_02390	core_gene	Y	Y		hypothetical protein	Uncharacterized Proteins			Strain-unique	1/5								PgCG_02390	W83	HCNEGF_00337		192	63	W83__HCNEGF_00337
PgCG_02391	core_gene	Y	Y		hypothetical protein	Uncharacterized Proteins			Strain-unique	1/5								PgCG_02391	W83	HCNEGF_00732	UniRef90_Q7MW37	585	194	W83__HCNEGF_00732
PgCG_02392	core_gene	Y	Y		hypothetical protein	Uncharacterized Proteins			Strain-unique	1/5								PgCG_02392	W83	HCNEGF_01664		255	84	W83__HCNEGF_01664
PgCG_02393	core_gene	Y	Y		hypothetical protein	Uncharacterized Proteins			Strain-unique	1/5								PgCG_02393	W83	HCNEGF_01818		879	292	W83__HCNEGF_01818
PgCG_02394	core_gene	Y	Y		hypothetical protein	Uncharacterized Proteins			Strain-unique	1/5								PgCG_02394	A7436	EMNIEE_00654		105	34	A7436__EMNIEE_00654
PgCG_02395	core_gene	Y	Y		hypothetical protein	Uncharacterized Proteins			Strain-unique	1/5								PgCG_02395	A7436	EMNIEE_00673	UniRef90_A0A0S3UH07	231	76	A7436__EMNIEE_00673
PgCG_02396	core_gene	Y	Y		hypothetical protein	Uncharacterized Proteins			Strain-unique	1/5								PgCG_02396	A7436	EMNIEE_01216	UniRef90_UPI0003D1A853	228	75	A7436__EMNIEE_01216
PgCG_02397	core_gene	Y	Y		hypothetical protein	Uncharacterized Proteins			Strain-unique	1/5								PgCG_02397	A7436	EMNIEE_00361	UniRef90_UPI000B672C0C	213	70	A7436__EMNIEE_00361
PgCG_02398	core_gene	Y	Y		hypothetical protein	Uncharacterized Proteins			Strain-unique	1/5								PgCG_02398	A7436	EMNIEE_00886	UniRef90_A0A0A2DVK5	249	82	A7436__EMNIEE_00886
PgCG_02399	core_gene	Y	Y		hypothetical protein	Uncharacterized Proteins			Strain-unique	1/5								PgCG_02399	A7436	EMNIEE_00911		114	37	A7436__EMNIEE_00911
PgCG_02400	core_gene	Y	Y		hypothetical protein	Uncharacterized Proteins			Strain-unique	1/5								PgCG_02400	A7436	EMNIEE_01481		195	64	A7436__EMNIEE_01481
PgCG_02401	core_gene	Y	Y		hypothetical protein	Uncharacterized Proteins			Strain-unique	1/5								PgCG_02401	AJW4	CELAOB_00970		162	53	AJW4__CELAOB_00970
PgCG_02402	core_gene	Y	Y		hypothetical protein	Uncharacterized Proteins			Strain-unique	1/5								PgCG_02402	AJW4	CELAOB_01008	UniRef90_A0A0A2DQC2	747	248	AJW4__CELAOB_01008
PgCG_02403	core_gene	Y	Y		hypothetical protein	Uncharacterized Proteins			Strain-unique	1/5								PgCG_02403	AJW4	CELAOB_01654	UniRef90_UPI0005C68640	237	78	AJW4__CELAOB_01654
PgCG_02404	core_gene	Y	Y		hypothetical protein	Uncharacterized Proteins			Strain-unique	1/5								PgCG_02404	AJW4	CELAOB_01705		516	171	AJW4__CELAOB_01705
PgCG_02405	core_gene	Y	Y		hypothetical protein	Uncharacterized Proteins			Strain-unique	1/5								PgCG_02405	AJW4	CELAOB_01721		252	83	AJW4__CELAOB_01721
PgCG_02406	core_gene	Y	Y		hypothetical protein	Uncharacterized Proteins			Strain-unique	1/5								PgCG_02406	AJW4	CELAOB_01844	UniRef90_A0AAE9XBB7	183	60	AJW4__CELAOB_01844
PgCG_02407	core_gene	Y	Y		hypothetical protein	Uncharacterized Proteins			Strain-unique	1/5								PgCG_02407	AJW4	CELAOB_01922		612	203	AJW4__CELAOB_01922
PgCG_02408	core_gene	Y	Y		hypothetical protein	Uncharacterized Proteins			Strain-unique	1/5								PgCG_02408	ATCC33277	OHKNAD_00180		537	178	ATCC33277__OHKNAD_00180
PgCG_02409	core_gene	Y	Y		hypothetical protein	Uncharacterized Proteins			Strain-unique	1/5								PgCG_02409	ATCC33277	OHKNAD_00203		147	48	ATCC33277__OHKNAD_00203
PgCG_02410	core_gene	Y	Y		hypothetical protein	Uncharacterized Proteins			Strain-unique	1/5								PgCG_02410	ATCC33277	OHKNAD_00267		186	61	ATCC33277__OHKNAD_00267
PgCG_02411	core_gene	Y	Y		hypothetical protein	Uncharacterized Proteins			Strain-unique	1/5								PgCG_02411	ATCC33277	OHKNAD_00766	UniRef90_B2RIV9	321	106	ATCC33277__OHKNAD_00766
PgCG_02412	core_gene	Y	Y		hypothetical protein	Uncharacterized Proteins			Strain-unique	1/5								PgCG_02412	ATCC33277	OHKNAD_01046		156	51	ATCC33277__OHKNAD_01046
PgCG_02413	core_gene	Y	Y		hypothetical protein	Uncharacterized Proteins			Strain-unique	1/5								PgCG_02413	ATCC33277	OHKNAD_01049		258	85	ATCC33277__OHKNAD_01049
PgCG_02414	core_gene	Y	Y		hypothetical protein	Uncharacterized Proteins			Strain-unique	1/5								PgCG_02414	ATCC33277	OHKNAD_01054	UniRef90_B2RJP1	1095	364	ATCC33277__OHKNAD_01054
PgCG_02415	core_gene	Y	Y		hypothetical protein	Uncharacterized Proteins			Strain-unique	1/5								PgCG_02415	ATCC33277	OHKNAD_01061	UniRef90_B2RJP7	1149	382	ATCC33277__OHKNAD_01061
PgCG_02416	core_gene	Y	Y		hypothetical protein	Uncharacterized Proteins			Strain-unique	1/5								PgCG_02416	ATCC33277	OHKNAD_01069	UniRef90_UPI00097E0B48	207	68	ATCC33277__OHKNAD_01069
PgCG_02417	core_gene	Y	Y		hypothetical protein	Uncharacterized Proteins			Strain-unique	1/5								PgCG_02417	ATCC33277	OHKNAD_01424		144	47	ATCC33277__OHKNAD_01424
PgCG_02418	core_gene	Y	Y		hypothetical protein	Uncharacterized Proteins			Strain-unique	1/5								PgCG_02418	ATCC33277	OHKNAD_01457		102	33	ATCC33277__OHKNAD_01457
PgCG_02419	core_gene	Y	Y		hypothetical protein	Uncharacterized Proteins			Strain-unique	1/5								PgCG_02419	ATCC33277	OHKNAD_01479		231	76	ATCC33277__OHKNAD_01479
PgCG_02420	core_gene	Y	Y		hypothetical protein	Uncharacterized Proteins			Strain-unique	1/5								PgCG_02420	ATCC33277	OHKNAD_01605		282	93	ATCC33277__OHKNAD_01605
PgCG_02421	core_gene	Y	Y		hypothetical protein	Uncharacterized Proteins			Strain-unique	1/5								PgCG_02421	ATCC33277	OHKNAD_01614		393	130	ATCC33277__OHKNAD_01614
PgCG_02422	core_gene	Y	Y		hypothetical protein	Uncharacterized Proteins			Strain-unique	1/5								PgCG_02422	ATCC33277	OHKNAD_01629		222	73	ATCC33277__OHKNAD_01629
PgCG_02423	core_gene	Y	Y		hypothetical protein	Uncharacterized Proteins			Strain-unique	1/5								PgCG_02423	ATCC33277	OHKNAD_01645	UniRef90_A0A0E2LNB0	246	81	ATCC33277__OHKNAD_01645
PgCG_02424	core_gene	Y	Y		hypothetical protein	Uncharacterized Proteins			Strain-unique	1/5								PgCG_02424	ATCC33277	OHKNAD_01722		519	172	ATCC33277__OHKNAD_01722
PgCG_02425	core_gene	Y	Y		hypothetical protein	Uncharacterized Proteins			Strain-unique	1/5								PgCG_02425	ATCC33277	OHKNAD_01962	UniRef90_B2RMC3	474	157	ATCC33277__OHKNAD_01962
PgCG_02426	core_gene	Y	Y		hypothetical protein	Uncharacterized Proteins			Strain-unique	1/5								PgCG_02426	ATCC33277	OHKNAD_01977		231	76	ATCC33277__OHKNAD_01977
PgCG_02427	core_gene	Y	Y		hypothetical protein	Uncharacterized Proteins			Strain-unique	1/5								PgCG_02427	ATCC33277	OHKNAD_01988		132	43	ATCC33277__OHKNAD_01988
PgCG_02428	core_gene	Y	Y		hypothetical protein	Uncharacterized Proteins			Strain-unique	1/5								PgCG_02428	TDC60	EGHGLF_00115		99	32	TDC60__EGHGLF_00115
PgCG_02429	core_gene	Y	Y		hypothetical protein	Uncharacterized Proteins			Strain-unique	1/5								PgCG_02429	TDC60	EGHGLF_00723	UniRef90_B2RKP1	225	74	TDC60__EGHGLF_00723
PgCG_02430	core_gene	Y	Y		hypothetical protein	Genetic Information Processing			Strain-unique	1/5								PgCG_02430	TDC60	EGHGLF_00738		774	257	TDC60__EGHGLF_00738
PgCG_02431	core_gene	Y	Y		hypothetical protein	Uncharacterized Proteins			Strain-unique	1/5								PgCG_02431	TDC60	EGHGLF_00803		225	74	TDC60__EGHGLF_00803
PgCG_02432	core_gene	Y	Y		hypothetical protein	Uncharacterized Proteins			Strain-unique	1/5								PgCG_02432	TDC60	EGHGLF_00805		123	40	TDC60__EGHGLF_00805
PgCG_02433	core_gene	Y	Y		hypothetical protein	Uncharacterized Proteins			Strain-unique	1/5								PgCG_02433	TDC60	EGHGLF_00806	UniRef90_UPI00020F0164	159	52	TDC60__EGHGLF_00806
PgCG_02434	core_gene	Y	Y		hypothetical protein	Uncharacterized Proteins			Strain-unique	1/5								PgCG_02434	TDC60	EGHGLF_01245		171	56	TDC60__EGHGLF_01245
PgCG_02435	core_gene	Y	Y		hypothetical protein	Uncharacterized Proteins			Strain-unique	1/5								PgCG_02435	TDC60	EGHGLF_01246		126	41	TDC60__EGHGLF_01246
PgCG_02436	core_gene	Y	Y		hypothetical protein	Uncharacterized Proteins			Strain-unique	1/5								PgCG_02436	TDC60	EGHGLF_01256	UniRef90_A0A0E2M817	513	170	TDC60__EGHGLF_01256
PgCG_02437	core_gene	Y	Y		hypothetical protein	Uncharacterized Proteins			Strain-unique	1/5								PgCG_02437	TDC60	EGHGLF_01269		441	146	TDC60__EGHGLF_01269
PgCG_02438	core_gene	Y	Y		hypothetical protein	Uncharacterized Proteins			Strain-unique	1/5								PgCG_02438	TDC60	EGHGLF_01270		240	79	TDC60__EGHGLF_01270
PgCG_02439	core_gene	Y	Y		hypothetical protein	Uncharacterized Proteins			Strain-unique	1/5								PgCG_02439	TDC60	EGHGLF_01274	UniRef90_UPI0007221784	168	55	TDC60__EGHGLF_01274
PgCG_02440	core_gene	Y	Y		hypothetical protein	Uncharacterized Proteins			Strain-unique	1/5								PgCG_02440	TDC60	EGHGLF_01281		351	116	TDC60__EGHGLF_01281
PgCG_02441	core_gene	Y	Y		hypothetical protein	Uncharacterized Proteins			Strain-unique	1/5								PgCG_02441	TDC60	EGHGLF_01291		603	200	TDC60__EGHGLF_01291
PgCG_02442	core_gene	Y	Y		hypothetical protein	Uncharacterized Proteins			Strain-unique	1/5								PgCG_02442	TDC60	EGHGLF_01330		465	154	TDC60__EGHGLF_01330
PgCG_02443	core_gene	Y	Y		hypothetical protein	Uncharacterized Proteins			Strain-unique	1/5								PgCG_02443	TDC60	EGHGLF_01690		501	166	TDC60__EGHGLF_01690
PgCG_02444	core_gene	Y	Y		hypothetical protein	Uncharacterized Proteins			Strain-unique	1/5								PgCG_02444	TDC60	EGHGLF_01728		207	68	TDC60__EGHGLF_01728
PgCG_02445	core_gene	Y	Y		hypothetical protein	Uncharacterized Proteins			Strain-unique	1/5								PgCG_02445	TDC60	EGHGLF_01744		285	94	TDC60__EGHGLF_01744
PgCG_02446	core_gene	Y	Y		hypothetical protein	Uncharacterized Proteins			Strain-unique	1/5								PgCG_02446	TDC60	EGHGLF_01777		225	74	TDC60__EGHGLF_01777
PgCG_02447	core_gene	Y	Y		hypothetical protein	Uncharacterized Proteins			Strain-unique	1/5								PgCG_02447	TDC60	EGHGLF_01781	UniRef90_UPI001C54C0A5	186	61	TDC60__EGHGLF_01781
PgCG_02448	core_gene	Y	Y		hypothetical protein	Uncharacterized Proteins			Strain-unique	1/5								PgCG_02448	TDC60	EGHGLF_01782		201	66	TDC60__EGHGLF_01782
PgCG_02449	core_gene	Y	Y		hypothetical protein	Uncharacterized Proteins			Strain-unique	1/5								PgCG_02449	TDC60	EGHGLF_01783	UniRef90_UPI00020F04DC	396	131	TDC60__EGHGLF_01783
PgCG_02450	core_gene	Y	Y		hypothetical protein	Uncharacterized Proteins			Strain-unique	1/5								PgCG_02450	TDC60	EGHGLF_01785	UniRef90_UPI00020F04DE	630	209	TDC60__EGHGLF_01785
PgCG_02451	core_gene	Y	Y		hypothetical protein	Uncharacterized Proteins			Strain-unique	1/5								PgCG_02451	TDC60	EGHGLF_01788	UniRef90_UPI0003AD5E8F	411	136	TDC60__EGHGLF_01788
PgCG_02452	core_gene	Y	Y		hypothetical protein	Uncharacterized Proteins			Strain-unique	1/5								PgCG_02452	W83	HCNEGF_01373	UniRef90_Q7MUL2	276	91	W83__HCNEGF_01373
PgCG_02453	core_gene	Y	Y		hypothetical protein	Surface Structures & Colonization			Strain-unique	1/5								PgCG_02453	A7436	EMNIEE_01998		681	226	A7436__EMNIEE_01998
PgCG_02454	core_gene	Y	Y		hypothetical protein	Uncharacterized Proteins			Strain-unique	1/5								PgCG_02454	AJW4	CELAOB_00824		195	64	AJW4__CELAOB_00824
PgCG_02455	core_gene	Y	Y		hypothetical protein	Uncharacterized Proteins			Strain-unique	1/5								PgCG_02455	AJW4	CELAOB_00827	UniRef90_UPI001B8D55EF	663	220	AJW4__CELAOB_00827
PgCG_02456	core_gene	Y	Y		hypothetical protein	Uncharacterized Proteins			Strain-unique	1/5								PgCG_02456	AJW4	CELAOB_00829		150	49	AJW4__CELAOB_00829
PgCG_02457	core_gene	Y	Y		hypothetical protein	Uncharacterized Proteins			Strain-unique	1/5								PgCG_02457	AJW4	CELAOB_00862		312	103	AJW4__CELAOB_00862
PgCG_02458	core_gene	Y	Y		hypothetical protein	Uncharacterized Proteins			Strain-unique	1/5								PgCG_02458	AJW4	CELAOB_00868		96	31	AJW4__CELAOB_00868
PgCG_02459	core_gene	Y	Y		hypothetical protein	Uncharacterized Proteins			Strain-unique	1/5								PgCG_02459	AJW4	CELAOB_00885		171	56	AJW4__CELAOB_00885
PgCG_02460	core_gene	Y	Y		hypothetical protein	Uncharacterized Proteins			Strain-unique	1/5								PgCG_02460	AJW4	CELAOB_00911	UniRef90_UPI00036B31C9	669	222	AJW4__CELAOB_00911
PgCG_02461	core_gene	Y	Y		hypothetical protein	Uncharacterized Proteins			Strain-unique	1/5								PgCG_02461	AJW4	CELAOB_00913	UniRef90_UPI0006AA288A	285	94	AJW4__CELAOB_00913
PgCG_02462	core_gene	Y	Y		hypothetical protein	Uncharacterized Proteins			Strain-unique	1/5								PgCG_02462	AJW4	CELAOB_00914		225	74	AJW4__CELAOB_00914
PgCG_02463	core_gene	Y	Y		hypothetical protein	Uncharacterized Proteins			Strain-unique	1/5								PgCG_02463	AJW4	CELAOB_01190		426	141	AJW4__CELAOB_01190
PgCG_02464	core_gene	Y	Y		hypothetical protein	Uncharacterized Proteins			Strain-unique	1/5								PgCG_02464	AJW4	CELAOB_01222		165	54	AJW4__CELAOB_01222
PgCG_02465	core_gene	Y	Y		hypothetical protein	Uncharacterized Proteins			Strain-unique	1/5								PgCG_02465	ATCC33277	OHKNAD_00020	UniRef90_B2RGP3	105	34	ATCC33277__OHKNAD_00020
PgCG_02466	core_gene	Y	Y		hypothetical protein	Uncharacterized Proteins			Strain-unique	1/5								PgCG_02466	ATCC33277	OHKNAD_00030	UniRef90_UPI001E560DAE	336	111	ATCC33277__OHKNAD_00030
PgCG_02467	core_gene	Y	Y		hypothetical protein	Uncharacterized Proteins			Strain-unique	1/5								PgCG_02467	ATCC33277	OHKNAD_00038		165	54	ATCC33277__OHKNAD_00038
PgCG_02468	core_gene	Y	Y		hypothetical protein	Uncharacterized Proteins			Strain-unique	1/5								PgCG_02468	ATCC33277	OHKNAD_00045		141	46	ATCC33277__OHKNAD_00045
PgCG_02469	core_gene	Y	Y		hypothetical protein	Uncharacterized Proteins			Strain-unique	1/5								PgCG_02469	ATCC33277	OHKNAD_00421		174	57	ATCC33277__OHKNAD_00421
PgCG_02470	core_gene	Y	Y		hypothetical protein	Uncharacterized Proteins			Strain-unique	1/5								PgCG_02470	ATCC33277	OHKNAD_00616		333	110	ATCC33277__OHKNAD_00616
PgCG_02471	core_gene	Y	Y		hypothetical protein	Uncharacterized Proteins			Strain-unique	1/5								PgCG_02471	ATCC33277	OHKNAD_00683	UniRef90_B2RIM7	927	308	ATCC33277__OHKNAD_00683
PgCG_02472	core_gene	Y	Y		hypothetical protein	Uncharacterized Proteins			Strain-unique	1/5								PgCG_02472	ATCC33277	OHKNAD_01196	UniRef90_B2RK35	870	289	ATCC33277__OHKNAD_01196
PgCG_02473	core_gene	Y	Y		hypothetical protein	Uncharacterized Proteins			Strain-unique	1/5								PgCG_02473	ATCC33277	OHKNAD_01197	UniRef90_B2RK36	645	214	ATCC33277__OHKNAD_01197
PgCG_02474	core_gene	Y	Y		hypothetical protein	Uncharacterized Proteins			Strain-unique	1/5								PgCG_02474	ATCC33277	OHKNAD_01200	UniRef90_B2RK39	531	176	ATCC33277__OHKNAD_01200
PgCG_02475	core_gene	Y	Y		hypothetical protein	Uncharacterized Proteins			Strain-unique	1/5								PgCG_02475	ATCC33277	OHKNAD_01236		138	45	ATCC33277__OHKNAD_01236
PgCG_02476	core_gene	Y	Y		hypothetical protein	Uncharacterized Proteins			Strain-unique	1/5								PgCG_02476	ATCC33277	OHKNAD_01310		435	144	ATCC33277__OHKNAD_01310
PgCG_02477	core_gene	Y	Y		hypothetical protein	Uncharacterized Proteins			Strain-unique	1/5								PgCG_02477	ATCC33277	OHKNAD_01868	UniRef90_B2RM24	126	41	ATCC33277__OHKNAD_01868
PgCG_02478	core_gene	Y	Y		hypothetical protein	Uncharacterized Proteins			Strain-unique	1/5								PgCG_02478	ATCC33277	OHKNAD_01869	UniRef90_UPI0006ECE1E4	483	160	ATCC33277__OHKNAD_01869
PgCG_02479	core_gene	Y	Y		hypothetical protein	Uncharacterized Proteins			Strain-unique	1/5								PgCG_02479	ATCC33277	OHKNAD_01880		297	98	ATCC33277__OHKNAD_01880
PgCG_02480	core_gene	Y	Y		hypothetical protein	Uncharacterized Proteins			Strain-unique	1/5								PgCG_02480	ATCC33277	OHKNAD_01901		294	97	ATCC33277__OHKNAD_01901
PgCG_02481	core_gene	Y	Y		hypothetical protein	Uncharacterized Proteins			Strain-unique	1/5								PgCG_02481	ATCC33277	OHKNAD_01925	UniRef90_B2RM86	1296	431	ATCC33277__OHKNAD_01925
PgCG_02482	core_gene	Y	Y		hypothetical protein	Uncharacterized Proteins			Strain-unique	1/5								PgCG_02482	TDC60	EGHGLF_00524		471	156	TDC60__EGHGLF_00524
PgCG_02483	core_gene	Y	Y		hypothetical protein	Uncharacterized Proteins			Strain-unique	1/5								PgCG_02483	TDC60	EGHGLF_00537		111	36	TDC60__EGHGLF_00537
PgCG_02484	core_gene	Y	Y		hypothetical protein	Uncharacterized Proteins			Strain-unique	1/5								PgCG_02484	TDC60	EGHGLF_00550	UniRef90_UPI00020F0039	171	56	TDC60__EGHGLF_00550
PgCG_02485	core_gene	Y	Y		hypothetical protein	Uncharacterized Proteins			Strain-unique	1/5								PgCG_02485	TDC60	EGHGLF_00578		549	182	TDC60__EGHGLF_00578
PgCG_02486	core_gene	Y	Y		hypothetical protein	Uncharacterized Proteins			Strain-unique	1/5								PgCG_02486	TDC60	EGHGLF_01150		780	259	TDC60__EGHGLF_01150
PgCG_02487	core_gene	Y	Y		hypothetical protein	Uncharacterized Proteins			Strain-unique	1/5								PgCG_02487	TDC60	EGHGLF_01159	UniRef90_UPI0011D2A63A	597	198	TDC60__EGHGLF_01159
PgCG_02488	core_gene	Y	Y		hypothetical protein	Uncharacterized Proteins			Strain-unique	1/5								PgCG_02488	TDC60	EGHGLF_01170		174	57	TDC60__EGHGLF_01170
PgCG_02489	core_gene	Y	Y		hypothetical protein	Uncharacterized Proteins			Strain-unique	1/5								PgCG_02489	TDC60	EGHGLF_01193		198	65	TDC60__EGHGLF_01193
PgCG_02490	core_gene	Y	Y		hypothetical protein	Uncharacterized Proteins			Strain-unique	1/5								PgCG_02490	TDC60	EGHGLF_01443		276	91	TDC60__EGHGLF_01443
PgCG_02491	core_gene	Y	Y		hypothetical protein	Uncharacterized Proteins			Strain-unique	1/5								PgCG_02491	TDC60	EGHGLF_01533	UniRef90_UPI00020F01FA	303	100	TDC60__EGHGLF_01533
PgCG_02492	core_gene	Y	Y		hypothetical protein	Uncharacterized Proteins			Strain-unique	1/5								PgCG_02492	TDC60	EGHGLF_01534	UniRef90_UPI001E5829AD	249	82	TDC60__EGHGLF_01534
PgCG_02493	core_gene	Y	Y		hypothetical protein	Uncharacterized Proteins			Strain-unique	1/5								PgCG_02493	TDC60	EGHGLF_01895		351	116	TDC60__EGHGLF_01895
PgCG_02494	core_gene	Y	Y		hypothetical protein	Uncharacterized Proteins			Strain-unique	1/5								PgCG_02494	TDC60	EGHGLF_01904		156	51	TDC60__EGHGLF_01904
PgCG_02495	core_gene	Y	Y		hypothetical protein	Uncharacterized Proteins			Strain-unique	1/5								PgCG_02495	TDC60	EGHGLF_01910		174	57	TDC60__EGHGLF_01910
PgCG_02496	core_gene	Y	Y		hypothetical protein	Surface Structures & Colonization			Strain-unique	1/5								PgCG_02496	W83	HCNEGF_00169		354	117	W83__HCNEGF_00169
PgCG_02497	core_gene	Y	Y		hypothetical protein	Uncharacterized Proteins			Strain-unique	1/5								PgCG_02497	W83	HCNEGF_00578		897	298	W83__HCNEGF_00578
PgCG_02498	core_gene	Y	Y		hypothetical protein	Uncharacterized Proteins			Strain-unique	1/5								PgCG_02498	W83	HCNEGF_00976	UniRef90_Q7MV90	153	50	W83__HCNEGF_00976
PgCG_02499	core_gene	Y	Y		hypothetical protein	Uncharacterized Proteins			Strain-unique	1/5								PgCG_02499	W83	HCNEGF_00989		120	39	W83__HCNEGF_00989
PgCG_02500	core_gene	Y	Y		hypothetical protein	Metabolic Homeostasis			Strain-unique	1/5								PgCG_02500	W83	HCNEGF_01005		147	48	W83__HCNEGF_01005
PgCG_02501	core_gene	Y	Y		hypothetical protein	Uncharacterized Proteins			Strain-unique	1/5								PgCG_02501	W83	HCNEGF_01055	UniRef90_V8CRC6	420	139	W83__HCNEGF_01055
PgCG_02502	core_gene	Y	Y		hypothetical protein	Secretion & Molecular Export			Strain-unique	1/5								PgCG_02502	W83	HCNEGF_01546		213	70	W83__HCNEGF_01546
PgCG_02503	core_gene	Y	Y		hypothetical protein	Uncharacterized Proteins			Strain-unique	1/5								PgCG_02503	W83	HCNEGF_01754		162	53	W83__HCNEGF_01754
PgCG_02504	core_gene	Y	Y		hypothetical protein	Uncharacterized Proteins			Strain-unique	1/5								PgCG_02504	W83	HCNEGF_01755		309	102	W83__HCNEGF_01755
PgCG_02505	core_gene	Y	Y		hypothetical protein	Uncharacterized Proteins			Strain-unique	1/5								PgCG_02505	A7436	EMNIEE_00957		120	39	A7436__EMNIEE_00957
PgCG_02506	core_gene	Y	Y		hypothetical protein	Uncharacterized Proteins			Strain-unique	1/5								PgCG_02506	AJW4	CELAOB_00225		387	128	AJW4__CELAOB_00225
PgCG_02507	core_gene	Y	Y		hypothetical protein	Uncharacterized Proteins			Strain-unique	1/5								PgCG_02507	AJW4	CELAOB_00230		267	88	AJW4__CELAOB_00230
PgCG_02508	core_gene	Y	Y		hypothetical protein	Uncharacterized Proteins			Strain-unique	1/5								PgCG_02508	AJW4	CELAOB_00235		186	61	AJW4__CELAOB_00235
PgCG_02509	core_gene	Y	Y		hypothetical protein	Uncharacterized Proteins			Strain-unique	1/5								PgCG_02509	AJW4	CELAOB_00507		285	94	AJW4__CELAOB_00507
PgCG_02510	core_gene	Y	Y		hypothetical protein	Uncharacterized Proteins			Strain-unique	1/5								PgCG_02510	AJW4	CELAOB_00518		144	47	AJW4__CELAOB_00518
PgCG_02511	core_gene	Y	Y		hypothetical protein	Uncharacterized Proteins			Strain-unique	1/5								PgCG_02511	AJW4	CELAOB_00580		123	40	AJW4__CELAOB_00580
PgCG_02512	core_gene	Y	Y		hypothetical protein	Uncharacterized Proteins			Strain-unique	1/5								PgCG_02512	AJW4	CELAOB_00585		159	52	AJW4__CELAOB_00585
PgCG_02513	core_gene	Y	Y		hypothetical protein	Uncharacterized Proteins			Strain-unique	1/5								PgCG_02513	AJW4	CELAOB_00090	UniRef90_UPI0006BCDCC2	492	163	AJW4__CELAOB_00090
PgCG_02514	core_gene	Y	Y		hypothetical protein	Uncharacterized Proteins			Strain-unique	1/5								PgCG_02514	AJW4	CELAOB_00630	UniRef90_UPI00069127BF	711	236	AJW4__CELAOB_00630
PgCG_02515	core_gene	Y	Y		hypothetical protein	Uncharacterized Proteins			Strain-unique	1/5								PgCG_02515	AJW4	CELAOB_00670	UniRef90_UPI0006AA58E4	1284	427	AJW4__CELAOB_00670
PgCG_02516	core_gene	Y	Y		hypothetical protein	Uncharacterized Proteins			Strain-unique	1/5								PgCG_02516	AJW4	CELAOB_00686		207	68	AJW4__CELAOB_00686
PgCG_02517	core_gene	Y	Y		hypothetical protein	Uncharacterized Proteins			Strain-unique	1/5								PgCG_02517	AJW4	CELAOB_01357		453	150	AJW4__CELAOB_01357
PgCG_02518	core_gene	Y	Y		hypothetical protein	Uncharacterized Proteins			Strain-unique	1/5								PgCG_02518	AJW4	CELAOB_01373	UniRef90_A0A7W5UHG5	213	70	AJW4__CELAOB_01373
PgCG_02519	core_gene	Y	Y		hypothetical protein	Uncharacterized Proteins			Strain-unique	1/5								PgCG_02519	AJW4	CELAOB_01375	UniRef90_U2JK17	204	67	AJW4__CELAOB_01375
PgCG_02520	core_gene	Y	Y		hypothetical protein	Uncharacterized Proteins			Strain-unique	1/5								PgCG_02520	AJW4	CELAOB_01380		204	67	AJW4__CELAOB_01380
PgCG_02521	core_gene	Y	Y		hypothetical protein	Uncharacterized Proteins			Strain-unique	1/5								PgCG_02521	AJW4	CELAOB_01409	UniRef90_A0AB34PHK6	1314	437	AJW4__CELAOB_01409
PgCG_02522	core_gene	Y	Y		hypothetical protein	Uncharacterized Proteins			Strain-unique	1/5								PgCG_02522	AJW4	CELAOB_01974		414	137	AJW4__CELAOB_01974
PgCG_02523	core_gene	Y	Y		hypothetical protein	Uncharacterized Proteins			Strain-unique	1/5								PgCG_02523	AJW4	CELAOB_02022		258	85	AJW4__CELAOB_02022
PgCG_02524	core_gene	Y	Y		hypothetical protein	Uncharacterized Proteins			Strain-unique	1/5								PgCG_02524	AJW4	CELAOB_02033		144	47	AJW4__CELAOB_02033
PgCG_02525	core_gene	Y	Y		hypothetical protein	Uncharacterized Proteins			Strain-unique	1/5								PgCG_02525	ATCC33277	OHKNAD_00125		219	72	ATCC33277__OHKNAD_00125
PgCG_02526	core_gene	Y	Y		hypothetical protein	Uncharacterized Proteins			Strain-unique	1/5								PgCG_02526	ATCC33277	OHKNAD_00136		291	96	ATCC33277__OHKNAD_00136
PgCG_02527	core_gene	Y	Y		hypothetical protein	Uncharacterized Proteins			Strain-unique	1/5								PgCG_02527	ATCC33277	OHKNAD_00161		186	61	ATCC33277__OHKNAD_00161
PgCG_02528	core_gene	Y	Y		hypothetical protein	Uncharacterized Proteins			Strain-unique	1/5								PgCG_02528	ATCC33277	OHKNAD_00164		135	44	ATCC33277__OHKNAD_00164
PgCG_02529	core_gene	Y	Y		hypothetical protein	Uncharacterized Proteins			Strain-unique	1/5								PgCG_02529	ATCC33277	OHKNAD_00165		156	51	ATCC33277__OHKNAD_00165
PgCG_02530	core_gene	Y	Y		hypothetical protein	Uncharacterized Proteins			Strain-unique	1/5								PgCG_02530	ATCC33277	OHKNAD_00968		279	92	ATCC33277__OHKNAD_00968
PgCG_02531	core_gene	Y	Y		hypothetical protein	Uncharacterized Proteins			Strain-unique	1/5								PgCG_02531	ATCC33277	OHKNAD_01317		207	68	ATCC33277__OHKNAD_01317
PgCG_02532	core_gene	Y	Y		hypothetical protein	Uncharacterized Proteins			Strain-unique	1/5								PgCG_02532	ATCC33277	OHKNAD_01333	UniRef90_B2RKF5	309	102	ATCC33277__OHKNAD_01333
PgCG_02533	core_gene	Y	Y		hypothetical protein	Uncharacterized Proteins			Strain-unique	1/5								PgCG_02533	ATCC33277	OHKNAD_01413		507	168	ATCC33277__OHKNAD_01413
PgCG_02534	core_gene	Y	Y		hypothetical protein	Uncharacterized Proteins			Strain-unique	1/5								PgCG_02534	ATCC33277	OHKNAD_01418		195	64	ATCC33277__OHKNAD_01418
PgCG_02535	core_gene	Y	Y		hypothetical protein	Uncharacterized Proteins			Strain-unique	1/5								PgCG_02535	TDC60	EGHGLF_00028		147	48	TDC60__EGHGLF_00028
PgCG_02536	core_gene	Y	Y		hypothetical protein	Uncharacterized Proteins			Strain-unique	1/5								PgCG_02536	TDC60	EGHGLF_00197	UniRef90_UPI00020F0183	294	97	TDC60__EGHGLF_00197
PgCG_02537	core_gene	Y	Y		hypothetical protein	Uncharacterized Proteins			Strain-unique	1/5								PgCG_02537	TDC60	EGHGLF_00225	UniRef90_UPI0002E9DC9B	432	143	TDC60__EGHGLF_00225
PgCG_02538	core_gene	Y	Y		hypothetical protein	Uncharacterized Proteins			Strain-unique	1/5								PgCG_02538	TDC60	EGHGLF_00280		183	60	TDC60__EGHGLF_00280
PgCG_02539	core_gene	Y	Y		hypothetical protein	Uncharacterized Proteins			Strain-unique	1/5								PgCG_02539	TDC60	EGHGLF_00282	UniRef90_UPI0006C2CDF8	1314	437	TDC60__EGHGLF_00282
PgCG_02540	core_gene	Y	Y		hypothetical protein	Uncharacterized Proteins			Strain-unique	1/5								PgCG_02540	TDC60	EGHGLF_00825		153	50	TDC60__EGHGLF_00825
PgCG_02541	core_gene	Y	Y		hypothetical protein	Uncharacterized Proteins			Strain-unique	1/5								PgCG_02541	TDC60	EGHGLF_00848	UniRef90_A0A0E2LSK5	153	50	TDC60__EGHGLF_00848
PgCG_02542	core_gene	Y	Y		hypothetical protein	Uncharacterized Proteins			Strain-unique	1/5								PgCG_02542	TDC60	EGHGLF_00918	UniRef90_UPI000C180B33	1317	438	TDC60__EGHGLF_00918
PgCG_02543	core_gene	Y	Y		hypothetical protein	Uncharacterized Proteins			Strain-unique	1/5								PgCG_02543	TDC60	EGHGLF_00920	UniRef90_UPI00020EFFAD	429	142	TDC60__EGHGLF_00920
PgCG_02544	core_gene	Y	Y		hypothetical protein	Uncharacterized Proteins			Strain-unique	1/5								PgCG_02544	TDC60	EGHGLF_00922		132	43	TDC60__EGHGLF_00922
PgCG_02545	core_gene	Y	Y		hypothetical protein	Uncharacterized Proteins			Strain-unique	1/5								PgCG_02545	TDC60	EGHGLF_00925	UniRef90_UPI00020EFFA8	756	251	TDC60__EGHGLF_00925
PgCG_02546	core_gene	Y	Y		hypothetical protein	Uncharacterized Proteins			Strain-unique	1/5								PgCG_02546	TDC60	EGHGLF_00926	UniRef90_UPI0005C6A8DF	441	146	TDC60__EGHGLF_00926
PgCG_02547	core_gene	Y	Y		hypothetical protein	Uncharacterized Proteins			Strain-unique	1/5								PgCG_02547	TDC60	EGHGLF_00927	UniRef90_UPI00020EFFA7	1029	342	TDC60__EGHGLF_00927
PgCG_02548	core_gene	Y	Y		hypothetical protein	Uncharacterized Proteins			Strain-unique	1/5								PgCG_02548	TDC60	EGHGLF_01014	UniRef90_UPI000C19C51F	1287	428	TDC60__EGHGLF_01014
PgCG_02549	core_gene	Y	Y		hypothetical protein	Uncharacterized Proteins			Strain-unique	1/5								PgCG_02549	TDC60	EGHGLF_01964		300	99	TDC60__EGHGLF_01964
PgCG_02550	core_gene	Y	Y		hypothetical protein	Uncharacterized Proteins			Strain-unique	1/5								PgCG_02550	TDC60	EGHGLF_01970		645	214	TDC60__EGHGLF_01970
PgCG_02551	core_gene	Y	Y		hypothetical protein	Uncharacterized Proteins			Strain-unique	1/5								PgCG_02551	TDC60	EGHGLF_01983		426	141	TDC60__EGHGLF_01983
PgCG_02552	core_gene	Y	Y		hypothetical protein	Uncharacterized Proteins			Strain-unique	1/5								PgCG_02552	TDC60	EGHGLF_01984	UniRef90_UPI001E539C4D	411	136	TDC60__EGHGLF_01984
PgCG_02553	core_gene	Y	Y		hypothetical protein	Uncharacterized Proteins			Strain-unique	1/5								PgCG_02553	W83	HCNEGF_00109		126	41	W83__HCNEGF_00109
PgCG_02554	core_gene	Y	Y		hypothetical protein	Uncharacterized Proteins			Strain-unique	1/5								PgCG_02554	W83	HCNEGF_01305		279	92	W83__HCNEGF_01305
PgCG_02555	core_gene	Y	Y		hypothetical protein	Uncharacterized Proteins			Strain-unique	1/5								PgCG_02555	W83	HCNEGF_01316	UniRef90_H1Q1A3	429	142	W83__HCNEGF_01316
PgCG_02556	core_gene	Y	Y		hypothetical protein	Uncharacterized Proteins			Strain-unique	1/5								PgCG_02556	W83	HCNEGF_01319		363	120	W83__HCNEGF_01319
PgCG_02557	core_gene	Y	Y		KAP NTPase domain-containing protein	Uncharacterized Proteins			Strain-unique	1/5								PgCG_02557	ATCC33277	OHKNAD_01062	UniRef90_B2RJP8	1371	456	ATCC33277__OHKNAD_01062
PgCG_02558	core_gene	Y	Y		LA2681 family HEPN domain-containing protein	Uncharacterized Proteins			Strain-unique	1/5								PgCG_02558	AJW4	CELAOB_01017	UniRef90_A0AAE9X4Z1	1521	506	AJW4__CELAOB_01017
PgCG_02559	core_gene	Y	Y		Leucine-binding protein domain-containing protein	Uncharacterized Proteins			Strain-unique	1/5								PgCG_02559	ATCC33277	OHKNAD_01330	UniRef90_B2RKF2	1122	373	ATCC33277__OHKNAD_01330
PgCG_02560	core_gene	Y	Y		leucine-rich repeat domain-containing protein	Uncharacterized Proteins			Strain-unique	1/5								PgCG_02560	AJW4	CELAOB_01448	UniRef90_UPI0003FD17E3	990	329	AJW4__CELAOB_01448
PgCG_02561	core_gene	Y	Y		leucine-rich repeat domain-containing protein	Uncharacterized Proteins			Strain-unique	1/5								PgCG_02561	AJW4	CELAOB_01835	UniRef90_UPI0003AD5FDB	984	327	AJW4__CELAOB_01835
PgCG_02562	core_gene	Y	Y		leucine-rich repeat protein	Uncharacterized Proteins			Strain-unique	1/5								PgCG_02562	TDC60	EGHGLF_01754	UniRef90_UPI00020F0472	4155	1384	TDC60__EGHGLF_01754
PgCG_02563	core_gene	Y	Y		Lipocalin-like domain-containing protein	Uncharacterized Proteins			Strain-unique	1/5								PgCG_02563	TDC60	EGHGLF_01780	UniRef90_A0A0E2LRR6	456	151	TDC60__EGHGLF_01780
PgCG_02564	core_gene	Y	Y		LOG family protein	Uncharacterized Proteins			Strain-unique	1/5								PgCG_02564	ATCC33277	OHKNAD_01055	UniRef90_UPI000974FDA0	504	167	ATCC33277__OHKNAD_01055
PgCG_02565	core_gene	Y	Y		Major facilitator superfamily MFS_1	Uncharacterized Proteins			Strain-unique	1/5								PgCG_02565	AJW4	CELAOB_02027		333	110	AJW4__CELAOB_02027
PgCG_02566	core_gene	Y	Y		Metallo-beta-lactamase domain-containing protein	Uncharacterized Proteins			Strain-unique	1/5								PgCG_02566	TDC60	EGHGLF_00519	UniRef90_UPI0002FC7743	1110	369	TDC60__EGHGLF_00519
PgCG_02567	core_gene	Y	Y		Methylase-associated X1 domain-containing protein	Uncharacterized Proteins			Strain-unique	1/5								PgCG_02567	AJW4	CELAOB_00418	UniRef90_UPI0006BC1697	1455	484	AJW4__CELAOB_00418
PgCG_02568	core_gene	Y	Y		Miro-like protein	Uncharacterized Proteins			Strain-unique	1/5								PgCG_02568	AJW4	CELAOB_01684		3330	1109	AJW4__CELAOB_01684
PgCG_02569	core_gene	Y	Y		N-6 DNA methylase	Uncharacterized Proteins			Strain-unique	1/5								PgCG_02569	TDC60	EGHGLF_00539	UniRef90_UPI00020F0407	2280	759	TDC60__EGHGLF_00539
PgCG_02570	core_gene	Y	Y		Natural product, GG-Bacteroidales family	Uncharacterized Proteins			Strain-unique	1/5								PgCG_02570	A7436	EMNIEE_00667	UniRef90_A0A2M8M6L6	192	63	A7436__EMNIEE_00667
PgCG_02571	core_gene	Y	Y		NERD domain-containing protein	Uncharacterized Proteins			Strain-unique	1/5								PgCG_02571	TDC60	EGHGLF_00576	UniRef90_A0AAE9XAS5	1119	372	TDC60__EGHGLF_00576
PgCG_02572	core_gene	Y	Y		ORC1/DEAH AAA+ ATPase domain-containing protein	Uncharacterized Proteins			Strain-unique	1/5								PgCG_02572	ATCC33277	OHKNAD_00561	UniRef90_B2RIA4	5613	1870	ATCC33277__OHKNAD_00561
PgCG_02573	core_gene	Y	Y		outer membrane beta-barrel family protein	Uncharacterized Proteins			Strain-unique	1/5								PgCG_02573	A7436	EMNIEE_00670	UniRef90_UPI0002AEADF5	1593	530	A7436__EMNIEE_00670
PgCG_02574	core_gene	Y	Y		outer membrane beta-barrel protein	Uncharacterized Proteins			Strain-unique	1/5								PgCG_02574	TDC60	EGHGLF_00547	UniRef90_UPI00020F0035	597	198	TDC60__EGHGLF_00547
PgCG_02575	core_gene	Y	Y		PD-(D/E)XK motif protein	Uncharacterized Proteins			Strain-unique	1/5								PgCG_02575	AJW4	CELAOB_00419	UniRef90_A0A660NYT8	990	329	AJW4__CELAOB_00419
PgCG_02576	core_gene	Y	Y		PF13338 domain protein	Uncharacterized Proteins			Strain-unique	1/5								PgCG_02576	AJW4	CELAOB_01823	UniRef90_U2CF53	606	201	AJW4__CELAOB_01823
PgCG_02577	core_gene	Y	Y		PF14130 domain protein	Uncharacterized Proteins			Strain-unique	1/5								PgCG_02577	W83	HCNEGF_01315	UniRef90_Q7MW26	1263	420	W83__HCNEGF_01315
PgCG_02578	core_gene	Y	Y		PH domain-containing protein	Uncharacterized Proteins			Strain-unique	1/5								PgCG_02578	W83	HCNEGF_01376	UniRef90_Q7MUK9	465	154	W83__HCNEGF_01376
PgCG_02579	core_gene	Y	Y		Putative ATP-binding protein	Uncharacterized Proteins			Strain-unique	1/5								PgCG_02579	ATCC33277	OHKNAD_01198	UniRef90_B2RK37	3192	1063	ATCC33277__OHKNAD_01198
PgCG_02580	core_gene	Y	Y		Putative DNA methylase	Uncharacterized Proteins			Strain-unique	1/5								PgCG_02580	ATCC33277	OHKNAD_01063	UniRef90_B2RJQ0	3393	1130	ATCC33277__OHKNAD_01063
PgCG_02581	core_gene	Y	Y		Putative Fic family protein	Uncharacterized Proteins			Strain-unique	1/5								PgCG_02581	ATCC33277	OHKNAD_00574	UniRef90_B2RIB4	1059	352	ATCC33277__OHKNAD_00574
PgCG_02582	core_gene	Y	Y		Putative partial excisionase	Uncharacterized Proteins			Strain-unique	1/5								PgCG_02582	ATCC33277	OHKNAD_00901	UniRef90_B2RJ94	138	45	ATCC33277__OHKNAD_00901
PgCG_02583	core_gene	Y	Y		Radical SAM core domain-containing protein	Uncharacterized Proteins			Strain-unique	1/5								PgCG_02583	A7436	EMNIEE_00668	UniRef90_A0A2M8M6M8	1332	443	A7436__EMNIEE_00668
PgCG_02584	core_gene	Y	Y		Radical SAM core domain-containing protein	Uncharacterized Proteins			Strain-unique	1/5								PgCG_02584	ATCC33277	OHKNAD_01058	UniRef90_B2RJP4	1017	338	ATCC33277__OHKNAD_01058
PgCG_02585	core_gene	Y	Y		RHS repeat-associated core domain protein	Uncharacterized Proteins			Strain-unique	1/5								PgCG_02585	TDC60	EGHGLF_01779	UniRef90_A0A0E2LSD6	1401	466	TDC60__EGHGLF_01779
PgCG_02586	core_gene	Y	Y		RHS repeat-associated core domain protein	Uncharacterized Proteins			Strain-unique	1/5								PgCG_02586	W83	HCNEGF_01375	UniRef90_A0A2U1FME7	915	304	W83__HCNEGF_01375
PgCG_02587	core_gene	Y	Y		RHS repeat-associated core domain-containing protein	Uncharacterized Proteins			Strain-unique	1/5								PgCG_02587	ATCC33277	OHKNAD_01793	UniRef90_B2RLU5	1398	465	ATCC33277__OHKNAD_01793
PgCG_02588	core_gene	Y	Y		RHS repeat-associated core domain-containing protein	Uncharacterized Proteins			Strain-unique	1/5								PgCG_02588	TDC60	EGHGLF_01775	UniRef90_UPI00020F04D5	6324	2107	TDC60__EGHGLF_01775
PgCG_02589	core_gene	Y	Y		RHS repeat-associated protein	Uncharacterized Proteins			Strain-unique	1/5								PgCG_02589	ATCC33277	OHKNAD_01790	UniRef90_B2RLU2	6258	2085	ATCC33277__OHKNAD_01790
PgCG_02590	core_gene	Y	Y		RNA-binding domain-containing protein	Uncharacterized Proteins			Strain-unique	1/5								PgCG_02590	TDC60	EGHGLF_00638	UniRef90_UPI00097500D9	1728	575	TDC60__EGHGLF_00638
PgCG_02591	core_gene	Y	Y		Sce7726 family protein	Uncharacterized Proteins			Strain-unique	1/5								PgCG_02591	AJW4	CELAOB_00687	UniRef90_A0A2D3N8U4	549	182	AJW4__CELAOB_00687
PgCG_02592	core_gene	Y	Y		Schlafen AlbA-2 domain-containing protein	Uncharacterized Proteins			Strain-unique	1/5								PgCG_02592	ATCC33277	OHKNAD_00912	UniRef90_B2RJA5	780	259	ATCC33277__OHKNAD_00912
PgCG_02593	core_gene	Y	Y		SH3b domain-containing protein	Uncharacterized Proteins			Strain-unique	1/5								PgCG_02593	ATCC33277	OHKNAD_01502	UniRef90_B2RKY1	540	179	ATCC33277__OHKNAD_01502
PgCG_02594	core_gene	Y	Y		SIR2-like domain-containing protein	Uncharacterized Proteins			Strain-unique	1/5								PgCG_02594	ATCC33277	OHKNAD_01228	UniRef90_B2RK70	4152	1383	ATCC33277__OHKNAD_01228
PgCG_02595	core_gene	Y	Y		SIR2-like domain-containing protein	Uncharacterized Proteins			Strain-unique	1/5								PgCG_02595	W83	HCNEGF_01056	UniRef90_Q7MVF7	1263	420	W83__HCNEGF_01056
PgCG_02596	core_gene	Y	Y		SIR2-like domain-containing protein	Uncharacterized Proteins			Strain-unique	1/5								PgCG_02596	AJW4	CELAOB_00706	UniRef90_E0NVR1	2424	807	AJW4__CELAOB_00706
PgCG_02597	core_gene	Y	Y		SIR2-like domain-containing protein	Uncharacterized Proteins			Strain-unique	1/5								PgCG_02597	ATCC33277	OHKNAD_00908	UniRef90_B2RJA2	1209	402	ATCC33277__OHKNAD_00908
PgCG_02598	core_gene	Y	Y		Starch-binding protein, SusD-like family	Uncharacterized Proteins			Strain-unique	1/5								PgCG_02598	AJW4	CELAOB_00176	UniRef90_A0A0A2FAT7	1518	505	AJW4__CELAOB_00176
PgCG_02599	core_gene	Y	Y		T9SS type A sorting domain-containing protein	Surface Structures & Colonization			Strain-unique	1/5								PgCG_02599	TDC60	EGHGLF_01455	UniRef90_UPI001F1FCAC2	4020	1339	TDC60__EGHGLF_01455
PgCG_02600	core_gene	Y	Y		TIR domain-containing protein	Uncharacterized Proteins			Strain-unique	1/5								PgCG_02600	ATCC33277	OHKNAD_01768	UniRef90_B2RLS0	3378	1125	ATCC33277__OHKNAD_01768
PgCG_02601	core_gene	Y	Y		TIR domain-containing protein	Uncharacterized Proteins	S	COG4916	Strain-unique	1/5								PgCG_02601	W83	HCNEGF_00345	UniRef90_Q7MX37	1473	490	W83__HCNEGF_00345
PgCG_02602	core_gene	Y	Y		TIR domain-containing protein	Uncharacterized Proteins			Strain-unique	1/5								PgCG_02602	A7436	EMNIEE_00700	UniRef90_A0A2M8TT18	696	231	A7436__EMNIEE_00700
PgCG_02603	core_gene	Y	Y		TIR domain-containing protein	Uncharacterized Proteins	S	COG4916	Strain-unique	1/5								PgCG_02603	A7436	EMNIEE_01539	UniRef90_Q7MX37	675	224	A7436__EMNIEE_01539
PgCG_02604	core_gene	Y	Y		TIR domain-containing protein	Uncharacterized Proteins	S	COG4916	Strain-unique	1/5								PgCG_02604	A7436	EMNIEE_01540	UniRef90_Q7MX37	642	213	A7436__EMNIEE_01540
PgCG_02605	core_gene	Y	Y		toprim domain-containing protein	Uncharacterized Proteins			Strain-unique	1/5								PgCG_02605	TDC60	EGHGLF_00515	UniRef90_UPI00020F03EE	948	315	TDC60__EGHGLF_00515
PgCG_02606	core_gene	Y	Y	ywqK	toxin-antitoxin system YwqK family antitoxin	Uncharacterized Proteins			Strain-unique	1/5								PgCG_02606	AJW4	CELAOB_00206	UniRef90_UPI0006BDB04E	1050	349	AJW4__CELAOB_00206
PgCG_02607	core_gene	Y	Y	traG	TraG P-loop domain-containing protein	Uncharacterized Proteins			Strain-unique	1/5								PgCG_02607	ATCC33277	OHKNAD_00584	UniRef90_B2RIC4	468	155	ATCC33277__OHKNAD_00584
PgCG_02608	core_gene	Y	Y		type II toxin-antitoxin system death-on-curing family toxin	Uncharacterized Proteins			Strain-unique	1/5								PgCG_02608	TDC60	EGHGLF_00532	UniRef90_UPI00020F0401	480	159	TDC60__EGHGLF_00532
PgCG_02609	core_gene	Y	Y		Type IV secretion protein Rhs	Uncharacterized Proteins			Strain-unique	1/5								PgCG_02609	ATCC33277	OHKNAD_01795	UniRef90_B2RLU8	312	103	ATCC33277__OHKNAD_01795
PgCG_02610	core_gene	Y	Y	rhuM	Uncharacterized protein RhuM, Salmonella virulence factor	Uncharacterized Proteins	S	COG3943	Strain-unique	1/5								PgCG_02610	W83	HCNEGF_01050	UniRef90_UPI0002FFBCCF	390	129	W83__HCNEGF_01050
PgCG_02611	core_gene	Y	Y		Virulence-associated protein E-like domain-containing protein	Uncharacterized Proteins	X	COG5545	Strain-unique	1/5								PgCG_02611	ATCC33277	OHKNAD_00902	UniRef90_B2RJ96	1206	401	ATCC33277__OHKNAD_00902
PgCG_02612	core_gene	Y	Y		Virulence-associated protein E-like domain-containing protein	Uncharacterized Proteins	X	COG5545	Strain-unique	1/5								PgCG_02612	AJW4	CELAOB_00699	UniRef90_L1NCF9	1215	404	AJW4__CELAOB_00699
PgCG_02613	core_gene	Y	Y		Virulence-associated protein E-like domain-containing protein	Uncharacterized Proteins			Strain-unique	1/5								PgCG_02613	AJW4	CELAOB_01372	UniRef90_A0A5M4B8J4	1191	396	AJW4__CELAOB_01372
PgCG_02614	core_gene	Y	Y	yhcG	YhcG family protein	Uncharacterized Proteins			Strain-unique	1/5								PgCG_02614	TDC60	EGHGLF_00520	UniRef90_UPI00020F03F3	1269	422	TDC60__EGHGLF_00520
PgCG_02615	core_gene	Y	Y		Zinc finger CHC2-type domain-containing protein	Uncharacterized Proteins			Strain-unique	1/5								PgCG_02615	AJW4	CELAOB_00700	UniRef90_C9MM44	891	296	AJW4__CELAOB_00700
PgCG_02616	core_gene	Y	Y	dnaG	Zinc finger CHC2-type domain-containing protein	Uncharacterized Proteins	L	COG0358	Strain-unique	1/5								PgCG_02616	ATCC33277	OHKNAD_00903	UniRef90_G8UMW7	891	296	ATCC33277__OHKNAD_00903
VFA_001	VF_allele	Y	Y	ahpC	alkyl hydroperoxide reductase subunit C	Environmental Stress & Defense	V	COG0450	Core	5/5	Y	ahpC	ox_stress	T1	9			PgCG_00079	A7436	EMNIEE_01328	Q7MWJ2	567	188	pgvfdb~~~ox_stress__ahpC__allele1~~~19Pg9+A7436+A7436-C+A7A1-28+AJW4+ATCC49417_v2+COM30Pg+GMU202011+HG1691+HG1691old+JCM_19600+KCOM_2796+KCOM_2799+KCOM_3001+KCOM_3131+LYG1+LYG2+LyEC01+LyEC02+Pg193+PgM52+Pg_381+Pg_K5+W50+atcc33277+atcc49417+grey_iso+tdc60+w83+yellow_iso~~~alkyl_hydroperoxide_reductase_subunit_C
VFA_002	VF_allele	Y	Y	ahpF	alkyl hydroperoxide reductase subunit F	Environmental Stress & Defense	V	COG3634	Core	5/5	Y	ahpF	ox_stress	T2	24			PgCG_00081	A7436	EMNIEE_01327	A0AAF0BCZ2	1548	515	pgvfdb~~~ox_stress__ahpF__allele1~~~19Pg9+A7436+A7436-C+A7A1-28+AJW4+ATCC49417_v2+COM30Pg+GMU202011+HG1691+HG1691old+JCM_19600+KCOM_2796+KCOM_2799+KCOM_3001+KCOM_3131+LYG1+LYG2+LyEC01+LyEC02+Pg193+PgM52+Pg_381+Pg_K5+W50+atcc33277+atcc49417+grey_iso+tdc60+w83+yellow_iso~~~alkyl_hydroperoxide_reductase_subunit_F
VFA_003	VF_allele	Y	Y	bamA	outer membrane protein assembly factor BamA	Cell Envelope & Morphogenesis	M	COG4775	Core	5/5	Y	bamA	OM_assembly	T3	25			PgCG_00047	HG1691	DFFMHE_00246	A0A0A2F876	2676	891	pgvfdb~~~OM_assembly__bamA__allele1~~~19Pg9+A7436+A7436-C+A7A1-28+AJW4+ATCC49417_v2+COM30Pg+GMU202011+HG1691+HG1691old+JCM_19600+KCOM_2796+KCOM_2799+KCOM_3001+KCOM_3131+LYG1+LYG2+LyEC01+LyEC02+Pg193+PgM52+Pg_381+Pg_K5+W50+atcc33277+atcc49417+grey_iso+tdc60+w83+yellow_iso~~~outer_membrane_protein_assembly_factor_BamA
VFA_004	VF_allele	Y	Y	bamA	Bacterial surface antigen (D15) domain-containing protein	Uncharacterized Proteins	M	COG4775	Core	5/5	Y	bamA	OM_assembly	T3	9			PgCG_01218	LYG1	DDLCJE_01384	B2RJE7	2325	774	pgvfdb~~~OM_assembly__bamA__allele2~~~A7436+AJW4+GMU202011+HG1691+LYG1+LYG2+LyEC01+LyEC02+atcc33277+atcc49417+tdc60+w83~~~Bacterial_surface_antigen_(D15)_domain-containing_protein
VFA_005	VF_allele	Y	Y	bamA	Bacterial surface antigen (D15) domain-containing protein	Uncharacterized Proteins	M	COG4775	Core	5/5	Y	bamA	OM_assembly	T3	9			PgCG_01217	LyEC01	JMNHIK_00133	B2RH21	2328	775	pgvfdb~~~OM_assembly__bamA__allele3~~~A7436+AJW4+GMU202011+HG1691+LYG1+LYG2+LyEC01+LyEC02+atcc33277+atcc49417+tdc60+w83~~~Bacterial_surface_antigen_(D15)_domain-containing_protein
VFA_006	VF_allele	Y	Y	batA	BatA protein	Environmental Stress & Defense	H	COG1240	Core	5/5	Y	batA	ox_stress	T2	16			PgCG_00082	AJW4	CELAOB_00402	Q7MUE6	984	327	pgvfdb~~~ox_stress__batA__allele1~~~19Pg9+A7436+A7436-C+A7A1-28+AJW4+ATCC49417_v2+COM30Pg+GMU202011+HG1691+HG1691old+JCM_19600+KCOM_2796+KCOM_2799+KCOM_3001+KCOM_3131+LYG1+LYG2+LyEC01+LyEC02+Pg193+PgM52+Pg_381+Pg_K5+W50+atcc33277+atcc49417+grey_iso+tdc60+w83+yellow_iso~~~BatA_protein
VFA_007	VF_allele	Y	Y	batB	Putative aerotolerance-related exported protein BatB	Environmental Stress & Defense	H	COG1240	Core	5/5	Y	batB	ox_stress	T3	21			PgCG_00096	A7436	EMNIEE_00401	B2RI52	1020	339	pgvfdb~~~ox_stress__batB__allele1~~~19Pg9+A7436+A7436-C+A7A1-28+AJW4+ATCC49417_v2+COM30Pg+GMU202011+HG1691+HG1691old+JCM_19600+KCOM_2796+KCOM_2799+KCOM_3001+KCOM_3131+LYG1+LYG2+LyEC01+LyEC02+Pg193+PgM52+Pg_381+Pg_K5+W50+atcc33277+atcc49417+grey_iso+tdc60+w83+yellow_iso~~~Putative_aerotolerance-related_exported_protein_BatB
VFA_008	VF_allele	Y	Y	bcp	thioredoxin-dependent thiol peroxidase	Environmental Stress & Defense	O	COG1225	Core	5/5	Y	bcp	ox_stress	T2	24			PgCG_00102	HG1691	DFFMHE_01148	Q7MVY9	504	167	pgvfdb~~~ox_stress__bcp__allele1~~~19Pg9+A7436+A7436-C+A7A1-28+AJW4+ATCC49417_v2+COM30Pg+GMU202011+HG1691+HG1691old+JCM_19600+KCOM_2796+KCOM_2799+KCOM_3001+KCOM_3131+LYG1+LYG2+LyEC01+LyEC02+Pg193+PgM52+Pg_381+Pg_K5+W50+atcc33277+atcc49417+grey_iso+tdc60+w83+yellow_iso~~~thioredoxin-dependent_thiol_peroxidase
VFA_009	VF_allele	Y	Y	bcp	Thioredoxin domain-containing protein	Uncharacterized Proteins	O	COG1225	Core	5/5	Y	bcp_paralog	ox_stress	T2	20			PgCG_01467	AJW4	CELAOB_02032	Q7MT23	483	160	pgvfdb~~~ox_stress__bcp_paralog__allele1~~~19Pg9+A7436+A7436-C+A7A1-28+AJW4+ATCC49417_v2+COM30Pg+GMU202011+HG1691+HG1691old+JCM_19600+KCOM_2796+KCOM_2799+KCOM_3001+KCOM_3131+LYG1+LYG2+LyEC01+LyEC02+Pg193+PgM52+Pg_381+Pg_K5+W50+atcc33277+atcc49417+grey_iso+tdc60+w83+yellow_iso~~~Thioredoxin_domain-containing_protein
VFA_010	VF_allele	Y	Y	btuB	TonB-dependent receptor plug domain-containing protein	Heme & Ion Homeostasis	H	COG4206	Core	5/5	Y	btuB	TonB_receptor	T3	24			PgCG_00397	LYG1	DDLCJE_00884	Q7MUS3	2604	867	pgvfdb~~~TonB_receptor__btuB__allele1~~~19Pg9+A7436+A7436-C+A7A1-28+AJW4+ATCC49417_v2+COM30Pg+GMU202011+HG1691+HG1691old+JCM_19600+KCOM_2796+KCOM_2799+KCOM_3001+KCOM_3131+LYG1+LYG2+LyEC01+LyEC02+Pg193+PgM52+Pg_381+Pg_K5+W50+atcc33277+atcc49417+grey_iso+tdc60+w83+yellow_iso~~~TonB-dependent_receptor_plug_domain-containing_protein
VFA_011	VF_allele	Y	Y	btuB	TonB-dependent receptor plug domain-containing protein	Heme & Ion Homeostasis	H	COG4206	Core	5/5	Y	btuB	TonB_receptor	T3	1			PgCG_00397	atcc49417	HIGHBI_01292		1842	613	pgvfdb~~~TonB_receptor__btuB__allele2~~~atcc49417~~~TonB-dependent_receptor_plug_domain-containing_protein
VFA_012	VF_allele	Y	Y	cTD_GIN	Putative auto-transporter adhesin head GIN domain-containing protein	Surface Structures & Colonization			Core	5/5	Y	cTD_GIN	T9SS_cargo	T3	20			PgCG_01191	HG1691	DFFMHE_01761	B2RL22	861	286	pgvfdb~~~T9SS_cargo__cTD_GIN__allele1~~~A7436+A7436-C+A7A1-28+AJW4+COM30Pg+GMU202011+HG1691+HG1691old+JCM_19600+KCOM_2796+KCOM_2799+KCOM_3001+KCOM_3131+LYG1+LYG2+LyEC01+LyEC02+Pg193+PgM52+Pg_381+Pg_K5+W50+atcc33277+atcc49417+grey_iso+tdc60+w83+yellow_iso~~~Putative_auto-transporter_adhesin_head_GIN_domain-containing_protein
VFA_013	VF_allele	Y	Y	cTD_GIN	Putative auto-transporter adhesin head GIN domain-containing protein	Surface Structures & Colonization			Core	5/5	Y	cTD_GIN	T9SS_cargo	T3	9			PgCG_01190	GMU202011	BPGMMO_01494	Q7MX07	858	285	pgvfdb~~~T9SS_cargo__cTD_GIN__allele2~~~19Pg9+A7436+AJW4+ATCC49417_v2+GMU202011+HG1691+LYG1+LYG2+LyEC01+LyEC02+atcc33277+atcc49417+tdc60+w83~~~Putative_auto-transporter_adhesin_head_GIN_domain-containing_protein
VFA_014	VF_allele	Y	Y	cTD_GIN	Putative auto-transporter adhesin head GIN domain-containing protein	Surface Structures & Colonization			Core	5/5	Y	cTD_GIN	T9SS_cargo	T3	7			PgCG_01192	AJW4	CELAOB_00881	B2RKH2	741	246	pgvfdb~~~T9SS_cargo__cTD_GIN__allele3~~~A7436+AJW4+GMU202011+HG1691+LYG1+LYG2+LyEC01+LyEC02+atcc33277+atcc49417+tdc60+w83~~~Putative_auto-transporter_adhesin_head_GIN_domain-containing_protein
VFA_015	VF_allele	Y	Y	cTD-A	PKD domain-containing protein	Proteolytic Virulence & Effectors	U	COG6083	Core	5/5	Y	cTD_PKD	T9SS_cargo	T3	26			PgCG_01044	A7436	EMNIEE_00216	B2RHK9	2562	853	pgvfdb~~~T9SS_cargo__cTD_PKD__allele1~~~19Pg9+A7436+A7436-C+AJW4+ATCC49417_v2+COM30Pg+GMU202011+HG1691+HG1691old+JCM_19600+KCOM_2796+KCOM_2799+KCOM_3001+KCOM_3131+LYG1+LYG2+LyEC01+LyEC02+Pg193+PgM52+Pg_381+Pg_K5+W50+atcc33277+atcc49417+grey_iso+tdc60+w83+yellow_iso~~~PKD_domain-containing_protein
VFA_016	VF_allele	Y	Y	cTD-A	Cleaved adhesin domain-containing protein	Surface Structures & Colonization	U	COG6083	Core	5/5	Y	cTD_adhesin	T9SS_cargo	T3	26			PgCG_01158	LYG1	DDLCJE_00497	A0A0E2LND6	2766	921	pgvfdb~~~T9SS_cargo__cTD_adhesin__allele1~~~19Pg9+A7436+A7436-C+A7A1-28+AJW4+ATCC49417_v2+COM30Pg+GMU202011+HG1691+HG1691old+JCM_19600+KCOM_2796+KCOM_2799+KCOM_3001+KCOM_3131+LYG1+LYG2+LyEC01+LyEC02+PgM52+Pg_381+Pg_K5+W50+atcc33277+atcc49417+grey_iso+tdc60+w83+yellow_iso~~~Cleaved_adhesin_domain-containing_protein
VFA_017	VF_allele	Y	Y	cTD-A	Cleaved adhesin domain-containing protein	Surface Structures & Colonization	U	COG6083	Soft-core	4/5	Y	cTD_adhesin	T9SS_cargo	T3	5			PgCG_01566	LYG1	DDLCJE_00973	A0A0E2LQ58	1110	369	pgvfdb~~~T9SS_cargo__cTD_adhesin__allele2~~~A7436+AJW4+HG1691+LYG1+LYG2+atcc33277+atcc49417+w83~~~Cleaved_adhesin_domain-containing_protein
VFA_018	VF_allele	Y	Y	cdhR	transcriptional regulator of hmuYR	Genetic Information Processing			not in 5-strain backbone		Y	cdhR	regulator	T2	13				w83	CF003_1237		600	199	pgvfdb~~~regulator__cdhR__allele1~~~19Pg9+A7436-C+A7A1-28+ATCC49417_v2+COM30Pg+HG1691old+JCM_19600+KCOM_2796+KCOM_2799+KCOM_3001+KCOM_3131+Pg193+PgM52+Pg_381+Pg_K5+W50+grey_iso+w83+yellow_iso~~~transcriptional_regulator_of_hmuYR__via_ncbi_bridge
VFA_019	VF_allele	Y	Y	cirA	TonB-dependent receptor	Heme & Ion Homeostasis	P	COG1629	Core	5/5	Y	cirA	TonB_receptor	T3	23			PgCG_00380	LyEC01	JMNHIK_00943	Q7MVN1	2811	936	pgvfdb~~~TonB_receptor__cirA__allele1~~~19Pg9+A7436-C+A7A1-28+AJW4+ATCC49417_v2+COM30Pg+HG1691old+JCM_19600+KCOM_2796+KCOM_2799+KCOM_3001+KCOM_3131+LYG1+LYG2+LyEC01+LyEC02+Pg193+PgM52+Pg_381+Pg_K5+W50+atcc49417+grey_iso+tdc60+yellow_iso~~~TonB-dependent_receptor
VFA_020	VF_allele	Y	Y	cirA	TonB-dependent receptor	Heme & Ion Homeostasis	P	COG1629	Core	5/5	Y	cirA	TonB_receptor	T3	8			PgCG_00394	HG1691	DFFMHE_01040	Q7MVP2	2505	834	pgvfdb~~~TonB_receptor__cirA__allele2~~~A7436+AJW4+GMU202011+HG1691+LYG1+LYG2+LyEC01+LyEC02+atcc33277+atcc49417+tdc60+w83~~~TonB-dependent_receptor
VFA_021	VF_allele	Y	Y	cirA	TonB-dependent receptor	Heme & Ion Homeostasis	P	COG1629	Core	5/5	Y	cirA	TonB_receptor	T3	9			PgCG_00393	A7436	EMNIEE_01772	A0A0A2F3N1	2238	745	pgvfdb~~~TonB_receptor__cirA__allele3~~~A7436+AJW4+GMU202011+HG1691+LYG1+LYG2+LyEC01+LyEC02+atcc33277+atcc49417+tdc60+w83~~~TonB-dependent_receptor
VFA_022	VF_allele	Y	Y	cirA	TonB-dependent receptor	Heme & Ion Homeostasis			Core	5/5	Y	cirA	TonB_receptor	T3	10			PgCG_00395	LYG1	DDLCJE_00255	Q7MX53	2061	686	pgvfdb~~~TonB_receptor__cirA__allele4~~~A7436+AJW4+GMU202011+HG1691+LYG1+LYG2+LyEC01+LyEC02+atcc33277+atcc49417+tdc60+w83~~~TonB-dependent_receptor
VFA_023	VF_allele	Y	Y	cirA	TonB-dependent receptor	Heme & Ion Homeostasis			Core	5/5	Y	cirA	TonB_receptor	T3	10			PgCG_00392	LyEC01	JMNHIK_00404	Q7MU92	1770	589	pgvfdb~~~TonB_receptor__cirA__allele5~~~A7436+AJW4+GMU202011+HG1691+LYG1+LYG2+LyEC01+LyEC02+atcc33277+atcc49417+tdc60+w83~~~TonB-dependent_receptor
VFA_024	VF_allele	Y	Y	cirA	TonB-dependent receptor	Heme & Ion Homeostasis			Strain-unique	1/5	Y	cirA	TonB_receptor	T3	1			PgCG_02090	AJW4	CELAOB_01842	A0AAE9XJ59	2580	859	pgvfdb~~~TonB_receptor__cirA__allele6~~~AJW4+LyEC01+LyEC02+atcc49417~~~TonB-dependent_receptor
VFA_025	VF_allele	Y	Y	cirA	TonB-dependent receptor	Heme & Ion Homeostasis			not in 5-strain backbone		Y	cirA	TonB_receptor	T3	1				LYG1	DDLCJE_01538	UPI001B8BE11C	2382	793	pgvfdb~~~TonB_receptor__cirA__allele7~~~LYG1+LYG2~~~TonB-dependent_receptor
VFA_026	VF_allele	Y	Y	cirA	TonB-dependent receptor	Heme & Ion Homeostasis			Strain-unique	1/5	Y	cirA	TonB_receptor	T3	1			PgCG_02091	AJW4	CELAOB_00213	A0A0A2FF17	2724	907	pgvfdb~~~TonB_receptor__cirA__allele8~~~AJW4~~~TonB-dependent_receptor
VFA_027	VF_allele	Y	Y	clpC	ATP-dependent Clp protease, ATP-binding subunit ClpC	Metabolic Homeostasis	O	COG0542	Core	5/5	Y	clpC	protease_other	T3	25			PgCG_00498	A7436	EMNIEE_00011	Q7MXY4	2580	859	pgvfdb~~~protease_other__clpC__allele1~~~19Pg9+A7436+A7436-C+A7A1-28+AJW4+ATCC49417_v2+COM30Pg+GMU202011+HG1691+HG1691old+JCM_19600+KCOM_2796+KCOM_2799+KCOM_3001+KCOM_3131+LYG1+LYG2+LyEC01+LyEC02+Pg193+PgM52+Pg_381+Pg_K5+W50+atcc33277+atcc49417+grey_iso+tdc60+w83+yellow_iso~~~ATP-dependent_Clp_protease,_ATP-binding_subunit_ClpC
VFA_028	VF_allele	Y	Y	clpX	ATP-dependent Clp protease ATP-binding subunit ClpX	Metabolic Homeostasis	O	COG1219	Core	5/5	Y	clpX	protease_other	T2	19			PgCG_00497	A7436	EMNIEE_01504	Q7MX10	1236	411	pgvfdb~~~protease_other__clpX__allele1~~~19Pg9+A7436+A7436-C+A7A1-28+AJW4+ATCC49417_v2+COM30Pg+GMU202011+HG1691+HG1691old+JCM_19600+KCOM_2796+KCOM_2799+KCOM_3001+KCOM_3131+LYG1+LYG2+LyEC01+LyEC02+Pg193+PgM52+Pg_381+Pg_K5+W50+atcc33277+atcc49417+grey_iso+tdc60+w83+yellow_iso~~~ATP-dependent_Clp_protease_ATP-binding_subunit_ClpX
VFA_029	VF_allele	Y	Y	ctlX	Arginine N-succinyltransferase	Metabolic Homeostasis	R	COG4874	Shell	3/5	Y	ctlX	capsule_related	T3	4			PgCG_01659	A7436	EMNIEE_00110		777	258	pgvfdb~~~capsule_related__ctlX__allele1~~~19Pg9+A7436+A7436-C+W50+w83~~~Arginine_N-succinyltransferase__via_vfdb_bridge
VFA_030	VF_allele	Y	Y	ctlX	citrulline utilization hydrolase CtlX	Metabolic Homeostasis	R	COG4874	Shell	3/5	Y	ctlX	capsule_related	T3	3			PgCG_01659	AJW4	CELAOB_00109	A0A0E2LUD7	924	307	pgvfdb~~~capsule_related__ctlX__allele2~~~AJW4+HG1691+HG1691old~~~citrulline_utilization_hydrolase_CtlX__via_vfdb_bridge
VFA_031	VF_allele	Y	Y	cydA	cytochrome d ubiquinol oxidase subunit I	Environmental Stress & Defense			not in 5-strain backbone		Y	cydA	ox_stress	T2	15				w83	CF003_0900		1590	529	pgvfdb~~~ox_stress__cydA__allele1~~~19Pg9+A7436-C+A7A1-28+ATCC49417_v2+HG1691old+JCM_19600+KCOM_2796+KCOM_2799+KCOM_3001+KCOM_3131+Pg193+PgM52+Pg_381+Pg_K5+W50+grey_iso+w83+yellow_iso~~~cytochrome_d_ubiquinol_oxidase_subunit_I__via_ncbi_bridge
VFA_032	VF_allele	Y	Y	cydB	cytochrome d ubiquinol oxidase subunit II	Environmental Stress & Defense			not in 5-strain backbone		Y	cydB	ox_stress	T2	15				w83	CF003_0899		1164	387	pgvfdb~~~ox_stress__cydB__allele1~~~19Pg9+A7436-C+A7A1-28+ATCC49417_v2+COM30Pg+HG1691old+JCM_19600+KCOM_2796+KCOM_2799+KCOM_3001+KCOM_3131+Pg193+PgM52+Pg_381+Pg_K5+W50+grey_iso+w83+yellow_iso~~~cytochrome_d_ubiquinol_oxidase_subunit_II__via_ncbi_bridge
VFA_033	VF_allele	Y	Y	dcp	Peptidyl-dipeptidase Dcp	Proteolytic Virulence & Effectors	O	COG0339	Core	5/5	Y	dcp	peptidase	T3	26			PgCG_01040	A7436	EMNIEE_01198	Q7MW82	2127	708	pgvfdb~~~peptidase__dcp__allele1~~~19Pg9+A7436+A7436-C+A7A1-28+AJW4+ATCC49417_v2+COM30Pg+GMU202011+HG1691+HG1691old+JCM_19600+KCOM_2796+KCOM_2799+KCOM_3001+KCOM_3131+LYG1+LYG2+LyEC01+LyEC02+Pg193+PgM52+Pg_381+Pg_K5+W50+atcc33277+atcc49417+grey_iso+tdc60+w83+yellow_iso~~~Peptidyl-dipeptidase_Dcp
VFA_034	VF_allele	Y	Y	dcp	Peptidyl-dipeptidase Dcp	Proteolytic Virulence & Effectors	O	COG0339	Core	5/5	Y	dcp	peptidase	T3	9			PgCG_01041	LyEC01	JMNHIK_01737	Q7MTY8	2037	678	pgvfdb~~~peptidase__dcp__allele2~~~A7436+AJW4+GMU202011+HG1691+LYG1+LYG2+LyEC01+LyEC02+atcc33277+atcc49417+tdc60+w83~~~Peptidyl-dipeptidase_Dcp
VFA_035	VF_allele	Y	Y	dnaK	molecular chaperone DnaK	Environmental Stress & Defense	O	COG0443	Core	5/5	Y	dnaK	stress_chap	T3	22			PgCG_00090	AJW4	CELAOB_00694	P0C937	1923	640	pgvfdb~~~stress_chap__dnaK__allele1~~~19Pg9+A7436+A7436-C+A7A1-28+AJW4+ATCC49417_v2+COM30Pg+GMU202011+HG1691+HG1691old+JCM_19600+KCOM_2796+KCOM_2799+KCOM_3001+KCOM_3131+LYG1+LYG2+LyEC01+LyEC02+Pg193+PgM52+Pg_381+Pg_K5+W50+atcc33277+atcc49417+grey_iso+tdc60+w83+yellow_iso~~~molecular_chaperone_DnaK
VFA_036	VF_allele	Y	Y	dpp11	Asp/Glu-specific dipeptidyl-peptidase	Proteolytic Virulence & Effectors			Core	5/5	Y	dpp11	peptidase	T2	24			PgCG_01008	LyEC01	JMNHIK_00700	B2RID1	2163	720	pgvfdb~~~peptidase__dpp11__allele1~~~19Pg9+A7436+A7436-C+A7A1-28+AJW4+ATCC49417_v2+COM30Pg+GMU202011+HG1691+HG1691old+JCM_19600+KCOM_2796+KCOM_2799+KCOM_3001+KCOM_3131+LYG1+LYG2+LyEC01+LyEC02+Pg193+PgM52+Pg_381+Pg_K5+W50+atcc33277+atcc49417+grey_iso+tdc60+w83+yellow_iso~~~Asp/Glu-specific_dipeptidyl-peptidase
VFA_037	VF_allele	Y	Y	dAP2	Dipeptidyl aminopeptidase IV	Proteolytic Virulence & Effectors	E	COG1506	Core	5/5	Y	dpp4	peptidase	T2	25			PgCG_01019	A7436	EMNIEE_01430	F5HAB9	2172	723	pgvfdb~~~peptidase__dpp4__allele1~~~19Pg9+A7436+A7436-C+A7A1-28+AJW4+ATCC49417_v2+COM30Pg+GMU202011+HG1691+HG1691old+JCM_19600+KCOM_2796+KCOM_2799+KCOM_3001+KCOM_3131+LYG1+LYG2+LyEC01+LyEC02+Pg193+PgM52+Pg_381+Pg_K5+W50+atcc33277+atcc49417+grey_iso+tdc60+w83+yellow_iso~~~Dipeptidyl_aminopeptidase_IV
VFA_038	VF_allele	Y	Y	dpp5	Dipeptidyl-peptidase 5	Proteolytic Virulence & Effectors	E	COG1506	Core	5/5	Y	dpp5	peptidase	T2	27			PgCG_01020	LYG1	DDLCJE_00762	B2RIT0	2031	676	pgvfdb~~~peptidase__dpp5__allele1~~~19Pg9+A7436+A7436-C+A7A1-28+AJW4+ATCC49417_v2+COM30Pg+GMU202011+HG1691+HG1691old+JCM_19600+KCOM_2796+KCOM_2799+KCOM_3001+KCOM_3131+LYG1+LYG2+LyEC01+LyEC02+Pg193+PgM52+Pg_381+Pg_K5+W50+atcc33277+atcc49417+grey_iso+tdc60+w83+yellow_iso~~~Dipeptidyl-peptidase_5
VFA_039	VF_allele	Y	Y	dpp7	Dipeptidyl-peptidase 7	Proteolytic Virulence & Effectors			Core	5/5	Y	dpp7	peptidase	T2	20			PgCG_01021	A7436	EMNIEE_01438	B2RKV3	2139	712	pgvfdb~~~peptidase__dpp7__allele1~~~19Pg9+A7436+A7436-C+A7A1-28+AJW4+ATCC49417_v2+COM30Pg+GMU202011+HG1691+HG1691old+JCM_19600+KCOM_2796+KCOM_2799+KCOM_3001+KCOM_3131+LYG1+LYG2+LyEC01+LyEC02+Pg193+PgM52+Pg_381+Pg_K5+W50+atcc33277+atcc49417+grey_iso+tdc60+w83+yellow_iso~~~Dipeptidyl-peptidase_7
VFA_040	VF_allele	Y	Y	dps	DNA protection during starvation protein	Environmental Stress & Defense	B	COG0783	Core	5/5	Y	dps	ox_stress	T1	25			PgCG_00087	LYG1	DDLCJE_02081	B2RMG0	480	159	pgvfdb~~~ox_stress__dps__allele1~~~19Pg9+A7436+A7436-C+A7A1-28+AJW4+ATCC49417_v2+COM30Pg+GMU202011+HG1691+HG1691old+JCM_19600+KCOM_2796+KCOM_2799+KCOM_3001+KCOM_3131+LYG1+LYG2+LyEC01+LyEC02+Pg193+PgM52+Pg_381+Pg_K5+W50+atcc33277+atcc49417+grey_iso+tdc60+w83+yellow_iso~~~DNA_protection_during_starvation_protein
VFA_041	VF_allele	Y	Y	tolQ	MotA/TolQ/ExbB proton channel family protein	Heme & Ion Homeostasis	U	COG0811	Core	5/5	Y	exbB1	heme_iron	T2	16			PgCG_00377	A7436	EMNIEE_01315	Q7MWI1	735	244	pgvfdb~~~heme_iron__exbB1__allele1~~~19Pg9+A7436+A7436-C+A7A1-28+AJW4+ATCC49417_v2+COM30Pg+GMU202011+HG1691+HG1691old+JCM_19600+KCOM_2796+KCOM_2799+KCOM_3001+KCOM_3131+LYG1+LYG2+LyEC01+LyEC02+Pg193+PgM52+Pg_381+Pg_K5+W50+atcc33277+atcc49417+grey_iso+tdc60+w83+yellow_iso~~~MotA/TolQ/ExbB_proton_channel_family_protein
VFA_042	VF_allele	Y	Y	tolQ	MotA/TolQ/ExbB proton channel family protein	Heme & Ion Homeostasis	U	COG0811	Core	5/5	Y	exbB2	heme_iron	T2	11			PgCG_00378	A7436	EMNIEE_01177	Q7MW63	813	270	pgvfdb~~~heme_iron__exbB2__allele1~~~19Pg9+A7436+A7436-C+A7A1-28+AJW4+ATCC49417_v2+COM30Pg+GMU202011+HG1691+HG1691old+JCM_19600+KCOM_2796+KCOM_2799+KCOM_3001+KCOM_3131+LYG1+LYG2+LyEC01+LyEC02+Pg193+PgM52+Pg_381+Pg_K5+W50+atcc33277+atcc49417+grey_iso+tdc60+w83+yellow_iso~~~MotA/TolQ/ExbB_proton_channel_family_protein
VFA_043	VF_allele	Y	Y	exbD	Biopolymer transporter ExbD	Heme & Ion Homeostasis			Core	5/5	Y	exbD	heme_iron	T2	3			PgCG_00357	A7436	EMNIEE_01179	Q7MW65	615	204	pgvfdb~~~heme_iron__exbD__allele1~~~19Pg9+A7436+A7436-C+A7A1-28+AJW4+ATCC49417_v2+COM30Pg+GMU202011+HG1691+HG1691old+JCM_19600+KCOM_2796+KCOM_2799+KCOM_3001+KCOM_3131+LYG1+LYG2+LyEC01+LyEC02+Pg193+PgM52+Pg_381+Pg_K5+W50+atcc33277+atcc49417+grey_iso+tdc60+w83+yellow_iso~~~Biopolymer_transporter_ExbD
VFA_044	VF_allele	Y	Y	exbD	Biopolymer transporter ExbD	Heme & Ion Homeostasis	U	COG0848	Core	5/5	Y	exbD	heme_iron	T2	3			PgCG_00358	A7436	EMNIEE_01180	Q7MW66	474	157	pgvfdb~~~heme_iron__exbD__allele2~~~A7436+AJW4+GMU202011+HG1691+LYG1+LYG2+LyEC01+LyEC02+atcc33277+atcc49417+tdc60+w83~~~Biopolymer_transporter_ExbD
VFA_045	VF_allele	Y	Y	exbD	Biopolymer transport protein ExbD, putative	Heme & Ion Homeostasis	U	COG0848	Core	5/5	Y	exbD	heme_iron	T2	7			PgCG_00356	A7436	EMNIEE_01314	Q7MWI0	420	139	pgvfdb~~~heme_iron__exbD__allele3~~~A7436+AJW4+GMU202011+HG1691+LYG1+LYG2+LyEC01+LyEC02+atcc33277+atcc49417+tdc60+w83~~~Biopolymer_transport_protein_ExbD,_putative
VFA_046	VF_allele	Y	Y	feoB	ferrous iron transport protein B	Heme & Ion Homeostasis	P	COG0370	Core	5/5	Y	feoB1	heme_iron	T3	27			PgCG_00368	GMU202011	BPGMMO_00840	Q7MVL1	2103	700	pgvfdb~~~heme_iron__feoB1__allele1~~~19Pg9+A7436+A7436-C+A7A1-28+AJW4+ATCC49417_v2+COM30Pg+GMU202011+HG1691+HG1691old+JCM_19600+KCOM_2796+KCOM_2799+KCOM_3001+KCOM_3131+LYG1+LYG2+LyEC01+LyEC02+Pg193+PgM52+Pg_381+Pg_K5+W50+atcc33277+atcc49417+grey_iso+tdc60+w83+yellow_iso~~~ferrous_iron_transport_protein_B
VFA_047	VF_allele	Y	Y	feoB	ferrous iron transport protein B	Heme & Ion Homeostasis	P	COG1918	Core	5/5	Y	feoB2	heme_iron	T3	25			PgCG_00367	A7436	EMNIEE_00653	Q7MV19	2535	844	pgvfdb~~~heme_iron__feoB2__allele1~~~19Pg9+A7436+A7436-C+A7A1-28+AJW4+ATCC49417_v2+COM30Pg+GMU202011+HG1691+HG1691old+JCM_19600+KCOM_2796+KCOM_2799+KCOM_3001+KCOM_3131+LYG1+LYG2+LyEC01+LyEC02+Pg193+PgM52+Pg_381+Pg_K5+W50+atcc33277+atcc49417+grey_iso+tdc60+w83+yellow_iso~~~ferrous_iron_transport_protein_B
VFA_048	VF_allele	Y	Y	fepA_pg	Collagen-binding protein	Surface Structures & Colonization			Core	5/5	Y	fepA_pg	adhesin_other	T3	17			PgCG_01160	A7436	EMNIEE_01171	Q7MW57	2619	872	pgvfdb~~~adhesin_other__fepA_pg__allele1~~~A7436+A7436-C+AJW4+ATCC49417_v2+GMU202011+HG1691+JCM_19600+KCOM_3001+KCOM_3131+LYG1+LYG2+LyEC01+LyEC02+PgM52+Pg_381+W50+atcc33277+atcc49417+grey_iso+tdc60+w83+yellow_iso~~~Collagen-binding_protein
VFA_049	VF_allele	Y	Y	fepA_pg	Collagen-binding protein	Surface Structures & Colonization			Strain-unique	1/5	Y	fepA_pg	adhesin_other	T3	6			PgCG_02238	LYG1	DDLCJE_01850	A0A0A2GW18	3102	1033	pgvfdb~~~adhesin_other__fepA_pg__allele2~~~A7A1-28+AJW4+KCOM_2796+KCOM_2799+LYG1+LYG2+Pg193~~~Collagen-binding_protein
VFA_050	VF_allele	Y	Y	fepA_pg	Collagen-binding protein	Surface Structures & Colonization			not in 5-strain backbone		Y	fepA_pg	adhesin_other	T3	7				LyEC02	NCAHHP_00230	A0A0A2F6S2	3138	1045	pgvfdb~~~adhesin_other__fepA_pg__allele3~~~19Pg9+COM30Pg+HG1691+HG1691old+LyEC01+LyEC02+Pg_K5~~~Collagen-binding_protein
VFA_051	VF_allele	Y	Y	fepA_pg	Collagen-binding protein	Surface Structures & Colonization			not in 5-strain backbone		Y	fepA_pg	adhesin_other	T3	2				LYG1	DDLCJE_00511	A0A0A2FA51	2280	759	pgvfdb~~~adhesin_other__fepA_pg__allele4~~~LYG1+LYG2+atcc49417~~~Collagen-binding_protein
VFA_052	VF_allele	Y	Y	fimA	Major fimbrium subunit FimA type-2	Surface Structures & Colonization			Shell	2/5	Y	fimA	adhesin_fim	T1	11			PgCG_01890	GMU202011	BPGMMO_00102	Q51822	1155	384	pgvfdb~~~adhesin_fim__fimA__allele1~~~A7A1-28+AJW4+GMU202011+JCM_19600+KCOM_2796+KCOM_3001+Pg193+PgM52+grey_iso+tdc60+yellow_iso~~~Major_fimbrium_subunit_FimA_type-2
VFA_053	VF_allele	Y	Y	fimA	Major fimbrium subunit FimA type-4	Surface Structures & Colonization			Shell	2/5	Y	fimA	adhesin_fim	T1	3			PgCG_01891	A7436	EMNIEE_01994	P59914	1167	388	pgvfdb~~~adhesin_fim__fimA__allele2~~~A7436+A7436-C+HG1691+HG1691old+W50+w83~~~Major_fimbrium_subunit_FimA_type-4
VFA_054	VF_allele	Y	Y	fimA	Major fimbrium subunit FimA type-2	Surface Structures & Colonization			Shell	2/5	Y	fimA	adhesin_fim	T1	3			PgCG_01890	LYG1	DDLCJE_01980	Q51822	1158	385	pgvfdb~~~adhesin_fim__fimA__allele3~~~19Pg9+LYG1+LYG2+Pg_K5~~~Major_fimbrium_subunit_FimA_type-2
VFA_055	VF_allele	Y	Y	fimA	Major fimbrium subunit FimA type-1	Surface Structures & Colonization			Strain-unique	1/5	Y	fimA	adhesin_fim	T1	1			PgCG_02243	atcc33277	OHKNAD_00178	B2RH54	1152	383	pgvfdb~~~adhesin_fim__fimA__allele4~~~KCOM_3131+Pg_381+atcc33277~~~Major_fimbrium_subunit_FimA_type_Ib
VFA_056	VF_allele	Y	Y	fimA	Major fimbrium subunit FimA type-2	Surface Structures & Colonization			not in 5-strain backbone		Y	fimA	adhesin_fim	T1	2				atcc49417	HIGHBI_02132	Q51825	1161	386	pgvfdb~~~adhesin_fim__fimA__allele5~~~ATCC49417_v2+KCOM_2799+atcc49417~~~Major_fimbrium_subunit_FimA_type-2
VFA_057	VF_allele	Y	Y	fimB	Major fimbrium anchoring subunit FimB	Surface Structures & Colonization			Soft-core	4/5	Y	fimB	adhesin_fim	T2	1			PgCG_01569	atcc33277	OHKNAD_00179	A0PA81	357	118	pgvfdb~~~adhesin_fim__fimB__allele1~~~atcc33277~~~Major_fimbrium_anchoring_subunit_FimB
VFA_058	VF_allele	Y	Y	fimC	Major fimbrium subunit FimC	Surface Structures & Colonization			Soft-core	4/5	Y	fimC	adhesin_fim	T1	22			PgCG_01570	LyEC01	JMNHIK_00101	B2RH57	1398	465	pgvfdb~~~adhesin_fim__fimC__allele1~~~19Pg9+A7A1-28+AJW4+ATCC49417_v2+GMU202011+HG1691+HG1691old+JCM_19600+KCOM_2796+KCOM_3001+KCOM_3131+LYG1+LYG2+LyEC01+LyEC02+Pg193+PgM52+Pg_381+Pg_K5+atcc33277+atcc49417+grey_iso+tdc60+yellow_iso~~~Major_fimbrium_subunit_FimC
VFA_059	VF_allele	Y	Y	fimD	Major fimbrium tip subunit FimD	Surface Structures & Colonization			Shell	3/5	Y	fimD	adhesin_fim	T2	22			PgCG_01716	LyEC01	JMNHIK_00100	B2RH58	2013	670	pgvfdb~~~adhesin_fim__fimD__allele1~~~19Pg9+A7A1-28+AJW4+ATCC49417_v2+GMU202011+HG1691+HG1691old+JCM_19600+KCOM_2796+KCOM_3001+KCOM_3131+LYG1+LYG2+LyEC01+LyEC02+Pg193+PgM52+Pg_381+Pg_K5+atcc33277+atcc49417+grey_iso+tdc60+yellow_iso~~~Major_fimbrium_tip_subunit_FimD
VFA_060	VF_allele	Y	Y	fimE	Major fimbrium tip subunit FimE	Surface Structures & Colonization			Shell	3/5	Y	fimE	adhesin_fim	T2	22			PgCG_01717	LyEC01	JMNHIK_00099	B2RH59	1653	550	pgvfdb~~~adhesin_fim__fimE__allele1~~~19Pg9+A7A1-28+AJW4+ATCC49417_v2+GMU202011+HG1691+HG1691old+JCM_19600+KCOM_2796+KCOM_3001+KCOM_3131+LYG1+LYG2+LyEC01+LyEC02+Pg193+PgM52+Pg_381+Pg_K5+atcc33277+atcc49417+grey_iso+tdc60+yellow_iso~~~Major_fimbrium_tip_subunit_FimE
VFA_061	VF_allele	Y	Y	citB	FimR protein	Metabolic Homeostasis	T;K	COG2197	Core	5/5	Y	fimR	regulator	T1	19			PgCG_00638	A7436	EMNIEE_00527	A5LFV2	684	227	pgvfdb~~~regulator__fimR__allele1~~~19Pg9+A7436+A7436-C+A7A1-28+AJW4+ATCC49417_v2+COM30Pg+GMU202011+HG1691+HG1691old+JCM_19600+KCOM_2796+KCOM_2799+KCOM_3001+KCOM_3131+LYG1+LYG2+LyEC01+LyEC02+Pg193+PgM52+Pg_381+Pg_K5+W50+atcc33277+atcc49417+grey_iso+tdc60+w83+yellow_iso~~~FimR_protein
VFA_062	VF_allele	Y	Y	ftnA	Ferritin	Heme & Ion Homeostasis	P	COG1528	Core	5/5	Y	ftnA	heme_iron_storage	T2	6			PgCG_00366	A7436	EMNIEE_00714	F5HE54	483	160	pgvfdb~~~heme_iron_storage__ftnA__allele1~~~19Pg9+A7436+A7436-C+A7A1-28+AJW4+ATCC49417_v2+COM30Pg+GMU202011+HG1691+HG1691old+JCM_19600+KCOM_2796+KCOM_2799+KCOM_3001+KCOM_3131+LYG1+LYG2+LyEC01+LyEC02+Pg193+PgM52+Pg_381+Pg_K5+W50+atcc33277+atcc49417+grey_iso+tdc60+w83+yellow_iso~~~Ferritin
VFA_063	VF_allele	Y	Y	galE	UDP-glucose 4-epimerase GalE	Surface Structures & Colonization	M	COG1087	Core	5/5	Y	galE	other_VF	T2	27			PgCG_01199	LyEC01	JMNHIK_01628	Q7MX67	1029	342	pgvfdb~~~other_VF__galE__allele1~~~19Pg9+A7436+A7436-C+A7A1-28+AJW4+ATCC49417_v2+COM30Pg+GMU202011+HG1691+HG1691old+JCM_19600+KCOM_2796+KCOM_2799+KCOM_3001+KCOM_3131+LYG1+LYG2+LyEC01+LyEC02+Pg193+PgM52+Pg_381+Pg_K5+W50+atcc33277+atcc49417+grey_iso+tdc60+w83+yellow_iso~~~UDP-glucose_4-epimerase_GalE
VFA_064	VF_allele	Y	Y	groL	chaperonin GroEL	Environmental Stress & Defense	O	COG0459	Core	5/5	Y	groEL	stress_chap	T2	18			PgCG_00084	A7436	EMNIEE_01415	P42375	1638	545	pgvfdb~~~stress_chap__groEL__allele1~~~19Pg9+A7436+A7436-C+A7A1-28+AJW4+ATCC49417_v2+COM30Pg+GMU202011+HG1691+HG1691old+JCM_19600+KCOM_2796+KCOM_2799+KCOM_3001+KCOM_3131+LYG1+LYG2+LyEC01+LyEC02+Pg193+PgM52+Pg_381+Pg_K5+W50+atcc33277+atcc49417+grey_iso+tdc60+w83+yellow_iso~~~chaperonin_GroEL
VFA_065	VF_allele	Y	Y	rfaB	Glycosyl transferase, group 1 family protein	Metabolic Homeostasis	M	COG0438	Core	5/5	Y	gtfB	glycosyltransferase	T3	26			PgCG_00677	A7436	EMNIEE_00831	Q7MVC4	1158	385	pgvfdb~~~glycosyltransferase__gtfB__allele1~~~19Pg9+A7436+A7436-C+A7A1-28+AJW4+ATCC49417_v2+COM30Pg+GMU202011+HG1691+HG1691old+JCM_19600+KCOM_2796+KCOM_2799+KCOM_3001+KCOM_3131+LYG1+LYG2+LyEC01+LyEC02+Pg193+PgM52+Pg_381+Pg_K5+W50+atcc33277+atcc49417+grey_iso+tdc60+w83+yellow_iso~~~Glycosyl_transferase,_group_1_family_protein__via_vfdb_bridge
VFA_066	VF_allele	Y	Y	wcaE	Glycosyl transferase, group 2 family protein	Metabolic Homeostasis	G	COG1216	Core	5/5	Y	gtfC	glycosyltransferase	T3	20			PgCG_00678	GMU202011	BPGMMO_00306	Q7MXD7	1068	355	pgvfdb~~~glycosyltransferase__gtfC__allele1~~~19Pg9+A7436+A7436-C+A7A1-28+AJW4+ATCC49417_v2+COM30Pg+GMU202011+HG1691+HG1691old+JCM_19600+KCOM_2796+KCOM_2799+KCOM_3001+KCOM_3131+LYG1+LYG2+LyEC01+LyEC02+Pg193+PgM52+Pg_381+Pg_K5+W50+atcc33277+atcc49417+grey_iso+tdc60+w83+yellow_iso~~~Glycosyl_transferase,_group_2_family_protein__via_vfdb_bridge
VFA_067	VF_allele	Y	Y	wcaE	Glycosyl transferase, group 2 family protein	Metabolic Homeostasis	G	COG1216	Core	5/5	Y	gtfD	glycosyltransferase	T3	21			PgCG_00680	LYG1	DDLCJE_01262	Q7MVD0	861	286	pgvfdb~~~glycosyltransferase__gtfD__allele1~~~19Pg9+A7436+A7436-C+A7A1-28+AJW4+ATCC49417_v2+COM30Pg+GMU202011+HG1691+JCM_19600+KCOM_2796+KCOM_2799+KCOM_3001+KCOM_3131+LYG1+LYG2+LyEC01+LyEC02+Pg193+PgM52+Pg_381+W50+atcc33277+atcc49417+grey_iso+tdc60+w83+yellow_iso~~~Glycosyl_transferase,_group_2_family_protein__via_vfdb_bridge
VFA_068	VF_allele	Y	Y	rfaB	Glycosyl transferase	Surface Structures & Colonization	M	COG0438	Core	5/5	Y	gtfE	glycosyltransferase	T3	13			PgCG_01163	A7436	EMNIEE_00838	B2RK64	1152	383	pgvfdb~~~glycosyltransferase__gtfE__allele1~~~A7436+A7436-C+AJW4+ATCC49417_v2+JCM_19600+KCOM_2796+KCOM_2799+KCOM_3001+KCOM_3131+LYG1+LYG2+Pg193+PgM52+Pg_381+W50+atcc33277+atcc49417+tdc60+w83~~~Glycosyl_transferase__via_vfdb_bridge
VFA_069	VF_allele	Y	Y	gtfE	Glycosyltransferase, group 1 family protein	Surface Structures & Colonization			not in 5-strain backbone		Y	gtfE	glycosyltransferase	T3	9				LyEC01	JMNHIK_00883	A0A0E2LSR4	1152	383	pgvfdb~~~glycosyltransferase__gtfE__allele2~~~19Pg9+COM30Pg+GMU202011+HG1691+HG1691old+LyEC01+LyEC02+Pg_K5+grey_iso+yellow_iso~~~Glycosyltransferase,_group_1_family_protein__via_vfdb_bridge
VFA_070	VF_allele	Y	Y	wcaE	Glycosyltransferase 2-like domain-containing protein	Surface Structures & Colonization	G	COG1216	Core	5/5	Y	gtfF	glycosyltransferase	T3	26			PgCG_01167	HG1691	DFFMHE_01909	B2RLE2	897	298	pgvfdb~~~glycosyltransferase__gtfF__allele1~~~19Pg9+A7436+A7436-C+A7A1-28+AJW4+ATCC49417_v2+COM30Pg+GMU202011+HG1691+HG1691old+JCM_19600+KCOM_2796+KCOM_2799+KCOM_3001+KCOM_3131+LYG1+LYG2+LyEC01+LyEC02+Pg193+PgM52+Pg_381+Pg_K5+W50+atcc33277+atcc49417+grey_iso+tdc60+w83+yellow_iso~~~Glycosyltransferase_2-like_domain-containing_protein__via_vfdb_bridge
VFA_071	VF_allele	Y	Y	hagA	Hemagglutinin A	Proteolytic Virulence & Effectors			Soft-core	4/5	Y	hagA	hemagglutinin	T1	25			PgCG_01558	LyEC01	JMNHIK_01931	P59915	6495	2164	pgvfdb~~~hemagglutinin__hagA__allele1~~~19Pg9+A7436+A7436-C+A7A1-28+ATCC49417_v2+COM30Pg+GMU202011+HG1691+HG1691old+JCM_19600+KCOM_2799+KCOM_3001+LYG1+LyEC01+LyEC02+Pg193+PgM52+Pg_381+Pg_K5+W50+atcc33277+atcc49417+grey_iso+tdc60+w83+yellow_iso~~~Hemagglutinin_A
VFA_072	VF_allele	Y	Y	hagC	HagC hemagglutinin protein	Surface Structures & Colonization			Core	5/5	Y	hagC	hemagglutinin	T1	30			PgCG_01170	A7436	EMNIEE_01844	Q51830	1053	350	pgvfdb~~~hemagglutinin__hagC__allele1~~~19Pg9+A7436+A7436-C+A7A1-28+AJW4+ATCC49417_v2+COM30Pg+GMU202011+HG1691+HG1691old+JCM_19600+KCOM_2796+KCOM_2799+KCOM_3001+KCOM_3131+LYG1+LYG2+LyEC01+LyEC02+Pg193+PgM52+Pg_381+Pg_K5+W50+atcc33277+atcc49417+grey_iso+tdc60+w83+yellow_iso~~~HagC_hemagglutinin_protein
VFA_073	VF_allele	Y	Y	hmuR	TonB-dependent receptor HmuR	Heme & Ion Homeostasis	P	COG4771	Core	5/5	Y	hmuR	heme_iron	T1	17			PgCG_00396	AJW4	CELAOB_00440	B2RI81	1941	646	pgvfdb~~~heme_iron__hmuR__allele1~~~19Pg9+A7436+A7436-C+A7A1-28+AJW4+ATCC49417_v2+COM30Pg+GMU202011+HG1691+HG1691old+JCM_19600+KCOM_2796+KCOM_2799+KCOM_3001+KCOM_3131+LYG1+LYG2+LyEC01+LyEC02+PgM52+Pg_381+Pg_K5+W50+atcc33277+atcc49417+grey_iso+tdc60+w83+yellow_iso~~~TonB-dependent_receptor_HmuR
VFA_074	VF_allele	Y	Y	cobN	Putative cobalamin biosynthesis-related protein	Heme & Ion Homeostasis	H	COG1429	Core	5/5	Y	hmuS	heme_iron	T2	27			PgCG_00384	LyEC01	JMNHIK_00490	B2RI80	4410	1469	pgvfdb~~~heme_iron__hmuS__allele1~~~19Pg9+A7436+A7436-C+A7A1-28+AJW4+ATCC49417_v2+COM30Pg+GMU202011+HG1691+HG1691old+JCM_19600+KCOM_2796+KCOM_2799+KCOM_3001+KCOM_3131+LYG1+LYG2+LyEC01+LyEC02+Pg193+PgM52+Pg_381+Pg_K5+W50+atcc33277+atcc49417+grey_iso+tdc60+w83+yellow_iso~~~Putative_cobalamin_biosynthesis-related_protein__via_vfdb_bridge
VFA_075	VF_allele	Y	Y	hmuT	hypothetical protein	Uncharacterized Proteins			Core	5/5	Y	hmuT	heme_iron	T2	22			PgCG_01351	A7436	EMNIEE_00424	Q7MUG7	678	225	pgvfdb~~~heme_iron__hmuT__allele1~~~19Pg9+A7436+A7436-C+A7A1-28+AJW4+ATCC49417_v2+COM30Pg+GMU202011+HG1691+HG1691old+JCM_19600+KCOM_2796+KCOM_2799+KCOM_3001+KCOM_3131+LYG1+LYG2+LyEC01+LyEC02+Pg193+PgM52+Pg_381+Pg_K5+W50+atcc33277+atcc49417+grey_iso+tdc60+w83+yellow_iso~~~hypothetical_protein__via_vfdb_bridge
VFA_076	VF_allele	Y	Y	tolQ	MotA/TolQ/ExbB proton channel domain-containing protein	Heme & Ion Homeostasis	U	COG0811	Core	5/5	Y	hmuU	heme_iron	T2	19			PgCG_00376	AJW4	CELAOB_00437	B2RI78	579	192	pgvfdb~~~heme_iron__hmuU__allele1~~~19Pg9+A7436+A7436-C+A7A1-28+AJW4+ATCC49417_v2+COM30Pg+GMU202011+HG1691+HG1691old+JCM_19600+KCOM_2796+KCOM_2799+KCOM_3001+KCOM_3131+LYG1+LYG2+LyEC01+LyEC02+Pg193+PgM52+Pg_381+Pg_K5+W50+atcc33277+atcc49417+grey_iso+tdc60+w83+yellow_iso~~~MotA/TolQ/ExbB_proton_channel_domain-containing_protein__via_vfdb_bridge
VFA_077	VF_allele	Y	Y	hmuV	DUF2149 domain-containing protein	Uncharacterized Proteins	S	COG4744	Core	5/5	Y	hmuV	heme_iron	T2	8			PgCG_01239	A7436	EMNIEE_00422	Q7MUG5	327	108	pgvfdb~~~heme_iron__hmuV__allele1~~~19Pg9+A7436+A7436-C+A7A1-28+AJW4+ATCC49417_v2+COM30Pg+GMU202011+HG1691+HG1691old+JCM_19600+KCOM_2796+KCOM_2799+KCOM_3001+KCOM_3131+LYG1+LYG2+LyEC01+LyEC02+Pg193+PgM52+Pg_381+Pg_K5+W50+atcc33277+atcc49417+grey_iso+tdc60+w83+yellow_iso~~~DUF2149_domain-containing_protein__via_vfdb_bridge
VFA_078	VF_allele	Y	Y	hmuY	HmuY protein	Heme & Ion Homeostasis			Core	5/5	Y	hmuY	heme_iron	T1	13			PgCG_00372	A7436	EMNIEE_00427	B2RI82	651	216	pgvfdb~~~heme_iron__hmuY__allele1~~~19Pg9+A7436+A7436-C+A7A1-28+AJW4+ATCC49417_v2+COM30Pg+GMU202011+HG1691+HG1691old+JCM_19600+KCOM_2796+KCOM_2799+KCOM_3001+KCOM_3131+LYG1+LYG2+LyEC01+LyEC02+Pg193+PgM52+Pg_K5+W50+atcc33277+atcc49417+grey_iso+tdc60+w83+yellow_iso~~~HmuY_protein
VFA_079	VF_allele	Y	Y	degQ	HtrA protein	Metabolic Homeostasis	O	COG0265	Core	5/5	Y	htrA	protease_other	T2	19			PgCG_00704	LyEC01	JMNHIK_01405	Q7MWL5	1497	498	pgvfdb~~~protease_other__htrA__allele1~~~19Pg9+A7436+A7436-C+A7A1-28+AJW4+ATCC49417_v2+COM30Pg+GMU202011+HG1691+HG1691old+JCM_19600+KCOM_2796+KCOM_2799+KCOM_3001+KCOM_3131+LYG1+LYG2+LyEC01+LyEC02+Pg193+PgM52+Pg_381+Pg_K5+W50+atcc33277+atcc49417+grey_iso+tdc60+w83+yellow_iso~~~HtrA_protein
VFA_080	VF_allele	Y	Y	lpxP	Acyltransferase, HtrB/MsbB family	Surface Structures & Colonization	I	COG1560	Core	5/5	Y	htrB	lipid_A_modif	T2	20			PgCG_01155	A7436	EMNIEE_02082	Q7MSY8	918	305	pgvfdb~~~lipid_A_modif__htrB__allele1~~~19Pg9+A7436+A7436-C+A7A1-28+AJW4+ATCC49417_v2+COM30Pg+GMU202011+HG1691+HG1691old+JCM_19600+KCOM_2796+KCOM_2799+KCOM_3001+KCOM_3131+LYG1+LYG2+LyEC01+LyEC02+Pg193+PgM52+Pg_381+Pg_K5+W50+atcc33277+atcc49417+grey_iso+tdc60+w83+yellow_iso~~~Acyltransferase,_HtrB/MsbB_family
VFA_081	VF_allele	Y	Y	husA	hemophore-like protein HusA	Heme & Ion Homeostasis			not in 5-strain backbone		Y	husA	heme_iron	T2	17				A7436	PGA7_RS10010		657	218	pgvfdb~~~heme_iron__husA__allele1~~~19Pg9+A7436+A7436-C+A7A1-28+AJW4+ATCC49417_v2+COM30Pg+HG1691old+JCM_19600+KCOM_2796+KCOM_2799+KCOM_3001+KCOM_3131+Pg193+PgM52+Pg_381+Pg_K5+W50+grey_iso+yellow_iso~~~hemophore-like_protein_HusA__via_ncbi_bridge
VFA_082	VF_allele	Y	Y	fepA	Collagen-binding protein	Surface Structures & Colonization	P	COG4771	Core	5/5	Y	husB	heme_iron	T2	24			PgCG_01159	LyEC01	JMNHIK_02088	Q7MSY4	2223	740	pgvfdb~~~heme_iron__husB__allele1~~~A7436+A7436-C+A7A1-28+AJW4+ATCC49417_v2+COM30Pg+GMU202011+HG1691+HG1691old+JCM_19600+KCOM_2796+KCOM_2799+KCOM_3001+KCOM_3131+LYG1+LYG2+LyEC01+LyEC02+Pg193+PgM52+Pg_381+Pg_K5+W50+atcc33277+atcc49417+tdc60+w83~~~Collagen-binding_protein__via_vfdb_bridge
VFA_083	VF_allele	Y	Y	husC	winged helix DNA-binding domain protein	Heme & Ion Homeostasis			not in 5-strain backbone		Y	husC	heme_iron	T3	1				w83	CF003_2225		270	89	pgvfdb~~~heme_iron__husC__allele1~~~w83~~~winged_helix_DNA-binding_domain_protein__via_ncbi_bridge
VFA_084	VF_allele	Y	Y	terC	TerC family integral membrane protein	Cell Envelope & Morphogenesis			Core	5/5	Y	husD	heme_iron	T3	18			PgCG_00075	A7436	EMNIEE_02084	A0A0A2FDL2	597	198	pgvfdb~~~heme_iron__husD__allele1~~~19Pg9+A7436+A7436-C+A7A1-28+AJW4+ATCC49417_v2+COM30Pg+GMU202011+HG1691+HG1691old+JCM_19600+KCOM_2796+KCOM_2799+KCOM_3001+KCOM_3131+LYG1+LYG2+LyEC01+LyEC02+Pg193+PgM52+Pg_381+Pg_K5+W50+atcc33277+atcc49417+grey_iso+tdc60+w83+yellow_iso~~~TerC_family_integral_membrane_protein__via_vfdb_bridge
VFA_085	VF_allele	Y	Y	yopM	Internalin	Metabolic Homeostasis	U	COG4886	Core	5/5	Y	inlJ	adhesin_other	T2	23			PgCG_00714	A7436	EMNIEE_01563	B2RL85	1455	484	pgvfdb~~~adhesin_other__inlJ__allele1~~~19Pg9+A7436+A7436-C+A7A1-28+AJW4+ATCC49417_v2+COM30Pg+GMU202011+HG1691+HG1691old+JCM_19600+KCOM_2796+KCOM_2799+KCOM_3001+KCOM_3131+LYG1+LYG2+Pg193+PgM52+Pg_381+Pg_K5+W50+atcc33277+atcc49417+grey_iso+tdc60+w83+yellow_iso~~~Internalin
VFA_086	VF_allele	Y	Y	yopM	Internalin	Metabolic Homeostasis	U	COG4886	Core	5/5	Y	inlJ	adhesin_other	T2	1			PgCG_00714	LyEC01	JMNHIK_01625	B2RL85	1206	401	pgvfdb~~~adhesin_other__inlJ__allele2~~~LyEC01+LyEC02~~~Internalin
VFA_087	VF_allele	Y	Y	kgp	Lys-gingipain W83	Proteolytic Virulence & Effectors			Core	5/5	Y	kgp	gingipain	T1	13			PgCG_01026	LYG1	DDLCJE_00213	Q51817	5199	1732	pgvfdb~~~gingipain__kgp__allele1~~~A7436+A7436-C+AJW4+COM30Pg+JCM_19600+KCOM_2796+KCOM_2799+KCOM_3131+LYG1+LYG2+LyEC01+LyEC02+W50+tdc60+w83~~~Lys-gingipain_W83
VFA_088	VF_allele	Y	Y	kgp	Lys-gingipain	Proteolytic Virulence & Effectors			Core	5/5	Y	kgp	gingipain	T1	9			PgCG_01026	HG1691	DFFMHE_02159	A0AAE9XKN3	5178	1725	pgvfdb~~~gingipain__kgp__allele2~~~19Pg9+ATCC49417_v2+GMU202011+HG1691+HG1691old+Pg193+Pg_381+Pg_K5+atcc33277+atcc49417~~~Lys-gingipain
VFA_089	VF_allele	Y	Y	lon	endopeptidase La	Proteolytic Virulence & Effectors	O	COG0466	Core	5/5	Y	lon	protease_other	T3	21			PgCG_01022	GMU202011	BPGMMO_00387	B2RII6	2538	845	pgvfdb~~~protease_other__lon__allele1~~~19Pg9+A7436+A7436-C+A7A1-28+AJW4+ATCC49417_v2+COM30Pg+GMU202011+HG1691+HG1691old+JCM_19600+KCOM_2796+KCOM_2799+KCOM_3001+KCOM_3131+LYG1+LYG2+LyEC01+LyEC02+Pg193+PgM52+Pg_381+Pg_K5+W50+atcc33277+atcc49417+grey_iso+tdc60+w83+yellow_iso~~~endopeptidase_La
VFA_090	VF_allele	Y	Y	lpxB	lipid-A-disaccharide synthase	Surface Structures & Colonization	M	COG0763	Core	5/5	Y	lpxB	LPS	T3	23			PgCG_01176	A7436	EMNIEE_02022	Q7MT33	1152	383	pgvfdb~~~LPS__lpxB__allele1~~~19Pg9+A7436+A7436-C+A7A1-28+AJW4+ATCC49417_v2+COM30Pg+GMU202011+HG1691+HG1691old+JCM_19600+KCOM_2796+KCOM_2799+KCOM_3001+KCOM_3131+LYG1+LYG2+LyEC01+LyEC02+Pg193+PgM52+Pg_381+W50+atcc33277+atcc49417+grey_iso+tdc60+w83+yellow_iso~~~lipid-A-disaccharide_synthase
VFA_091	VF_allele	Y	Y	lpxC	bifunctional UDP-3-O-[3-hydroxymyristoyl] N-acetylglucosamine deacetylase/3-hydroxyacyl-ACP dehydratase	Surface Structures & Colonization	M	COG0774	Core	5/5	Y	lpxC	LPS	T3	26			PgCG_01157	AJW4	CELAOB_00061	Q7MXT8	1389	462	pgvfdb~~~LPS__lpxC__allele1~~~19Pg9+A7436+A7436-C+A7A1-28+AJW4+ATCC49417_v2+COM30Pg+GMU202011+HG1691+HG1691old+JCM_19600+KCOM_2796+KCOM_2799+KCOM_3001+KCOM_3131+LYG1+LYG2+LyEC01+LyEC02+Pg193+PgM52+Pg_381+Pg_K5+W50+atcc33277+atcc49417+grey_iso+tdc60+w83+yellow_iso~~~bifunctional_UDP-3-O-[3-hydroxymyristoyl]_N-acetylglucosamine_deacetylase/3-hydr
VFA_092	VF_allele	Y	Y	lpxD	UDP-3-O-(3-hydroxymyristoyl)glucosamine N-acyltransferase	Surface Structures & Colonization	M	COG1044	Core	5/5	Y	lpxD	LPS	T3	16			PgCG_01198	HG1691	DFFMHE_02255	Q7MXT7	1050	349	pgvfdb~~~LPS__lpxD__allele1~~~19Pg9+A7436+A7436-C+A7A1-28+AJW4+ATCC49417_v2+COM30Pg+GMU202011+HG1691+HG1691old+JCM_19600+KCOM_2796+KCOM_2799+KCOM_3001+KCOM_3131+LYG1+LYG2+LyEC01+LyEC02+Pg193+PgM52+Pg_381+Pg_K5+W50+atcc33277+atcc49417+grey_iso+tdc60+w83+yellow_iso~~~UDP-3-O-(3-hydroxymyristoyl)glucosamine_N-acyltransferase
VFA_093	VF_allele	Y	Y	lpxE	Lipid A 1-phosphatase	Surface Structures & Colonization	I	COG0671	Core	5/5	Y	lpxE	lipid_A_modif	T2	25			PgCG_01173	GMU202011	BPGMMO_01645	B2RLI7	1338	445	pgvfdb~~~lipid_A_modif__lpxE__allele1~~~19Pg9+A7436+A7436-C+A7A1-28+AJW4+ATCC49417_v2+COM30Pg+GMU202011+HG1691+HG1691old+JCM_19600+KCOM_2796+KCOM_2799+KCOM_3001+KCOM_3131+LYG1+LYG2+LyEC01+LyEC02+Pg193+PgM52+Pg_381+Pg_K5+W50+atcc33277+atcc49417+grey_iso+tdc60+w83+yellow_iso~~~Lipid_A_1-phosphatase
VFA_094	VF_allele	Y	Y	lpxF	Lipid A 4'-phosphatase	Surface Structures & Colonization	I	COG0671	Core	5/5	Y	lpxF	lipid_A_modif	T1	19			PgCG_01174	A7436	EMNIEE_00397	B2RI48	717	238	pgvfdb~~~lipid_A_modif__lpxF__allele1~~~19Pg9+A7436+A7436-C+A7A1-28+AJW4+ATCC49417_v2+COM30Pg+GMU202011+HG1691+HG1691old+JCM_19600+KCOM_2796+KCOM_2799+KCOM_3001+KCOM_3131+LYG1+LYG2+LyEC01+LyEC02+Pg193+PgM52+Pg_381+Pg_K5+W50+atcc33277+atcc49417+grey_iso+tdc60+w83+yellow_iso~~~Lipid_A_4'-phosphatase
VFA_095	VF_allele	Y	Y	lpxK	tetraacyldisaccharide 4'-kinase	Surface Structures & Colonization	M	COG1663	Core	5/5	Y	lpxK	LPS	T3	24			PgCG_01196	LYG1	DDLCJE_00688	Q7MWH4	1074	357	pgvfdb~~~LPS__lpxK__allele1~~~19Pg9+A7436+A7436-C+A7A1-28+AJW4+ATCC49417_v2+COM30Pg+GMU202011+HG1691+HG1691old+JCM_19600+KCOM_2796+KCOM_2799+KCOM_3001+KCOM_3131+LYG1+LYG2+LyEC01+LyEC02+Pg193+PgM52+Pg_381+Pg_K5+W50+atcc33277+atcc49417+grey_iso+tdc60+w83+yellow_iso~~~tetraacyldisaccharide_4'-kinase
VFA_096	VF_allele	Y	Y	lpxR	lipid A deacylase	Surface Structures & Colonization			Core	5/5	Y	lpxR	lipid_A_modif	T1	26			PgCG_01175	LyEC01	JMNHIK_00654	B2RJU7	1200	399	pgvfdb~~~lipid_A_modif__lpxR__allele1~~~19Pg9+A7436+A7436-C+A7A1-28+AJW4+ATCC49417_v2+COM30Pg+GMU202011+HG1691+HG1691old+JCM_19600+KCOM_2796+KCOM_2799+KCOM_3001+KCOM_3131+LYG1+LYG2+LyEC01+LyEC02+Pg193+PgM52+Pg_381+Pg_K5+W50+atcc33277+atcc49417+grey_iso+tdc60+w83+yellow_iso~~~lipid_A_deacylase
VFA_097	VF_allele	Y	Y	wzb	Phosphotyrosine protein phosphatase	Metabolic Homeostasis	T	COG0394	Core	5/5	Y	ltp1	phosphatase	T2	23			PgCG_00836	A7436	EMNIEE_00348	Q7MU97	504	167	pgvfdb~~~phosphatase__ltp1__allele1~~~19Pg9+A7436+A7436-C+A7A1-28+AJW4+ATCC49417_v2+COM30Pg+GMU202011+HG1691+HG1691old+JCM_19600+KCOM_2796+KCOM_2799+KCOM_3001+KCOM_3131+LYG1+LYG2+LyEC01+LyEC02+Pg193+PgM52+Pg_381+Pg_K5+W50+atcc33277+atcc49417+grey_iso+tdc60+w83+yellow_iso~~~Phosphotyrosine_protein_phosphatase__via_vfdb_bridge
VFA_098	VF_allele	Y	Y	luxS	S-ribosylhomocysteine lyase	Metabolic Homeostasis	T	COG1854	Core	5/5	Y	luxS	QS	T2	24			PgCG_00897	A7436	EMNIEE_01435	Q7MWT9	486	161	pgvfdb~~~QS__luxS__allele1~~~19Pg9+A7436+A7436-C+A7A1-28+AJW4+ATCC49417_v2+COM30Pg+GMU202011+HG1691+HG1691old+JCM_19600+KCOM_2796+KCOM_2799+KCOM_3001+KCOM_3131+LYG1+LYG2+LyEC01+LyEC02+Pg193+PgM52+Pg_381+Pg_K5+W50+atcc33277+atcc49417+grey_iso+tdc60+w83+yellow_iso~~~S-ribosylhomocysteine_lyase
VFA_099	VF_allele	Y	Y	mfa1	fimbria major subunit Mfa1	Surface Structures & Colonization			Soft-core	4/5	Y	mfa1	adhesin_mfa	T1	11			PgCG_01567	GMU202011	BPGMMO_00225	B2RHG1	1692	563	pgvfdb~~~adhesin_mfa__mfa1__allele1~~~19Pg9+A7436+A7436-C+GMU202011+LyEC01+LyEC02+PgM52+Pg_381+atcc33277+grey_iso+w83+yellow_iso~~~fimbria_major_subunit_Mfa1
VFA_100	VF_allele	Y	Y	mfa1	Minor fimbrium subunit Mfa1	Surface Structures & Colonization			Strain-unique	1/5	Y	mfa1	adhesin_mfa	T1	11			PgCG_02244	LYG1	DDLCJE_01857	P0DOA1	1497	498	pgvfdb~~~adhesin_mfa__mfa1__allele2~~~A7A1-28+AJW4+ATCC49417_v2+COM30Pg+HG1691+HG1691old+KCOM_2796+KCOM_3131+LYG1+LYG2+Pg193+atcc49417~~~Minor_fimbrium_subunit_Mfa1
VFA_101	VF_allele	Y	Y	mfa1	fimbria major subunit Mfa1	Surface Structures & Colonization			Soft-core	4/5	Y	mfa1	adhesin_mfa	T1	2			PgCG_01567	tdc60	EGHGLF_01459	UPI000BE76122	1698	565	pgvfdb~~~adhesin_mfa__mfa1__allele3~~~JCM_19600+KCOM_2799+tdc60~~~fimbria_major_subunit_Mfa1
VFA_102	VF_allele	Y	Y	mfa2	fimbrial anchor subunit Mfa2	Surface Structures & Colonization			Core	5/5	Y	mfa2	adhesin_mfa	T1	4			PgCG_01161	AJW4	CELAOB_00170	A0A0H5ATZ7	957	318	pgvfdb~~~adhesin_mfa__mfa2__allele1~~~A7A1-28+AJW4+ATCC49417_v2+COM30Pg+HG1691+HG1691old+KCOM_2796+KCOM_3131+LYG1+LYG2+Pg193+atcc49417~~~fimbrial_anchor_subunit_Mfa2
VFA_103	VF_allele	Y	Y	mfa3	fimbrial tip subunit Mfa3	Surface Structures & Colonization			Soft-core	4/5	Y	mfa3	adhesin_mfa	T2	15			PgCG_01568	GMU202011	BPGMMO_00227	B2RHG3	1341	446	pgvfdb~~~adhesin_mfa__mfa3__allele1~~~19Pg9+A7436+A7436-C+GMU202011+JCM_19600+KCOM_2799+KCOM_3001+LyEC01+LyEC02+PgM52+Pg_381+Pg_K5+W50+atcc33277+grey_iso+tdc60+w83+yellow_iso~~~fimbrial_tip_subunit_Mfa3
VFA_104	VF_allele	Y	Y	mfa4	minor fimbrial subunit Mfa4	Surface Structures & Colonization			Soft-core	4/5	Y	mfa4	adhesin_mfa	T2	12			PgCG_01571	A7436	EMNIEE_00172	B2RHG4	1002	333	pgvfdb~~~adhesin_mfa__mfa4__allele1~~~19Pg9+A7436+A7436-C+GMU202011+JCM_19600+KCOM_2799+KCOM_3001+LyEC01+LyEC02+Pg_381+Pg_K5+W50+atcc33277+grey_iso+tdc60+w83+yellow_iso~~~minor_fimbrial_subunit_Mfa4
VFA_105	VF_allele	Y	Y	mfa5	minor fimbrial subunit Mfa5	Surface Structures & Colonization			Soft-core	4/5	Y	mfa5	adhesin_mfa	T2	14			PgCG_01572	A7436	EMNIEE_00173	B2RHG5	3678	1225	pgvfdb~~~adhesin_mfa__mfa5__allele1~~~A7436+A7436-C+AJW4+GMU202011+HG1691+HG1691old+KCOM_2796+KCOM_2799+KCOM_3131+LyEC01+LyEC02+Pg193+W50+grey_iso+w83+yellow_iso~~~minor_fimbrial_subunit_Mfa5
VFA_106	VF_allele	Y	Y	mfa5	minor fimbrial subunit Mfa5	Surface Structures & Colonization			Soft-core	4/5	Y	mfa5	adhesin_mfa	T2	3			PgCG_01572	atcc33277	OHKNAD_00291	B2RHG5	3684	1227	pgvfdb~~~adhesin_mfa__mfa5__allele2~~~COM30Pg+Pg_381+atcc33277~~~minor_fimbrial_subunit_Mfa5
VFA_107	VF_allele	Y	Y	mlaD	Mce/MlaD domain-containing protein	Uncharacterized Proteins	M	COG1463	Core	5/5	Y	mlaD	OMV_biogen	T3	24			PgCG_01390	AJW4	CELAOB_00843	Q7MVK8	879	292	pgvfdb~~~OMV_biogen__mlaD__allele1~~~19Pg9+A7436+A7436-C+A7A1-28+AJW4+ATCC49417_v2+COM30Pg+GMU202011+HG1691+HG1691old+JCM_19600+KCOM_2796+KCOM_2799+KCOM_3001+KCOM_3131+LYG1+LYG2+LyEC01+LyEC02+Pg193+PgM52+Pg_381+Pg_K5+W50+atcc33277+atcc49417+grey_iso+tdc60+w83+yellow_iso~~~Mce/MlaD_domain-containing_protein
VFA_108	VF_allele	Y	Y	mlaE	ABC transporter permease	Secretion & Molecular Export	M	COG0767	Core	5/5	Y	mlaE	OMV_biogen	T3	9			PgCG_01067	A7436	EMNIEE_00936	Q7MVM0	747	248	pgvfdb~~~OMV_biogen__mlaE__allele1~~~19Pg9+A7436+A7436-C+A7A1-28+AJW4+ATCC49417_v2+COM30Pg+GMU202011+HG1691+HG1691old+JCM_19600+KCOM_2796+KCOM_2799+KCOM_3001+KCOM_3131+LYG1+LYG2+LyEC01+LyEC02+Pg193+PgM52+Pg_381+Pg_K5+W50+atcc33277+atcc49417+grey_iso+tdc60+w83+yellow_iso~~~ABC_transporter_permease
VFA_109	VF_allele	Y	Y	nlpC	C40 family peptidase	Proteolytic Virulence & Effectors	M	COG0791	Core	5/5	Y	nlpC	peptidase	T3	19			PgCG_01009	A7436	EMNIEE_01234	A0AAE9XIT4	609	202	pgvfdb~~~peptidase__nlpC__allele1~~~19Pg9+A7436+A7436-C+A7A1-28+AJW4+ATCC49417_v2+COM30Pg+GMU202011+HG1691+HG1691old+JCM_19600+KCOM_2796+KCOM_2799+KCOM_3001+KCOM_3131+LYG1+LYG2+LyEC01+LyEC02+Pg193+PgM52+Pg_381+Pg_K5+W50+atcc33277+atcc49417+grey_iso+tdc60+w83+yellow_iso~~~C40_family_peptidase
VFA_110	VF_allele	Y	Y	nlpC	NlpC/P60 domain-containing protein	Uncharacterized Proteins	M	COG0791	Core	5/5	Y	nlpC	peptidase	T3	9			PgCG_01396	A7436	EMNIEE_01217	B2RIU5	570	189	pgvfdb~~~peptidase__nlpC__allele2~~~A7436+AJW4+GMU202011+HG1691+LYG1+LYG2+LyEC01+LyEC02+atcc33277+atcc49417+tdc60+w83~~~NlpC/P60_domain-containing_protein
VFA_111	VF_allele	Y	Y	ompH	OmpH family outer membrane protein	Cell Envelope & Morphogenesis			Core	5/5	Y	ompH	OM_chaperone	T3	22			PgCG_00038	A7436	EMNIEE_01398	Q7MWR0	621	206	pgvfdb~~~OM_chaperone__ompH__allele1~~~19Pg9+A7436+A7436-C+A7A1-28+AJW4+ATCC49417_v2+COM30Pg+GMU202011+HG1691+HG1691old+JCM_19600+KCOM_2796+KCOM_2799+KCOM_3001+KCOM_3131+LYG1+LYG2+LyEC01+LyEC02+Pg193+PgM52+Pg_381+Pg_K5+W50+atcc33277+atcc49417+grey_iso+tdc60+w83+yellow_iso~~~OmpH_family_outer_membrane_protein
VFA_112	VF_allele	Y	Y	ompH	Cationic outer membrane protein OmpH	Cell Envelope & Morphogenesis			Core	5/5	Y	ompH	OM_chaperone	T3	7			PgCG_00003	A7436	EMNIEE_00183	Q7MXJ1	492	163	pgvfdb~~~OM_chaperone__ompH__allele2~~~A7436+AJW4+GMU202011+HG1691+LYG1+LYG2+LyEC01+LyEC02+atcc33277+atcc49417+tdc60+w83~~~Cationic_outer_membrane_protein_OmpH
VFA_113	VF_allele	Y	Y	ompH	Cationic outer membrane protein OmpH	Cell Envelope & Morphogenesis	M;O	COG2825	Core	5/5	Y	ompH	OM_chaperone	T3	6			PgCG_00002	AJW4	CELAOB_00181	B2RHH4	513	170	pgvfdb~~~OM_chaperone__ompH__allele3~~~A7436+AJW4+GMU202011+HG1691+LYG1+LYG2+LyEC01+LyEC02+atcc33277+atcc49417+tdc60+w83~~~Cationic_outer_membrane_protein_OmpH
VFA_114	VF_allele	Y	Y	oxyR	Redox-sensitive transcriptional activator OxyR	Uncharacterized Proteins			Core	5/5	Y	oxyR	ox_stress_reg	T1	16			PgCG_01438	A7436	EMNIEE_00246	Q7MXD3	927	308	pgvfdb~~~ox_stress_reg__oxyR__allele1~~~19Pg9+A7436+A7436-C+A7A1-28+ATCC49417_v2+COM30Pg+GMU202011+HG1691old+JCM_19600+KCOM_2796+KCOM_2799+KCOM_3001+KCOM_3131+Pg193+PgM52+Pg_381+Pg_K5+W50+atcc33277+atcc49417+grey_iso+w83+yellow_iso~~~Redox-sensitive_transcriptional_activator_OxyR
VFA_115	VF_allele	Y	Y	pepD2	Aminoacyl-histidine dipeptidase	Proteolytic Virulence & Effectors	E	COG2195	Core	5/5	Y	pepD2	peptidase	T3	17			PgCG_01003	AJW4	CELAOB_01326	Q7MWQ8	1461	486	pgvfdb~~~peptidase__pepD2__allele1~~~19Pg9+A7436+A7436-C+A7A1-28+AJW4+ATCC49417_v2+COM30Pg+GMU202011+HG1691+HG1691old+JCM_19600+KCOM_2796+KCOM_2799+KCOM_3001+KCOM_3131+LYG1+LYG2+LyEC01+LyEC02+PgM52+Pg_381+Pg_K5+W50+atcc33277+atcc49417+grey_iso+tdc60+w83+yellow_iso~~~Aminoacyl-histidine_dipeptidase
VFA_116	VF_allele	Y	Y	pepD2	Aminoacyl-histidine dipeptidase	Proteolytic Virulence & Effectors	E	COG2195	Core	5/5	Y	pepD2	peptidase	T3	11			PgCG_01002	LYG1	DDLCJE_01892	Q7MXN5	1455	484	pgvfdb~~~peptidase__pepD2__allele2~~~A7436+AJW4+GMU202011+HG1691+LYG1+LYG2+LyEC01+LyEC02+Pg193+atcc33277+atcc49417+tdc60+w83~~~Aminoacyl-histidine_dipeptidase
VFA_117	VF_allele	Y	Y	pepO	M13 family metallopeptidase	Proteolytic Virulence & Effectors	O	COG3590	Core	5/5	Y	pepO	protease_other	T3	25			PgCG_01027	A7436	EMNIEE_00154	A0AAE9XDL8	2070	689	pgvfdb~~~protease_other__pepO__allele1~~~19Pg9+A7436+A7436-C+A7A1-28+AJW4+ATCC49417_v2+COM30Pg+GMU202011+HG1691+HG1691old+JCM_19600+KCOM_2796+KCOM_2799+KCOM_3001+KCOM_3131+LYG1+LYG2+LyEC01+LyEC02+Pg193+PgM52+Pg_381+Pg_K5+W50+atcc33277+atcc49417+grey_iso+tdc60+w83+yellow_iso~~~M13_family_metallopeptidase
VFA_118	VF_allele	Y	Y	pepT	peptidase T	Proteolytic Virulence & Effectors	E	COG2195	Core	5/5	Y	pepT	peptidase	T3	28			PgCG_01038	LyEC01	JMNHIK_01537	Q7MWY4	1218	405	pgvfdb~~~peptidase__pepT__allele1~~~19Pg9+A7436+A7436-C+A7A1-28+AJW4+ATCC49417_v2+COM30Pg+GMU202011+HG1691+HG1691old+JCM_19600+KCOM_2796+KCOM_2799+KCOM_3001+KCOM_3131+LYG1+LYG2+LyEC01+LyEC02+Pg193+PgM52+Pg_381+Pg_K5+W50+atcc33277+atcc49417+grey_iso+tdc60+w83+yellow_iso~~~peptidase_T
VFA_119	VF_allele	Y	Y	mtnN	5'-methylthioadenosine/adenosylhomocysteine nucleosidase	Metabolic Homeostasis	F;H	COG0775	Core	5/5	Y	pfs	QS	T3	21			PgCG_00437	A7436	EMNIEE_01436	Q7MWU0	687	228	pgvfdb~~~QS__pfs__allele1~~~19Pg9+A7436+A7436-C+A7A1-28+AJW4+ATCC49417_v2+COM30Pg+GMU202011+HG1691+HG1691old+JCM_19600+KCOM_2796+KCOM_2799+KCOM_3001+KCOM_3131+LYG1+LYG2+LyEC01+LyEC02+Pg193+PgM52+Pg_381+Pg_K5+W50+atcc33277+atcc49417+grey_iso+tdc60+w83+yellow_iso~~~5'-methylthioadenosine/adenosylhomocysteine_nucleosidase
VFA_120	VF_allele	N	Y	pgm6	Putative outer membrane protein (Slakeski vaccine candidate)	Cell Envelope & Morphogenesis			not in 5-strain backbone		Y	pgm6	OMP	T2	5				KCOM_3001	WP_012457733.1	Q60FT2	0	391	pgvfdb~~~OMP__pgm6__allele1~~~KCOM_3001+PgM52+Pg_381+Pg_K5+atcc33277~~~Putative_outer_membrane_protein_(Slakeski_vaccine_candidate)__via_uniprot_anchor
VFA_121	VF_allele	N	Y	pgm7	Putative outer membrane protein (Slakeski vaccine candidate)	Cell Envelope & Morphogenesis			not in 5-strain backbone		Y	pgm7	OMP	T2	5				KCOM_3001	WP_043890113.1	Q60FT1	0	380	pgvfdb~~~OMP__pgm7__allele1~~~KCOM_3001+PgM52+Pg_381+Pg_K5+atcc33277~~~Putative_outer_membrane_protein_(Slakeski_vaccine_candidate)__via_uniprot_anchor
VFA_122	VF_allele	Y	Y	php1	polysaccharide biosynthesis protein-tyrosine phosphatase Php1	Surface Structures & Colonization	T	COG4464	Core	5/5	Y	php1	phosphatase	T3	28			PgCG_01187	LYG1	DDLCJE_00525	Q7MWZ3	744	247	pgvfdb~~~phosphatase__php1__allele1~~~19Pg9+A7436+A7436-C+A7A1-28+AJW4+ATCC49417_v2+COM30Pg+GMU202011+HG1691+HG1691old+JCM_19600+KCOM_2796+KCOM_2799+KCOM_3001+KCOM_3131+LYG1+LYG2+LyEC01+LyEC02+Pg193+PgM52+Pg_381+Pg_K5+W50+atcc33277+atcc49417+grey_iso+tdc60+w83+yellow_iso~~~polysaccharide_biosynthesis_protein-tyrosine_phosphatase_Php1
VFA_123	VF_allele	Y	Y	fepA	TonB-dependent receptor plug domain-containing protein	Heme & Ion Homeostasis	P	COG4771	Core	5/5	Y	porF	T9SS	T1	21			PgCG_00398	LyEC01	JMNHIK_01451	Q7MWR1	2484	827	pgvfdb~~~T9SS__porF__allele1~~~A7436+A7436-C+AJW4+ATCC49417_v2+GMU202011+HG1691+HG1691old+JCM_19600+KCOM_2796+KCOM_2799+KCOM_3001+KCOM_3131+LYG1+LYG2+LyEC01+LyEC02+Pg_381+W50+atcc33277+atcc49417+grey_iso+tdc60+w83+yellow_iso~~~TonB-dependent_receptor_plug_domain-containing_protein__via_vfdb_bridge
VFA_124	VF_allele	Y	Y	porG	Outer membrane protein beta-barrel domain-containing protein	Cell Envelope & Morphogenesis			Core	5/5	Y	porG	T9SS	T1	20			PgCG_00054	A7436	EMNIEE_00179	Q7MXJ5	708	235	pgvfdb~~~T9SS__porG__allele1~~~19Pg9+A7436+A7436-C+A7A1-28+AJW4+ATCC49417_v2+COM30Pg+GMU202011+HG1691+HG1691old+JCM_19600+KCOM_2796+KCOM_2799+KCOM_3001+KCOM_3131+LYG1+LYG2+LyEC01+LyEC02+Pg193+PgM52+Pg_381+Pg_K5+W50+atcc33277+atcc49417+grey_iso+tdc60+w83+yellow_iso~~~Outer_membrane_protein_beta-barrel_domain-containing_protein__via_vfdb_bridge
VFA_125	VF_allele	Y	Y	porK	Por secretion system protein porK/gldK	Secretion & Molecular Export	N;U	COG6063	Core	5/5	Y	porK	T9SS	T1	23			PgCG_01119	A7436	EMNIEE_01619	B2RLF0	1476	491	pgvfdb~~~T9SS__porK__allele1~~~19Pg9+A7436+A7436-C+A7A1-28+AJW4+ATCC49417_v2+COM30Pg+GMU202011+HG1691+HG1691old+JCM_19600+KCOM_2796+KCOM_2799+KCOM_3001+KCOM_3131+LYG1+LYG2+LyEC01+LyEC02+Pg193+PgM52+Pg_381+W50+atcc33277+atcc49417+grey_iso+tdc60+w83+yellow_iso~~~Por_secretion_system_protein_porK/gldK
VFA_126	VF_allele	Y	Y	porL	Gliding motility protein GldL-like N-terminal domain-containing protein	Secretion & Molecular Export	N;U	COG6064	Core	5/5	Y	porL	T9SS	T1	22			PgCG_01097	A7436	EMNIEE_01618	Q7MXB6	930	309	pgvfdb~~~T9SS__porL__allele1~~~19Pg9+A7436+A7436-C+A7A1-28+AJW4+ATCC49417_v2+COM30Pg+GMU202011+HG1691+HG1691old+JCM_19600+KCOM_2796+KCOM_2799+KCOM_3001+KCOM_3131+LYG1+LYG2+LyEC01+LyEC02+Pg193+PgM52+Pg_381+Pg_K5+W50+atcc33277+atcc49417+grey_iso+tdc60+w83+yellow_iso~~~Gliding_motility_protein_GldL-like_N-terminal_domain-containing_protein
VFA_127	VF_allele	Y	Y	porM	Por secretion system protein porM/gldM	Secretion & Molecular Export	N;U	COG6065	Core	5/5	Y	porM	T9SS	T1	19			PgCG_01120	A7436	EMNIEE_01617	B2RLE8	1551	516	pgvfdb~~~T9SS__porM__allele1~~~19Pg9+A7436+A7436-C+A7A1-28+AJW4+ATCC49417_v2+COM30Pg+GMU202011+HG1691+HG1691old+JCM_19600+KCOM_2796+KCOM_2799+KCOM_3001+KCOM_3131+LYG1+LYG2+LyEC01+LyEC02+Pg193+PgM52+Pg_381+Pg_K5+W50+atcc33277+atcc49417+grey_iso+tdc60+w83+yellow_iso~~~Por_secretion_system_protein_porM/gldM
VFA_128	VF_allele	Y	Y	porN	type IX secretion system ring subunit PorN/GldN	Secretion & Molecular Export			not in 5-strain backbone		Y	porN	T9SS	T1	17				A7436	PGA7_RS07710		1080	359	pgvfdb~~~T9SS__porN__allele1~~~19Pg9+A7436+A7436-C+A7A1-28+AJW4+ATCC49417_v2+COM30Pg+HG1691old+JCM_19600+KCOM_2796+KCOM_2799+KCOM_3001+KCOM_3131+Pg193+PgM52+Pg_381+Pg_K5+W50+grey_iso+w83+yellow_iso~~~type_IX_secretion_system_ring_subunit_PorN/GldN__via_ncbi_bridge
VFA_129	VF_allele	Y	Y	porP	type IX secretion system membrane protein PorP	Secretion & Molecular Export	U	COG6067	Core	5/5	Y	porP	T9SS	T1	27			PgCG_01143	LYG1	DDLCJE_00325	Q7MXB8	954	317	pgvfdb~~~T9SS__porP__allele1~~~19Pg9+A7436+A7436-C+A7A1-28+AJW4+ATCC49417_v2+COM30Pg+GMU202011+HG1691+HG1691old+JCM_19600+KCOM_2796+KCOM_2799+KCOM_3001+KCOM_3131+LYG1+LYG2+LyEC01+LyEC02+Pg193+PgM52+Pg_381+Pg_K5+W50+atcc33277+atcc49417+grey_iso+tdc60+w83+yellow_iso~~~type_IX_secretion_system_membrane_protein_PorP
VFA_130	VF_allele	Y	Y	plug	Type 9 secretion system plug protein N-terminal domain-containing protein	Secretion & Molecular Export	U	COG6074	Core	5/5	Y	porPlug	T9SS	T1	23			PgCG_01142	A7436	EMNIEE_01960	B2RH18	1260	419	pgvfdb~~~T9SS__porPlug__allele1~~~19Pg9+A7436+A7436-C+A7A1-28+AJW4+ATCC49417_v2+COM30Pg+GMU202011+HG1691+HG1691old+JCM_19600+KCOM_2796+KCOM_2799+KCOM_3001+KCOM_3131+LYG1+LYG2+LyEC01+LyEC02+Pg193+PgM52+Pg_381+Pg_K5+W50+atcc33277+atcc49417+grey_iso+tdc60+w83+yellow_iso~~~Type_9_secretion_system_plug_protein_N-terminal_domain-containing_protein__via_vfdb_bridge
VFA_131	VF_allele	Y	Y	porQ	type IX secretion system protein PorQ	Secretion & Molecular Export	U	COG6068	Core	5/5	Y	porQ	T9SS	T1	27			PgCG_01145	A7436	EMNIEE_01341	A0A0A2FEM6	1041	346	pgvfdb~~~T9SS__porQ__allele1~~~19Pg9+A7436+A7436-C+A7A1-28+AJW4+ATCC49417_v2+COM30Pg+GMU202011+HG1691+HG1691old+JCM_19600+KCOM_2796+KCOM_2799+KCOM_3001+KCOM_3131+LYG1+LYG2+LyEC01+LyEC02+Pg193+PgM52+Pg_381+Pg_K5+W50+atcc33277+atcc49417+grey_iso+tdc60+w83+yellow_iso~~~type_IX_secretion_system_protein_PorQ
VFA_132	VF_allele	Y	Y	porR	pigmentation and extracellular proteinase regulator	Surface Structures & Colonization			not in 5-strain backbone		Y	porR	A-LPS	T2	1				w83	CF003_1138		1155	384	pgvfdb~~~A-LPS__porR__allele1~~~w83~~~pigmentation_and_extracellular_proteinase_regulator__via_ncbi_bridge
VFA_133	VF_allele	Y	Y	rfbX	PorS protein	Secretion & Molecular Export	M	COG2244	Core	5/5	Y	porS	T9SS	T1	26			PgCG_01123	A7436	EMNIEE_00842	Q7MVD2	1308	435	pgvfdb~~~T9SS__porS__allele1~~~19Pg9+A7436+A7436-C+A7A1-28+AJW4+ATCC49417_v2+COM30Pg+GMU202011+HG1691+HG1691old+JCM_19600+KCOM_2796+KCOM_2799+KCOM_3001+KCOM_3131+LYG1+LYG2+LyEC01+LyEC02+Pg193+PgM52+Pg_381+Pg_K5+W50+atcc33277+atcc49417+grey_iso+tdc60+w83+yellow_iso~~~PorS_protein__via_vfdb_bridge
VFA_134	VF_allele	Y	Y	porT	PorT protein	Secretion & Molecular Export	U	COG6069	Core	5/5	Y	porT	T9SS	T1	11			PgCG_01124	A7436	EMNIEE_01207	F5HG90	735	244	pgvfdb~~~T9SS__porT__allele1~~~19Pg9+A7436+A7436-C+A7A1-28+AJW4+ATCC49417_v2+COM30Pg+GMU202011+HG1691+HG1691old+JCM_19600+KCOM_2796+KCOM_2799+KCOM_3001+KCOM_3131+LYG1+LYG2+LyEC01+LyEC02+Pg193+PgM52+Pg_381+Pg_K5+W50+atcc33277+atcc49417+grey_iso+tdc60+w83+yellow_iso~~~PorT_protein
VFA_135	VF_allele	Y	Y	porU	Por secretion system protein porU	Secretion & Molecular Export	U	COG6070	Core	5/5	Y	porU	T9SS	T1	25			PgCG_01121	A7436	EMNIEE_00025	B2RGP6	3477	1158	pgvfdb~~~T9SS__porU__allele1~~~19Pg9+A7436+A7436-C+A7A1-28+AJW4+ATCC49417_v2+COM30Pg+GMU202011+HG1691+HG1691old+JCM_19600+KCOM_2796+KCOM_2799+KCOM_3001+KCOM_3131+LYG1+LYG2+LyEC01+LyEC02+Pg193+PgM52+Pg_381+Pg_K5+W50+atcc33277+atcc49417+grey_iso+tdc60+w83+yellow_iso~~~Por_secretion_system_protein_porU
VFA_136	VF_allele	Y	Y	porV	type IX secretion system outer membrane channel protein PorV	Secretion & Molecular Export	U	COG6071	Core	5/5	Y	porV	T9SS	T1	12			PgCG_01144	A7436	EMNIEE_00026	Q7MXX1	1176	391	pgvfdb~~~T9SS__porV__allele1~~~19Pg9+A7436+A7436-C+A7A1-28+AJW4+ATCC49417_v2+COM30Pg+GMU202011+HG1691+HG1691old+JCM_19600+KCOM_2796+KCOM_2799+KCOM_3001+KCOM_3131+LYG1+LYG2+LyEC01+LyEC02+Pg193+PgM52+Pg_381+Pg_K5+W50+atcc33277+atcc49417+grey_iso+tdc60+w83+yellow_iso~~~type_IX_secretion_system_outer_membrane_channel_protein_PorV
VFA_137	VF_allele	Y	Y	porW	Por secretion system protein porW/sprE	Secretion & Molecular Export	U	COG6072	Core	5/5	Y	porW	T9SS	T1	27			PgCG_01122	LyEC01	JMNHIK_01812	B2RM01	3483	1160	pgvfdb~~~T9SS__porW__allele1~~~19Pg9+A7436+A7436-C+A7A1-28+AJW4+ATCC49417_v2+COM30Pg+GMU202011+HG1691+HG1691old+JCM_19600+KCOM_2796+KCOM_2799+KCOM_3001+KCOM_3131+LYG1+LYG2+LyEC01+LyEC02+Pg193+PgM52+Pg_381+Pg_K5+W50+atcc33277+atcc49417+grey_iso+tdc60+w83+yellow_iso~~~Por_secretion_system_protein_porW/sprE
VFA_138	VF_allele	Y	Y	porX	Response regulator	Secretion & Molecular Export	U	COG6076	Core	5/5	Y	porX	T9SS_reg	T1	27			PgCG_01135	A7436	EMNIEE_01037	Q7MVV4	1545	514	pgvfdb~~~T9SS_reg__porX__allele1~~~19Pg9+A7436+A7436-C+A7A1-28+AJW4+ATCC49417_v2+COM30Pg+GMU202011+HG1691+HG1691old+JCM_19600+KCOM_2796+KCOM_2799+KCOM_3001+KCOM_3131+LYG1+LYG2+LyEC01+LyEC02+Pg193+PgM52+Pg_381+Pg_K5+W50+atcc33277+atcc49417+grey_iso+tdc60+w83+yellow_iso~~~Response_regulator
VFA_139	VF_allele	Y	Y	porZ	TSS9 PorZ N-terminal beta-propeller domain-containing protein	Secretion & Molecular Export	T	COG3292	Core	5/5	Y	porZ	T9SS	T1	25			PgCG_01141	LYG1	DDLCJE_01635	A0A0A2F0C4	2307	768	pgvfdb~~~T9SS__porZ__allele1~~~19Pg9+A7436+A7436-C+A7A1-28+AJW4+ATCC49417_v2+GMU202011+HG1691+HG1691old+JCM_19600+KCOM_2796+KCOM_2799+KCOM_3001+KCOM_3131+LYG1+LYG2+LyEC01+LyEC02+Pg193+Pg_381+Pg_K5+W50+atcc33277+atcc49417+grey_iso+tdc60+w83+yellow_iso~~~TSS9_PorZ_N-terminal_beta-propeller_domain-containing_protein
VFA_140	VF_allele	Y	Y	cTD-A	peptidylarginine deiminase PPAD	Proteolytic Virulence & Effectors	U	COG6083	Core	5/5	Y	ppad	PPAD	T1	24			PgCG_01042	A7436	EMNIEE_00532	Q9RQJ2	1671	556	pgvfdb~~~PPAD__ppad__allele1~~~19Pg9+A7436+A7436-C+A7A1-28+AJW4+ATCC49417_v2+COM30Pg+GMU202011+HG1691+HG1691old+JCM_19600+KCOM_2796+KCOM_2799+KCOM_3001+KCOM_3131+LYG1+LYG2+LyEC01+LyEC02+Pg193+PgM52+Pg_381+Pg_K5+W50+atcc33277+atcc49417+grey_iso+tdc60+w83+yellow_iso~~~peptidylarginine_deiminase_PPAD
VFA_141	VF_allele	Y	Y	pqqL	Peptidase M16	Proteolytic Virulence & Effectors	R	COG0612	Core	5/5	Y	pqqL	peptidase	T3	23			PgCG_01031	A7436	EMNIEE_00186	A0A0A2FMR4	2826	941	pgvfdb~~~peptidase__pqqL__allele1~~~19Pg9+A7436+A7436-C+A7A1-28+AJW4+ATCC49417_v2+COM30Pg+GMU202011+HG1691+HG1691old+JCM_19600+KCOM_2796+KCOM_2799+KCOM_3001+KCOM_3131+LYG1+LYG2+LyEC01+LyEC02+Pg193+PgM52+Pg_381+Pg_K5+W50+atcc33277+atcc49417+grey_iso+tdc60+w83+yellow_iso~~~Peptidase_M16
VFA_142	VF_allele	Y	Y	pqqL	Putative peptidase	Proteolytic Virulence & Effectors	R	COG0612	Core	5/5	Y	pqqL	peptidase	T3	8			PgCG_01050	A7436	EMNIEE_00083	B2RMF8	1218	405	pgvfdb~~~peptidase__pqqL__allele2~~~A7436+AJW4+GMU202011+HG1691+LYG1+LYG2+LyEC01+LyEC02+atcc33277+atcc49417+tdc60+w83~~~Putative_peptidase
VFA_143	VF_allele	Y	Y	prtC	Collagenase	Proteolytic Virulence & Effectors	J	COG0826	Core	5/5	Y	prtC	protease_other	T2	27			PgCG_01014	HG1691	DFFMHE_00513	P33437	1254	417	pgvfdb~~~protease_other__prtC__allele1~~~19Pg9+A7436+A7436-C+A7A1-28+AJW4+ATCC49417_v2+COM30Pg+GMU202011+HG1691+HG1691old+JCM_19600+KCOM_2796+KCOM_2799+KCOM_3001+KCOM_3131+LYG1+LYG2+LyEC01+LyEC02+Pg193+PgM52+Pg_381+Pg_K5+W50+atcc33277+atcc49417+grey_iso+tdc60+w83+yellow_iso~~~Collagenase
VFA_144	VF_allele	Y	Y	cTD-A	Peptidase S1 domain-containing protein	Proteolytic Virulence & Effectors	U	COG6083	Core	5/5	Y	prtS	T9SS_cargo	T2	25			PgCG_01037	AJW4	CELAOB_01314	A0A0E2LRW8	2823	940	pgvfdb~~~T9SS_cargo__prtS__allele1~~~19Pg9+A7436+A7436-C+A7A1-28+AJW4+ATCC49417_v2+COM30Pg+GMU202011+HG1691+HG1691old+JCM_19600+KCOM_2796+KCOM_2799+KCOM_3001+KCOM_3131+LYG1+LYG2+LyEC01+LyEC02+Pg193+PgM52+Pg_381+Pg_K5+W50+atcc33277+atcc49417+grey_iso+tdc60+w83+yellow_iso~~~Peptidase_S1_domain-containing_protein
VFA_145	VF_allele	Y	Y	prtT	Thiol protease/hemagglutinin PrtT	Proteolytic Virulence & Effectors	U	COG6083	Core	5/5	Y	prtT	protease_other	T2	28			PgCG_01061	LyEC01	JMNHIK_00494	P43158	2523	840	pgvfdb~~~protease_other__prtT__allele1~~~19Pg9+A7436+A7436-C+A7A1-28+AJW4+ATCC49417_v2+COM30Pg+GMU202011+HG1691+HG1691old+JCM_19600+KCOM_2796+KCOM_2799+KCOM_3001+KCOM_3131+LYG1+LYG2+LyEC01+LyEC02+Pg193+PgM52+Pg_381+Pg_K5+W50+atcc33277+atcc49417+grey_iso+tdc60+w83+yellow_iso~~~Thiol_protease/hemagglutinin_PrtT
VFA_146	VF_allele	Y	Y	cTD-A	Thiol protease/hemagglutinin PrtT, putative	Proteolytic Virulence & Effectors	U	COG6083	Core	5/5	Y	prtT_paralog	protease_other	T2	27			PgCG_01062	LyEC01	JMNHIK_00517	Q7MUR6	2586	861	pgvfdb~~~protease_other__prtT_paralog__allele1~~~19Pg9+A7436+A7436-C+A7A1-28+AJW4+ATCC49417_v2+COM30Pg+GMU202011+HG1691+HG1691old+JCM_19600+KCOM_2796+KCOM_2799+KCOM_3001+KCOM_3131+LYG1+LYG2+LyEC01+LyEC02+Pg193+PgM52+Pg_381+Pg_K5+W50+atcc33277+atcc49417+grey_iso+tdc60+w83+yellow_iso~~~Thiol_protease/hemagglutinin_PrtT,_putative
VFA_147	VF_allele	Y	Y	ptk1	polysaccharide biosynthesis tyrosine autokinase Ptk1	Surface Structures & Colonization	M	COG3206	Core	5/5	Y	ptk1	kinase	T2	14			PgCG_01188	LyEC01	JMNHIK_01529	A0AAE9X8V5	2466	821	pgvfdb~~~kinase__ptk1__allele1~~~AJW4+GMU202011+HG1691+HG1691old+JCM_19600+KCOM_3001+LyEC01+LyEC02+PgM52+Pg_381+Pg_K5+atcc33277+grey_iso+tdc60+yellow_iso~~~polysaccharide_biosynthesis_tyrosine_autokinase_Ptk1__via_vfdb_bridge
VFA_148	VF_allele	Y	Y	ptk1	polysaccharide biosynthesis tyrosine autokinase Ptk1	Surface Structures & Colonization	M	COG3206	Core	5/5	Y	ptk1	kinase	T2	14			PgCG_01188	LYG1	DDLCJE_00526	A0AAF0BGW2	2469	822	pgvfdb~~~kinase__ptk1__allele2~~~19Pg9+A7436+A7436-C+A7A1-28+ATCC49417_v2+COM30Pg+KCOM_2796+KCOM_2799+KCOM_3131+LYG1+LYG2+Pg193+W50+atcc49417+w83~~~polysaccharide_biosynthesis_tyrosine_autokinase_Ptk1__via_vfdb_bridge
VFA_149	VF_allele	Y	Y	ptpA	Prolyl tripeptidyl peptidase	Proteolytic Virulence & Effectors	E	COG1506	Core	5/5	Y	ptpA	peptidase	T2	24			PgCG_01046	A7436	EMNIEE_00588	Q7MUW6	2199	732	pgvfdb~~~peptidase__ptpA__allele1~~~19Pg9+A7436+A7436-C+A7A1-28+AJW4+ATCC49417_v2+COM30Pg+GMU202011+HG1691+HG1691old+JCM_19600+KCOM_2796+KCOM_2799+KCOM_3001+KCOM_3131+LYG1+LYG2+LyEC01+LyEC02+Pg193+PgM52+Pg_381+Pg_K5+W50+atcc33277+atcc49417+grey_iso+tdc60+w83+yellow_iso~~~Prolyl_tripeptidyl_peptidase
VFA_150	VF_allele	Y	Y	ragA	RagA protein	Heme & Ion Homeostasis	P	COG4771	Shell	2/5	Y	ragA	OM_receptor	T1	6			PgCG_01819	atcc49417	HIGHBI_01960	Q7MXJ7	3054	1017	pgvfdb~~~OM_receptor__ragA__allele1~~~A7436+A7436-C+ATCC49417_v2+KCOM_3131+W50+atcc49417+w83~~~RagA_protein
VFA_151	VF_allele	Y	Y	ragB	RagB protein	Uncharacterized Proteins			Shell	2/5	Y	ragB	OM_receptor	T1	6			PgCG_02019	atcc33277	OHKNAD_00293	Q4KTT0	1512	503	pgvfdb~~~OM_receptor__ragB__allele1~~~GMU202011+JCM_19600+KCOM_3001+PgM52+Pg_381+atcc33277+grey_iso+tdc60+yellow_iso~~~RagB_protein
VFA_152	VF_allele	Y	Y	ragB	Lipoprotein RagB	Cell Envelope & Morphogenesis			Shell	2/5	Y	ragB	OM_receptor	T1	2			PgCG_01790	A7436	EMNIEE_00176	F5H948	1506	501	pgvfdb~~~OM_receptor__ragB__allele2~~~A7436+A7436-C+ATCC49417_v2+KCOM_3131+W50+atcc49417+w83~~~Lipoprotein_RagB
VFA_153	VF_allele	Y	Y	ragB	RagB/SusD domain-containing protein	Heme & Ion Homeostasis			not in 5-strain backbone		Y	ragB	OM_receptor	T1	5				HG1691	DFFMHE_00242	A0A0A2EYY8	1500	499	pgvfdb~~~OM_receptor__ragB__allele3~~~19Pg9+COM30Pg+HG1691+HG1691old+LyEC01+LyEC02~~~RagB/SusD_domain-containing_protein
VFA_154	VF_allele	Y	Y	rbr	rubrerythrin	Environmental Stress & Defense	C	COG1592	Core	5/5	Y	rbr	ox_stress	T2	14			PgCG_00098	LYG1	DDLCJE_01842	Q9AGG3	579	192	pgvfdb~~~ox_stress__rbr__allele1~~~19Pg9+A7436+A7436-C+A7A1-28+AJW4+ATCC49417_v2+COM30Pg+GMU202011+HG1691+HG1691old+JCM_19600+KCOM_2796+KCOM_2799+KCOM_3001+KCOM_3131+LYG1+LYG2+LyEC01+LyEC02+Pg193+PgM52+Pg_381+Pg_K5+W50+atcc33277+atcc49417+grey_iso+tdc60+w83+yellow_iso~~~rubrerythrin
VFA_155	VF_allele	Y	Y	recA	recombinase RecA	Genetic Information Processing	L	COG0468	Core	5/5	Y	recA	other_VF	T3	6			PgCG_00260	A7436	EMNIEE_01077	P77925	1023	340	pgvfdb~~~other_VF__recA__allele1~~~19Pg9+A7436+A7436-C+A7A1-28+AJW4+ATCC49417_v2+COM30Pg+GMU202011+HG1691+HG1691old+JCM_19600+KCOM_2796+KCOM_2799+KCOM_3001+KCOM_3131+LYG1+LYG2+LyEC01+LyEC02+Pg193+PgM52+Pg_381+Pg_K5+W50+atcc33277+atcc49417+grey_iso+tdc60+w83+yellow_iso~~~recombinase_RecA
VFA_156	VF_allele	Y	Y	rgpA	Arg-gingipain RgpA	Proteolytic Virulence & Effectors			Core	5/5	Y	rgpA	gingipain	T1	25			PgCG_01006	A7436	EMNIEE_01891	B2RM93	5121	1706	pgvfdb~~~gingipain__rgpA__allele1~~~19Pg9+A7436+A7436-C+AJW4+ATCC49417_v2+COM30Pg+GMU202011+HG1691+HG1691old+JCM_19600+KCOM_2796+KCOM_2799+KCOM_3001+KCOM_3131+LYG1+LYG2+LyEC01+LyEC02+Pg193+PgM52+Pg_381+Pg_K5+W50+atcc33277+atcc49417+grey_iso+tdc60+w83+yellow_iso~~~Arg-gingipain_RgpA
VFA_157	VF_allele	Y	Y	rgpB	Arg-gingipain RgpB	Proteolytic Virulence & Effectors	U	COG6083	Core	5/5	Y	rgpB	gingipain	T1	25			PgCG_01007	A7436	EMNIEE_01428	P95493	2211	736	pgvfdb~~~gingipain__rgpB__allele1~~~19Pg9+A7436+A7436-C+A7A1-28+AJW4+ATCC49417_v2+COM30Pg+GMU202011+HG1691+HG1691old+JCM_19600+KCOM_2796+KCOM_2799+KCOM_3001+KCOM_3131+LYG1+LYG2+LyEC01+LyEC02+Pg193+PgM52+Pg_381+Pg_K5+W50+atcc33277+atcc49417+grey_iso+tdc60+w83+yellow_iso~~~Arg-gingipain_RgpB
VFA_158	VF_allele	Y	Y	ompR	DNA-binding response regulator RprY	Genetic Information Processing	T;K	COG0745	Core	5/5	Y	rprY	regulator	T2	10			PgCG_00599	A7436	EMNIEE_00883	Q7MVH3	738	245	pgvfdb~~~regulator__rprY__allele1~~~19Pg9+A7436+A7436-C+A7A1-28+AJW4+ATCC49417_v2+COM30Pg+GMU202011+HG1691+HG1691old+JCM_19600+KCOM_2796+KCOM_2799+KCOM_3001+KCOM_3131+LYG1+LYG2+LyEC01+LyEC02+Pg193+PgM52+Pg_381+Pg_K5+W50+atcc33277+atcc49417+grey_iso+tdc60+w83+yellow_iso~~~DNA-binding_response_regulator_RprY
VFA_159	VF_allele	Y	Y	serB	protein-serine phosphatase SerB	Metabolic Homeostasis	T	COG3830	Core	5/5	Y	serB	phosphatase	T2	9			PgCG_00857	A7436	EMNIEE_01295	Q7MWG4	1242	413	pgvfdb~~~phosphatase__serB__allele1~~~19Pg9+A7436+A7436-C+A7A1-28+AJW4+ATCC49417_v2+COM30Pg+GMU202011+HG1691+HG1691old+JCM_19600+KCOM_2796+KCOM_2799+KCOM_3001+KCOM_3131+LYG1+LYG2+LyEC01+LyEC02+Pg193+PgM52+Pg_381+Pg_K5+W50+atcc33277+atcc49417+grey_iso+tdc60+w83+yellow_iso~~~protein-serine_phosphatase_SerB__via_vfdb_bridge
VFA_160	VF_allele	Y	Y	nanH	exo-alpha-sialidase	Metabolic Homeostasis	G;M	COG4409	Core	5/5	Y	siaPg_nanH	glycosidase	T1	25			PgCG_00620	A7436	EMNIEE_01562	B2RL82	1581	526	pgvfdb~~~glycosidase__siaPg_nanH__allele1~~~19Pg9+A7436+A7436-C+A7A1-28+AJW4+ATCC49417_v2+COM30Pg+GMU202011+HG1691+HG1691old+JCM_19600+KCOM_2796+KCOM_2799+KCOM_3001+KCOM_3131+LYG1+LYG2+LyEC01+LyEC02+Pg193+PgM52+Pg_381+Pg_K5+W50+atcc33277+atcc49417+grey_iso+tdc60+w83+yellow_iso~~~exo-alpha-sialidase
VFA_161	VF_allele	Y	Y	rpoE	RNA polymerase sigma-70 factor, ECF subfamily	Genetic Information Processing	K	COG1595	Core	5/5	Y	sigP	T9SS_reg	T1	11			PgCG_00280	A7436	EMNIEE_00157	Q7MXL2	582	193	pgvfdb~~~T9SS_reg__sigP__allele1~~~19Pg9+A7436+A7436-C+A7A1-28+AJW4+ATCC49417_v2+COM30Pg+GMU202011+HG1691+HG1691old+JCM_19600+KCOM_2796+KCOM_2799+KCOM_3001+KCOM_3131+LYG1+LYG2+LyEC01+LyEC02+Pg193+PgM52+Pg_381+Pg_K5+W50+atcc33277+atcc49417+grey_iso+tdc60+w83+yellow_iso~~~RNA_polymerase_sigma-70_factor,_ECF_subfamily
VFA_162	VF_allele	Y	Y	rpoE	RNA polymerase sigma-70 factor, ECF subfamily	Genetic Information Processing	K	COG1595	Core	5/5	Y	sigP	T9SS_reg	T1	9			PgCG_00284	LYG1	DDLCJE_01357	Q7MVR1	579	192	pgvfdb~~~T9SS_reg__sigP__allele2~~~A7436+AJW4+GMU202011+HG1691+LYG1+LYG2+LyEC01+LyEC02+atcc33277+atcc49417+tdc60+w83~~~RNA_polymerase_sigma-70_factor,_ECF_subfamily
VFA_163	VF_allele	Y	Y	rpoE	RNA polymerase sigma factor	Genetic Information Processing	K	COG1595	Core	5/5	Y	sigP_paralog1	T9SS_reg	T1	10			PgCG_00278	AJW4	CELAOB_00559	Q7MV00	567	188	pgvfdb~~~T9SS_reg__sigP_paralog1__allele1~~~19Pg9+A7436+A7436-C+A7A1-28+AJW4+ATCC49417_v2+COM30Pg+GMU202011+HG1691old+JCM_19600+KCOM_2796+KCOM_2799+KCOM_3001+KCOM_3131+LYG1+LYG2+Pg193+PgM52+Pg_381+Pg_K5+W50+atcc33277+atcc49417+grey_iso+tdc60+w83+yellow_iso~~~RNA_polymerase_sigma_factor
VFA_164	VF_allele	Y	Y	sodB	Superoxide dismutase [Mn/Fe]	Environmental Stress & Defense	P	COG0605	Core	5/5	Y	sod	ox_stress	T1	9			PgCG_00099	A7436	EMNIEE_00433	P19665	576	191	pgvfdb~~~ox_stress__sod__allele1~~~19Pg9+A7436+A7436-C+A7A1-28+AJW4+ATCC49417_v2+COM30Pg+GMU202011+HG1691+HG1691old+JCM_19600+KCOM_2796+KCOM_2799+KCOM_3001+KCOM_3131+LYG1+LYG2+LyEC01+LyEC02+Pg193+PgM52+Pg_381+Pg_K5+W50+atcc33277+atcc49417+grey_iso+tdc60+w83+yellow_iso~~~Superoxide_dismutase_[Mn/Fe]
VFA_165	VF_allele	Y	Y	sov	T9SS outer membrane translocon Sov/SprA	Secretion & Molecular Export			not in 5-strain backbone		Y	sov	T9SS	T1	18				A7436	PGA7_RS05435		7500	2499	pgvfdb~~~T9SS__sov__allele1~~~19Pg9+A7436+A7436-C+A7A1-28+AJW4+ATCC49417_v2+COM30Pg+HG1691old+JCM_19600+KCOM_2796+KCOM_2799+KCOM_3001+KCOM_3131+Pg193+PgM52+Pg_381+Pg_K5+W50+grey_iso+yellow_iso~~~T9SS_outer_membrane_translocon_Sov/SprA__via_ncbi_bridge
VFA_166	VF_allele	Y	Y	sppA	signal peptide peptidase SppA	Proteolytic Virulence & Effectors	O	COG0616	Core	5/5	Y	sppA	peptidase	T3	22			PgCG_01059	GMU202011	BPGMMO_00405	Q7MWH3	1788	595	pgvfdb~~~peptidase__sppA__allele1~~~19Pg9+A7436+A7436-C+A7A1-28+AJW4+ATCC49417_v2+COM30Pg+GMU202011+HG1691+HG1691old+JCM_19600+KCOM_2796+KCOM_2799+KCOM_3001+KCOM_3131+LYG1+LYG2+LyEC01+LyEC02+Pg193+PgM52+Pg_381+Pg_K5+W50+atcc33277+atcc49417+grey_iso+tdc60+w83+yellow_iso~~~signal_peptide_peptidase_SppA
VFA_167	VF_allele	Y	Y	tlr	TonB-linked receptor Tlr	Heme & Ion Homeostasis			Soft-core	4/5	Y	tlr	heme_iron	T2	27			PgCG_01502	LYG1	DDLCJE_00691	Q9XBV1	2121	706	pgvfdb~~~heme_iron__tlr__allele1~~~19Pg9+A7436+A7436-C+A7A1-28+AJW4+ATCC49417_v2+COM30Pg+GMU202011+HG1691+HG1691old+JCM_19600+KCOM_2796+KCOM_2799+KCOM_3001+KCOM_3131+LYG1+LYG2+LyEC01+LyEC02+Pg193+PgM52+Pg_381+Pg_K5+W50+atcc33277+atcc49417+grey_iso+tdc60+yellow_iso~~~TonB-linked_receptor_Tlr
VFA_168	VF_allele	Y	Y	tlr	(pseudo) TonB-linked receptor Tlr	Heme & Ion Homeostasis			Soft-core	4/5	Y	tlr	heme_iron	T2	1			PgCG_01502	w83	HCNEGF_00579	Q9XBV1	1242	413	pgvfdb~~~heme_iron__tlr__allele2~~~w83~~~(pseudo)_TonB-linked_receptor_Tlr
VFA_169	VF_allele	Y	Y	tolC	Putative alkaline protease AprF	Proteolytic Virulence & Effectors	M	COG1538	Core	5/5	Y	tolC	OM_efflux	T3	24			PgCG_01048	LyEC01	JMNHIK_02040	B2RMG4	1506	501	pgvfdb~~~OM_efflux__tolC__allele1~~~19Pg9+A7436+A7436-C+A7A1-28+AJW4+ATCC49417_v2+COM30Pg+GMU202011+HG1691+HG1691old+JCM_19600+KCOM_2796+KCOM_2799+KCOM_3001+KCOM_3131+LYG1+LYG2+LyEC01+LyEC02+Pg193+PgM52+Pg_381+Pg_K5+W50+atcc33277+atcc49417+grey_iso+tdc60+w83+yellow_iso~~~Putative_alkaline_protease_AprF
VFA_170	VF_allele	Y	Y	tolC	Outer membrane efflux protein	Secretion & Molecular Export	M	COG1538	Core	5/5	Y	tolC	OM_efflux	T3	9			PgCG_01116	A7436	EMNIEE_00326	A0A0E2LU56	1368	455	pgvfdb~~~OM_efflux__tolC__allele2~~~A7436+AJW4+GMU202011+HG1691+LYG1+LYG2+LyEC01+LyEC02+atcc33277+atcc49417+tdc60+w83~~~Outer_membrane_efflux_protein
VFA_171	VF_allele	Y	Y	tolC	Outer membrane efflux protein	Secretion & Molecular Export	M	COG1538	Core	5/5	Y	tolC	OM_efflux	T3	8			PgCG_01114	HG1691	DFFMHE_02247	Q7MXU4	1179	392	pgvfdb~~~OM_efflux__tolC__allele3~~~A7436+AJW4+GMU202011+HG1691+LYG1+LYG2+LyEC01+LyEC02+atcc33277+atcc49417+tdc60+w83~~~Outer_membrane_efflux_protein
VFA_172	VF_allele	Y	Y	tolC	Transporter	Secretion & Molecular Export	M	COG1538	Core	5/5	Y	tolC	OM_efflux	T3	9			PgCG_01139	LyEC01	JMNHIK_01686	Q7MXC0	1506	501	pgvfdb~~~OM_efflux__tolC__allele4~~~A7436+AJW4+GMU202011+HG1691+LYG1+LYG2+LyEC01+LyEC02+atcc33277+atcc49417+tdc60+w83~~~Transporter
VFA_173	VF_allele	Y	Y	tolC	putative outer membrane efflux protein	Secretion & Molecular Export	M	COG1538	Core	5/5	Y	tolC	OM_efflux	T3	9			PgCG_01130	A7436	EMNIEE_01395	B2RKQ6	1389	462	pgvfdb~~~OM_efflux__tolC__allele5~~~A7436+AJW4+GMU202011+HG1691+LYG1+LYG2+LyEC01+LyEC02+atcc33277+atcc49417+tdc60+w83~~~putative_outer_membrane_efflux_protein
VFA_174	VF_allele	Y	Y	tolC	Outer membrane efflux protein	Secretion & Molecular Export	M	COG1538	Core	5/5	Y	tolC	OM_efflux	T3	9			PgCG_01115	LyEC01	JMNHIK_01329	Q7MWE3	1335	444	pgvfdb~~~OM_efflux__tolC__allele6~~~A7436+AJW4+GMU202011+HG1691+LYG1+LYG2+LyEC01+LyEC02+atcc33277+atcc49417+tdc60+w83~~~Outer_membrane_efflux_protein
VFA_175	VF_allele	Y	Y	tonB	TonB protein, putative	Heme & Ion Homeostasis	M	COG0810	Core	5/5	Y	tonB1	heme_iron	T2	16			PgCG_00390	A7436	EMNIEE_01173	Q7MW60	693	230	pgvfdb~~~heme_iron__tonB1__allele1~~~19Pg9+A7436+A7436-C+A7A1-28+AJW4+ATCC49417_v2+COM30Pg+GMU202011+HG1691+HG1691old+JCM_19600+KCOM_2796+KCOM_2799+KCOM_3001+KCOM_3131+LYG1+LYG2+LyEC01+LyEC02+Pg193+PgM52+Pg_381+Pg_K5+W50+atcc33277+atcc49417+grey_iso+tdc60+w83+yellow_iso~~~TonB_protein,_putative
VFA_176	VF_allele	Y	Y	tonB	TonB family domain protein	Heme & Ion Homeostasis			Core	5/5	Y	tonB2	heme_iron	T2	20			PgCG_00389	HG1691	DFFMHE_01568	A0A0E2LTB7	828	275	pgvfdb~~~heme_iron__tonB2__allele1~~~19Pg9+A7436+A7436-C+A7A1-28+AJW4+ATCC49417_v2+COM30Pg+GMU202011+HG1691+HG1691old+JCM_19600+KCOM_2796+KCOM_2799+KCOM_3001+KCOM_3131+LYG1+LYG2+LyEC01+LyEC02+Pg193+PgM52+Pg_381+Pg_K5+W50+atcc33277+atcc49417+grey_iso+tdc60+w83+yellow_iso~~~TonB_family_domain_protein
VFA_177	VF_allele	Y	Y	tpr	Thiol protease	Metabolic Homeostasis			Shell	3/5	Y	tpr	protease_other	T2	6			PgCG_01675	A7436	EMNIEE_00916	P25806	1446	481	pgvfdb~~~protease_other__tpr__allele1~~~A7436+A7436-C+ATCC49417_v2+GMU202011+KCOM_3131+LyEC01+LyEC02+Pg193+W50+atcc49417+grey_iso+tdc60+w83+yellow_iso~~~Thiol_protease
VFA_178	VF_allele	Y	Y	tpx	thiol peroxidase	Environmental Stress & Defense	O	COG2077	Core	5/5	Y	tpx	ox_stress	T2	25			PgCG_00100	A7436	EMNIEE_00264	Q7MU37	540	179	pgvfdb~~~ox_stress__tpx__allele1~~~19Pg9+A7436+A7436-C+A7A1-28+AJW4+ATCC49417_v2+COM30Pg+GMU202011+HG1691+HG1691old+JCM_19600+KCOM_2796+KCOM_2799+KCOM_3001+KCOM_3131+LYG1+LYG2+LyEC01+LyEC02+Pg193+PgM52+Pg_381+Pg_K5+W50+atcc33277+atcc49417+grey_iso+tdc60+w83+yellow_iso~~~thiol_peroxidase
VFA_179	VF_allele	Y	Y	uspA	Universal stress family protein	Metabolic Homeostasis	T	COG0589	Core	5/5	Y	uspA	other_VF	T3	16			PgCG_00968	A7436	EMNIEE_00229	A0A0E2LMN8	1113	370	pgvfdb~~~other_VF__uspA__allele1~~~19Pg9+A7436+A7436-C+A7A1-28+AJW4+ATCC49417_v2+COM30Pg+GMU202011+HG1691+HG1691old+JCM_19600+KCOM_2796+KCOM_2799+KCOM_3001+KCOM_3131+LYG1+LYG2+LyEC01+LyEC02+Pg193+PgM52+Pg_381+Pg_K5+W50+atcc33277+atcc49417+grey_iso+tdc60+w83+yellow_iso~~~Universal_stress_family_protein
VFA_180	VF_allele	Y	Y	mviM	Glycosyl hydrolase family 109 protein	Metabolic Homeostasis	R	COG0673	Core	5/5	Y	vimA	Vim_biogenesis	T1	27			PgCG_00673	LYG1	DDLCJE_00709	Q7MWF4	1407	468	pgvfdb~~~Vim_biogenesis__vimA__allele1~~~19Pg9+A7436+A7436-C+A7A1-28+AJW4+ATCC49417_v2+COM30Pg+GMU202011+HG1691+HG1691old+JCM_19600+KCOM_2796+KCOM_2799+KCOM_3001+KCOM_3131+LYG1+LYG2+LyEC01+LyEC02+Pg193+PgM52+Pg_381+Pg_K5+W50+atcc33277+atcc49417+grey_iso+tdc60+w83+yellow_iso~~~Glycosyl_hydrolase_family_109_protein
VFA_181	VF_allele	Y	Y	vimE	virulence modulating protein E	Secretion & Molecular Export			not in 5-strain backbone		Y	vimE	Vim_biogenesis	T2	12				w83	CF003_0883		1362	453	pgvfdb~~~Vim_biogenesis__vimE__allele1~~~19Pg9+A7436-C+A7A1-28+ATCC49417_v2+COM30Pg+HG1691old+JCM_19600+KCOM_2796+KCOM_2799+KCOM_3001+KCOM_3131+Pg193+PgM52+Pg_381+Pg_K5+W50+grey_iso+w83+yellow_iso~~~virulence_modulating_protein_E__via_ncbi_bridge
VFA_182	VF_allele	Y	Y	vimF	glycosyltransferase virulence modulating protein F	Secretion & Molecular Export			not in 5-strain backbone		Y	vimF	Vim_biogenesis	T2	1				w83	CF003_0884		1251	416	pgvfdb~~~Vim_biogenesis__vimF__allele1~~~w83~~~glycosyltransferase_virulence_modulating_protein_F__via_ncbi_bridge
VFA_183	VF_allele	Y	Y	wcaJ	Galactose-1-phosphate transferase	Metabolic Homeostasis	M	COG2148	Core	5/5	Y	wbaP	LPS	T3	22			PgCG_00647	A7436	EMNIEE_01838	B2RM20	1407	468	pgvfdb~~~LPS__wbaP__allele1~~~19Pg9+A7436+A7436-C+A7A1-28+AJW4+ATCC49417_v2+COM30Pg+GMU202011+HG1691+HG1691old+JCM_19600+KCOM_2796+KCOM_2799+KCOM_3001+KCOM_3131+LYG1+LYG2+LyEC01+LyEC02+Pg193+PgM52+Pg_381+Pg_K5+W50+atcc33277+atcc49417+grey_iso+tdc60+w83+yellow_iso~~~Galactose-1-phosphate_transferase__via_vfdb_bridge
VFA_184	VF_allele	Y	Y	wcaJ	Bacterial sugar transferase domain-containing protein	Surface Structures & Colonization	M	COG2148	Core	5/5	Y	wbaQ	LPS	T3	22			PgCG_01156	LyEC01	JMNHIK_00876	B2RK57	615	204	pgvfdb~~~LPS__wbaQ__allele1~~~A7436+A7436-C+A7A1-28+AJW4+ATCC49417_v2+COM30Pg+GMU202011+HG1691+HG1691old+JCM_19600+KCOM_2796+KCOM_2799+KCOM_3001+KCOM_3131+LYG1+LYG2+LyEC01+LyEC02+Pg193+PgM52+Pg_381+Pg_K5+W50+atcc33277+atcc49417+grey_iso+tdc60+w83+yellow_iso~~~Bacterial_sugar_transferase_domain-containing_protein__via_vfdb_bridge
VFA_185	VF_allele	Y	Y	ugd	UDP-glucose 6-dehydrogenase	Surface Structures & Colonization	M	COG1004	Core	5/5	Y	wbpA	LPS	T3	21			PgCG_01200	A7436	EMNIEE_00835	Q7MVC7	1569	522	pgvfdb~~~LPS__wbpA__allele1~~~A7436+A7436-C+A7A1-28+AJW4+ATCC49417_v2+GMU202011+HG1691+JCM_19600+KCOM_2796+KCOM_2799+KCOM_3001+KCOM_3131+LYG1+LYG2+LyEC01+LyEC02+Pg193+PgM52+Pg_381+W50+atcc33277+atcc49417+tdc60+w83~~~UDP-glucose_6-dehydrogenase__via_vfdb_bridge
VFA_186	VF_allele	Y	Y	mviM	Lipopolysaccharide biosynthesis protein WbpB	Surface Structures & Colonization	R	COG0673	Core	5/5	Y	wbpB	LPS	T3	22			PgCG_01177	AJW4	CELAOB_01978	B2RH42	972	323	pgvfdb~~~LPS__wbpB__allele1~~~19Pg9+A7436+A7436-C+A7A1-28+AJW4+ATCC49417_v2+COM30Pg+GMU202011+HG1691+HG1691old+JCM_19600+KCOM_2796+KCOM_2799+KCOM_3001+KCOM_3131+LYG1+LYG2+LyEC01+LyEC02+Pg193+PgM52+Pg_381+Pg_K5+W50+atcc33277+atcc49417+grey_iso+tdc60+w83+yellow_iso~~~Lipopolysaccharide_biosynthesis_protein_WbpB__via_vfdb_bridge
VFA_187	VF_allele	Y	Y	wbbJ	Hexapeptide transferase family protein	Surface Structures & Colonization	R	COG0110	Core	5/5	Y	wbpD	LPS	T3	12			PgCG_01172	AJW4	CELAOB_00002	Q7MXZ0	573	190	pgvfdb~~~LPS__wbpD__allele1~~~19Pg9+A7436+A7436-C+A7A1-28+AJW4+ATCC49417_v2+COM30Pg+GMU202011+HG1691+HG1691old+JCM_19600+KCOM_2796+KCOM_2799+KCOM_3001+KCOM_3131+LYG1+LYG2+LyEC01+LyEC02+Pg193+PgM52+Pg_381+Pg_K5+W50+atcc33277+atcc49417+grey_iso+tdc60+w83+yellow_iso~~~Hexapeptide_transferase_family_protein__via_vfdb_bridge
VFA_188	VF_allele	Y	Y	asnB	asparagine synthase (glutamine-hydrolyzing)	Metabolic Homeostasis	E	COG0367	Core	5/5	Y	wbpS	LPS	T3	21			PgCG_00488	A7436	EMNIEE_00843	Q7MVD3	1629	542	pgvfdb~~~LPS__wbpS__allele1~~~19Pg9+A7436+A7436-C+AJW4+ATCC49417_v2+COM30Pg+GMU202011+HG1691+HG1691old+JCM_19600+KCOM_2796+KCOM_2799+KCOM_3001+KCOM_3131+LYG1+LYG2+LyEC01+LyEC02+Pg193+PgM52+Pg_381+Pg_K5+W50+atcc33277+atcc49417+grey_iso+tdc60+w83+yellow_iso~~~asparagine_synthase_(glutamine-hydrolyzing)__via_vfdb_bridge
VFA_189	VF_allele	Y	Y	wecB	non-hydrolyzing UDP-N-acetylglucosamine 2-epimerase	Surface Structures & Colonization	M	COG0381	Core	5/5	Y	wecB	LPS	T3	27			PgCG_01183	LYG1	DDLCJE_01907	Q7MXQ0	1149	382	pgvfdb~~~LPS__wecB__allele1~~~19Pg9+A7436+A7436-C+A7A1-28+AJW4+ATCC49417_v2+COM30Pg+GMU202011+HG1691+HG1691old+JCM_19600+KCOM_2796+KCOM_2799+KCOM_3001+KCOM_3131+LYG1+LYG2+LyEC01+LyEC02+Pg193+PgM52+Pg_381+Pg_K5+W50+atcc33277+atcc49417+grey_iso+tdc60+w83+yellow_iso~~~non-hydrolyzing_UDP-N-acetylglucosamine_2-epimerase__via_vfdb_bridge
VFA_190	VF_allele	Y	Y	wecC	UDP-N-acetyl-D-mannosamine dehydrogenase	Metabolic Homeostasis	M	COG0677	Core	5/5	Y	wecC	LPS	T3	28			PgCG_00962	LYG1	DDLCJE_01917	Q50HT7	1191	396	pgvfdb~~~LPS__wecC__allele1~~~19Pg9+A7436+A7436-C+A7A1-28+AJW4+ATCC49417_v2+COM30Pg+GMU202011+HG1691+HG1691old+JCM_19600+KCOM_2796+KCOM_2799+KCOM_3001+KCOM_3131+LYG1+LYG2+LyEC01+LyEC02+Pg193+PgM52+Pg_381+Pg_K5+W50+atcc33277+atcc49417+grey_iso+tdc60+w83+yellow_iso~~~UDP-N-acetyl-D-mannosamine_dehydrogenase__via_vfdb_bridge
VFA_191	VF_allele	Y	Y	wzy	Putative O-antigen polymerase Wzy	Surface Structures & Colonization			Core	5/5	Y	wzy	A-LPS	T3	9			PgCG_01193	A7436	EMNIEE_00836	B2RK66	1044	347	pgvfdb~~~A-LPS__wzy__allele1~~~A7436+A7436-C+A7A1-28+AJW4+ATCC49417_v2+JCM_19600+KCOM_2796+KCOM_2799+KCOM_3001+KCOM_3131+LYG1+LYG2+Pg193+PgM52+Pg_381+W50+atcc33277+atcc49417+tdc60+w83~~~Putative_O-antigen_polymerase_Wzy__via_vfdb_bridge
VFA_192	VF_allele	Y	Y	epsG	EpsG family protein	Uncharacterized Proteins			Shell	3/5	Y	wzy	A-LPS	T3	4			PgCG_01738	HG1691	DFFMHE_00971	A0A0E2LT28	1044	347	pgvfdb~~~A-LPS__wzy__allele2~~~19Pg9+COM30Pg+GMU202011+HG1691+HG1691old+LyEC01+LyEC02+Pg_K5+grey_iso+yellow_iso~~~EpsG_family_protein__via_vfdb_bridge
VFS_193	VF_screen	Y	Y	ahpC	alkyl hydroperoxide reductase subunit C	Environmental Stress & Defense	V	COG0450	Core	5/5	Y	ahpC	ox_stress	T1	1			PgCG_00079	A7436	EMNIEE_01328	Q7MWJ2	567	188	pgvfdb_screen~~~ox_stress__ahpC~~~EMNIEE_01328~~~alkyl_hydroperoxide_reductase_subunit_C
VFS_194	VF_screen	Y	Y	ahpF	alkyl hydroperoxide reductase subunit F	Environmental Stress & Defense	V	COG3634	Core	5/5	Y	ahpF	ox_stress	T2	1			PgCG_00081	A7436	EMNIEE_01327	A0AAF0BCZ2	1548	515	pgvfdb_screen~~~ox_stress__ahpF~~~EMNIEE_01327~~~alkyl_hydroperoxide_reductase_subunit_F
VFS_195	VF_screen	Y	Y	bamA	outer membrane protein assembly factor BamA	Cell Envelope & Morphogenesis	M	COG4775	Core	5/5	Y	bamA	OM_assembly	T3	3			PgCG_00047	HG1691	DFFMHE_00246	A0A0A2F876	2676	891	pgvfdb_screen~~~OM_assembly__bamA~~~DFFMHE_00246~~~outer_membrane_protein_assembly_factor_BamA
VFS_196	VF_screen	Y	Y	batA	BatA protein	Environmental Stress & Defense	H	COG1240	Core	5/5	Y	batA	ox_stress	T2	1			PgCG_00082	AJW4	CELAOB_00402	Q7MUE6	984	327	pgvfdb_screen~~~ox_stress__batA~~~CELAOB_00402~~~BatA_protein
VFS_197	VF_screen	Y	Y	batB	Putative aerotolerance-related exported protein BatB	Environmental Stress & Defense	H	COG1240	Core	5/5	Y	batB	ox_stress	T3	1			PgCG_00096	A7436	EMNIEE_00401	B2RI52	1020	339	pgvfdb_screen~~~ox_stress__batB~~~EMNIEE_00401~~~Putative_aerotolerance-related_exported_protein_BatB
VFS_198	VF_screen	Y	Y	bcp	thioredoxin-dependent thiol peroxidase	Environmental Stress & Defense	O	COG1225	Core	5/5	Y	bcp	ox_stress	T2	1			PgCG_00102	HG1691	DFFMHE_01148	Q7MVY9	504	167	pgvfdb_screen~~~ox_stress__bcp~~~DFFMHE_01148~~~thioredoxin-dependent_thiol_peroxidase
VFS_199	VF_screen	Y	Y	bcp	Thioredoxin domain-containing protein	Uncharacterized Proteins	O	COG1225	Core	5/5	Y	bcp_paralog	ox_stress	T2	1			PgCG_01467	AJW4	CELAOB_02032	Q7MT23	483	160	pgvfdb_screen~~~ox_stress__bcp_paralog~~~CELAOB_02032~~~Thioredoxin_domain-containing_protein
VFS_200	VF_screen	Y	Y	btuB	TonB-dependent receptor plug domain-containing protein	Heme & Ion Homeostasis	H	COG4206	Core	5/5	Y	btuB	TonB_receptor	T3	2			PgCG_00397	LYG1	DDLCJE_00884	Q7MUS3	2604	867	pgvfdb_screen~~~TonB_receptor__btuB~~~DDLCJE_00884~~~TonB-dependent_receptor_plug_domain-containing_protein
VFS_201	VF_screen	Y	Y	cTD_GIN	Putative auto-transporter adhesin head GIN domain-containing	Secretion & Molecular Export			not in 5-strain backbone		Y	cTD_GIN	T9SS_cargo									861	286	pgvfdb_screen~~~T9SS_cargo__cTD_GIN~~~DFFMHE_01761~~~Putative_auto-transporter_adhesin_head_GIN_domain-containing
VFS_202	VF_screen	Y	Y	cTD-A	PKD domain-containing protein	Proteolytic Virulence & Effectors	U	COG6083	Core	5/5	Y	cTD_PKD	T9SS_cargo	T3	1			PgCG_01044	A7436	EMNIEE_00216	B2RHK9	2562	853	pgvfdb_screen~~~T9SS_cargo__cTD_PKD~~~EMNIEE_00216~~~PKD_domain-containing_protein
VFS_203	VF_screen	Y	Y	cTD-A	Cleaved adhesin domain-containing protein	Surface Structures & Colonization	U	COG6083	Core	5/5	Y	cTD_adhesin	T9SS_cargo	T3	2			PgCG_01158	LYG1	DDLCJE_00497	A0A0E2LND6	2766	921	pgvfdb_screen~~~T9SS_cargo__cTD_adhesin~~~DDLCJE_00497~~~Cleaved_adhesin_domain-containing_protein
VFS_204	VF_screen	Y	Y	cdhR	transcriptional regulator of hmuYR	Genetic Information Processing			not in 5-strain backbone		Y	cdhR	regulator	T2	1				w83	CF003_1237		600	199	pgvfdb_screen~~~regulator__cdhR~~~CF003_1237~~~transcriptional_regulator_of_hmuYR
VFS_205	VF_screen	Y	Y	cirA	TonB-dependent receptor	Heme & Ion Homeostasis	P	COG1629	Core	5/5	Y	cirA	TonB_receptor	T3	8			PgCG_00380	LyEC01	JMNHIK_00943	Q7MVN1	2811	936	pgvfdb_screen~~~TonB_receptor__cirA~~~JMNHIK_00943~~~TonB-dependent_receptor
VFS_206	VF_screen	Y	Y	clpC	ATP-dependent Clp protease, ATP-binding subunit ClpC	Metabolic Homeostasis	O	COG0542	Core	5/5	Y	clpC	protease_other	T3	1			PgCG_00498	A7436	EMNIEE_00011	Q7MXY4	2580	859	pgvfdb_screen~~~protease_other__clpC~~~EMNIEE_00011~~~ATP-dependent_Clp_protease,_ATP-binding_subunit_ClpC
VFS_207	VF_screen	Y	Y	clpX	ATP-dependent Clp protease ATP-binding subunit ClpX	Metabolic Homeostasis	O	COG1219	Core	5/5	Y	clpX	protease_other	T2	1			PgCG_00497	A7436	EMNIEE_01504	Q7MX10	1236	411	pgvfdb_screen~~~protease_other__clpX~~~EMNIEE_01504~~~ATP-dependent_Clp_protease_ATP-binding_subunit_ClpX
VFS_208	VF_screen	Y	Y	ctlX	Arginine N-succinyltransferase	Metabolic Homeostasis	R	COG4874	Shell	3/5	Y	ctlX	capsule_related	T3	2			PgCG_01659	A7436	EMNIEE_00110		777	258	pgvfdb_screen~~~capsule_related__ctlX~~~EMNIEE_00110~~~Arginine_N-succinyltransferase
VFS_209	VF_screen	Y	Y	cydA	cytochrome d ubiquinol oxidase subunit I	Environmental Stress & Defense			not in 5-strain backbone		Y	cydA	ox_stress	T2	1				w83	CF003_0900		1590	529	pgvfdb_screen~~~ox_stress__cydA~~~CF003_0900~~~cytochrome_d_ubiquinol_oxidase_subunit_I
VFS_210	VF_screen	Y	Y	cydB	cytochrome d ubiquinol oxidase subunit II	Environmental Stress & Defense			not in 5-strain backbone		Y	cydB	ox_stress	T2	1				w83	CF003_0899		1164	387	pgvfdb_screen~~~ox_stress__cydB~~~CF003_0899~~~cytochrome_d_ubiquinol_oxidase_subunit_II
VFS_211	VF_screen	Y	Y	dcp	Peptidyl-dipeptidase Dcp	Proteolytic Virulence & Effectors	O	COG0339	Core	5/5	Y	dcp	peptidase	T3	2			PgCG_01040	A7436	EMNIEE_01198	Q7MW82	2127	708	pgvfdb_screen~~~peptidase__dcp~~~EMNIEE_01198~~~Peptidyl-dipeptidase_Dcp
VFS_212	VF_screen	Y	Y	dnaK	molecular chaperone DnaK	Environmental Stress & Defense	O	COG0443	Core	5/5	Y	dnaK	stress_chap	T3	1			PgCG_00090	AJW4	CELAOB_00694	P0C937	1923	640	pgvfdb_screen~~~stress_chap__dnaK~~~CELAOB_00694~~~molecular_chaperone_DnaK
VFS_213	VF_screen	Y	Y	dpp11	Asp/Glu-specific dipeptidyl-peptidase	Proteolytic Virulence & Effectors			Core	5/5	Y	dpp11	peptidase	T2	1			PgCG_01008	LyEC01	JMNHIK_00700	B2RID1	2163	720	pgvfdb_screen~~~peptidase__dpp11~~~JMNHIK_00700~~~Asp/Glu-specific_dipeptidyl-peptidase
VFS_214	VF_screen	Y	Y	dAP2	Dipeptidyl aminopeptidase IV	Proteolytic Virulence & Effectors	E	COG1506	Core	5/5	Y	dpp4	peptidase	T2	1			PgCG_01019	A7436	EMNIEE_01430	F5HAB9	2172	723	pgvfdb_screen~~~peptidase__dpp4~~~EMNIEE_01430~~~Dipeptidyl_aminopeptidase_IV
VFS_215	VF_screen	Y	Y	dpp5	Dipeptidyl-peptidase 5	Proteolytic Virulence & Effectors	E	COG1506	Core	5/5	Y	dpp5	peptidase	T2	1			PgCG_01020	LYG1	DDLCJE_00762	B2RIT0	2031	676	pgvfdb_screen~~~peptidase__dpp5~~~DDLCJE_00762~~~Dipeptidyl-peptidase_5
VFS_216	VF_screen	Y	Y	dpp7	Dipeptidyl-peptidase 7	Proteolytic Virulence & Effectors			Core	5/5	Y	dpp7	peptidase	T2	1			PgCG_01021	A7436	EMNIEE_01438	B2RKV3	2139	712	pgvfdb_screen~~~peptidase__dpp7~~~EMNIEE_01438~~~Dipeptidyl-peptidase_7
VFS_217	VF_screen	Y	Y	dps	DNA protection during starvation protein	Environmental Stress & Defense	B	COG0783	Core	5/5	Y	dps	ox_stress	T1	1			PgCG_00087	LYG1	DDLCJE_02081	B2RMG0	480	159	pgvfdb_screen~~~ox_stress__dps~~~DDLCJE_02081~~~DNA_protection_during_starvation_protein
VFS_218	VF_screen	Y	Y	tolQ	MotA/TolQ/ExbB proton channel family protein	Heme & Ion Homeostasis	U	COG0811	Core	5/5	Y	exbB1	heme_iron	T2	1			PgCG_00377	A7436	EMNIEE_01315	Q7MWI1	735	244	pgvfdb_screen~~~heme_iron__exbB1~~~EMNIEE_01315~~~MotA/TolQ/ExbB_proton_channel_family_protein
VFS_219	VF_screen	Y	Y	tolQ	MotA/TolQ/ExbB proton channel family protein	Heme & Ion Homeostasis	U	COG0811	Core	5/5	Y	exbB2	heme_iron	T2	1			PgCG_00378	A7436	EMNIEE_01177	Q7MW63	813	270	pgvfdb_screen~~~heme_iron__exbB2~~~EMNIEE_01177~~~MotA/TolQ/ExbB_proton_channel_family_protein
VFS_220	VF_screen	Y	Y	exbD	Biopolymer transporter ExbD	Heme & Ion Homeostasis			Core	5/5	Y	exbD	heme_iron	T2	3			PgCG_00357	A7436	EMNIEE_01179	Q7MW65	615	204	pgvfdb_screen~~~heme_iron__exbD~~~EMNIEE_01179~~~Biopolymer_transporter_ExbD
VFS_221	VF_screen	Y	Y	feoB	ferrous iron transport protein B	Heme & Ion Homeostasis	P	COG0370	Core	5/5	Y	feoB1	heme_iron	T3	1			PgCG_00368	GMU202011	BPGMMO_00840	Q7MVL1	2103	700	pgvfdb_screen~~~heme_iron__feoB1~~~BPGMMO_00840~~~ferrous_iron_transport_protein_B
VFS_222	VF_screen	Y	Y	feoB	ferrous iron transport protein B	Heme & Ion Homeostasis	P	COG1918	Core	5/5	Y	feoB2	heme_iron	T3	1			PgCG_00367	A7436	EMNIEE_00653	Q7MV19	2535	844	pgvfdb_screen~~~heme_iron__feoB2~~~EMNIEE_00653~~~ferrous_iron_transport_protein_B
VFS_223	VF_screen	Y	Y	fepA_pg	Collagen-binding protein	Surface Structures & Colonization			Core	5/5	Y	fepA_pg	adhesin_other	T3	4			PgCG_01160	A7436	EMNIEE_01171	Q7MW57	2619	872	pgvfdb_screen~~~adhesin_other__fepA_pg~~~EMNIEE_01171~~~Collagen-binding_protein
VFS_224	VF_screen	Y	Y	fimA	Major fimbrium subunit FimA type-2	Surface Structures & Colonization			Shell	2/5	Y	fimA	adhesin_fim	T1	5			PgCG_01890	GMU202011	BPGMMO_00102	Q51822	1155	384	pgvfdb_screen~~~adhesin_fim__fimA~~~BPGMMO_00102~~~Major_fimbrium_subunit_FimA_type-2
VFS_225	VF_screen	Y	Y	fimB	Major fimbrium anchoring subunit FimB	Surface Structures & Colonization			Strain-unique	1/5	Y	fimB	adhesin_fim					PgCG_02242				357	118	pgvfdb_screen~~~adhesin_fim__fimB~~~OHKNAD_00179~~~Major_fimbrium_anchoring_subunit_FimB
VFS_226	VF_screen	Y	Y	fimC	Major fimbrium subunit FimC	Surface Structures & Colonization			Soft-core	4/5	Y	fimC	adhesin_fim	T1	1			PgCG_01570	LyEC01	JMNHIK_00101	B2RH57	1398	465	pgvfdb_screen~~~adhesin_fim__fimC~~~JMNHIK_00101~~~Major_fimbrium_subunit_FimC
VFS_227	VF_screen	Y	Y	fimD	Major fimbrium tip subunit FimD	Surface Structures & Colonization			Shell	3/5	Y	fimD	adhesin_fim	T2	1			PgCG_01716	LyEC01	JMNHIK_00100	B2RH58	2013	670	pgvfdb_screen~~~adhesin_fim__fimD~~~JMNHIK_00100~~~Major_fimbrium_tip_subunit_FimD
VFS_228	VF_screen	Y	Y	fimE	Major fimbrium tip subunit FimE	Surface Structures & Colonization			Shell	3/5	Y	fimE	adhesin_fim	T2	1			PgCG_01717	LyEC01	JMNHIK_00099	B2RH59	1653	550	pgvfdb_screen~~~adhesin_fim__fimE~~~JMNHIK_00099~~~Major_fimbrium_tip_subunit_FimE
VFS_229	VF_screen	Y	Y	citB	FimR protein	Metabolic Homeostasis	T;K	COG2197	Core	5/5	Y	fimR	regulator	T1	1			PgCG_00638	A7436	EMNIEE_00527	A5LFV2	684	227	pgvfdb_screen~~~regulator__fimR~~~EMNIEE_00527~~~FimR_protein
VFS_230	VF_screen	Y	Y	ftnA	Ferritin	Heme & Ion Homeostasis	P	COG1528	Core	5/5	Y	ftnA	heme_iron_storage	T2	1			PgCG_00366	A7436	EMNIEE_00714	F5HE54	483	160	pgvfdb_screen~~~heme_iron_storage__ftnA~~~EMNIEE_00714~~~Ferritin
VFS_231	VF_screen	Y	Y	galE	UDP-glucose 4-epimerase GalE	Surface Structures & Colonization	M	COG1087	Core	5/5	Y	galE	other_VF	T2	1			PgCG_01199	LyEC01	JMNHIK_01628	Q7MX67	1029	342	pgvfdb_screen~~~other_VF__galE~~~JMNHIK_01628~~~UDP-glucose_4-epimerase_GalE
VFS_232	VF_screen	Y	Y	groL	chaperonin GroEL	Environmental Stress & Defense	O	COG0459	Core	5/5	Y	groEL	stress_chap	T2	1			PgCG_00084	A7436	EMNIEE_01415	P42375	1638	545	pgvfdb_screen~~~stress_chap__groEL~~~EMNIEE_01415~~~chaperonin_GroEL
VFS_233	VF_screen	N	Y	groES	GroES co-chaperonin (10 kDa)	Environmental Stress & Defense	O	COG0234	Core	5/5	Y	groES	STRESS					PgCG_00085				0	100	pgvfdb_screen~~~STRESS__groES~~~A7A1-28_WP_043898441.1~~~GroES_co-chaperonin_(10_kDa)
VFS_234	VF_screen	Y	Y	rfaB	Glycosyl transferase, group 1 family protein	Metabolic Homeostasis	M	COG0438	Core	5/5	Y	gtfB	glycosyltransferase	T3	1			PgCG_00677	A7436	EMNIEE_00831	Q7MVC4	1158	385	pgvfdb_screen~~~glycosyltransferase__gtfB~~~EMNIEE_00831~~~Glycosyl_transferase,_group_1_family_protein
VFS_235	VF_screen	Y	Y	wcaE	Glycosyl transferase, group 2 family protein	Metabolic Homeostasis	G	COG1216	Core	5/5	Y	gtfC	glycosyltransferase	T3	1			PgCG_00678	GMU202011	BPGMMO_00306	Q7MXD7	1068	355	pgvfdb_screen~~~glycosyltransferase__gtfC~~~BPGMMO_00306~~~Glycosyl_transferase,_group_2_family_protein
VFS_236	VF_screen	Y	Y	wcaE	Glycosyl transferase, group 2 family protein	Metabolic Homeostasis	G	COG1216	Core	5/5	Y	gtfD	glycosyltransferase	T3	1			PgCG_00680	LYG1	DDLCJE_01262	Q7MVD0	861	286	pgvfdb_screen~~~glycosyltransferase__gtfD~~~DDLCJE_01262~~~Glycosyl_transferase,_group_2_family_protein
VFS_237	VF_screen	Y	Y	rfaB	Glycosyl transferase	Surface Structures & Colonization	M	COG0438	Core	5/5	Y	gtfE	glycosyltransferase	T3	2			PgCG_01163	A7436	EMNIEE_00838	B2RK64	1152	383	pgvfdb_screen~~~glycosyltransferase__gtfE~~~EMNIEE_00838~~~Glycosyl_transferase
VFS_238	VF_screen	Y	Y	wcaE	Glycosyltransferase 2-like domain-containing protein	Surface Structures & Colonization	G	COG1216	Core	5/5	Y	gtfF	glycosyltransferase	T3	1			PgCG_01167	HG1691	DFFMHE_01909	B2RLE2	897	298	pgvfdb_screen~~~glycosyltransferase__gtfF~~~DFFMHE_01909~~~Glycosyltransferase_2-like_domain-containing_protein
VFS_239	VF_screen	Y	Y	hagA	Hemagglutinin A	Proteolytic Virulence & Effectors			Soft-core	4/5	Y	hagA	hemagglutinin	T1	1			PgCG_01558	LyEC01	JMNHIK_01931	P59915	6495	2164	pgvfdb_screen~~~hemagglutinin__hagA~~~JMNHIK_01931~~~Hemagglutinin_A
VFS_240	VF_screen	Y	Y	hagB	hemagglutinin	Surface Structures & Colonization			not in 5-strain backbone		Y	hagB	hemagglutinin	T1	1				w83	CF003_1972		1053	350	pgvfdb_screen~~~hemagglutinin__hagB~~~CF003_1972~~~hemagglutinin
VFS_241	VF_screen	Y	Y	hagC	HagC hemagglutinin protein	Surface Structures & Colonization			Core	5/5	Y	hagC	hemagglutinin	T1	1			PgCG_01170	A7436	EMNIEE_01844	Q51830	1053	350	pgvfdb_screen~~~hemagglutinin__hagC~~~EMNIEE_01844~~~HagC_hemagglutinin_protein
VFS_242	VF_screen	Y	Y	hmuR	TonB-dependent receptor HmuR	Heme & Ion Homeostasis	P	COG4771	Core	5/5	Y	hmuR	heme_iron	T1	1			PgCG_00396	AJW4	CELAOB_00440	B2RI81	1941	646	pgvfdb_screen~~~heme_iron__hmuR~~~CELAOB_00440~~~TonB-dependent_receptor_HmuR
VFS_243	VF_screen	Y	Y	cobN	Putative cobalamin biosynthesis-related protein	Heme & Ion Homeostasis	H	COG1429	Core	5/5	Y	hmuS	heme_iron	T2	1			PgCG_00384	LyEC01	JMNHIK_00490	B2RI80	4410	1469	pgvfdb_screen~~~heme_iron__hmuS~~~JMNHIK_00490~~~Putative_cobalamin_biosynthesis-related_protein
VFS_244	VF_screen	Y	Y	hmuT	hypothetical protein	Uncharacterized Proteins			Core	5/5	Y	hmuT	heme_iron	T2	1			PgCG_01351	A7436	EMNIEE_00424	Q7MUG7	678	225	pgvfdb_screen~~~heme_iron__hmuT~~~EMNIEE_00424~~~hypothetical_protein
VFS_245	VF_screen	Y	Y	tolQ	MotA/TolQ/ExbB proton channel domain-containing protein	Heme & Ion Homeostasis	U	COG0811	Core	5/5	Y	hmuU	heme_iron	T2	1			PgCG_00376	AJW4	CELAOB_00437	B2RI78	579	192	pgvfdb_screen~~~heme_iron__hmuU~~~CELAOB_00437~~~MotA/TolQ/ExbB_proton_channel_domain-containing_protein
VFS_246	VF_screen	Y	Y	hmuV	DUF2149 domain-containing protein	Uncharacterized Proteins	S	COG4744	Core	5/5	Y	hmuV	heme_iron	T2	1			PgCG_01239	A7436	EMNIEE_00422	Q7MUG5	327	108	pgvfdb_screen~~~heme_iron__hmuV~~~EMNIEE_00422~~~DUF2149_domain-containing_protein
VFS_247	VF_screen	Y	Y	hmuY	HmuY protein	Heme & Ion Homeostasis			Core	5/5	Y	hmuY	heme_iron	T1	1			PgCG_00372	A7436	EMNIEE_00427	B2RI82	651	216	pgvfdb_screen~~~heme_iron__hmuY~~~EMNIEE_00427~~~HmuY_protein
VFS_248	VF_screen	Y	Y	degQ	HtrA protein	Metabolic Homeostasis	O	COG0265	Core	5/5	Y	htrA	protease_other	T2	1			PgCG_00704	LyEC01	JMNHIK_01405	Q7MWL5	1497	498	pgvfdb_screen~~~protease_other__htrA~~~JMNHIK_01405~~~HtrA_protein
VFS_249	VF_screen	Y	Y	lpxP	Acyltransferase, HtrB/MsbB family	Surface Structures & Colonization	I	COG1560	Core	5/5	Y	htrB	lipid_A_modif	T2	1			PgCG_01155	A7436	EMNIEE_02082	Q7MSY8	918	305	pgvfdb_screen~~~lipid_A_modif__htrB~~~EMNIEE_02082~~~Acyltransferase,_HtrB/MsbB_family
VFS_250	VF_screen	Y	Y	husA	hemophore-like protein HusA	Heme & Ion Homeostasis			not in 5-strain backbone		Y	husA	heme_iron	T2	1				A7436	PGA7_RS10010		657	218	pgvfdb_screen~~~heme_iron__husA~~~PGA7_RS10010~~~hemophore-like_protein_HusA
VFS_251	VF_screen	Y	Y	fepA	Collagen-binding protein	Surface Structures & Colonization	P	COG4771	Core	5/5	Y	husB	heme_iron	T2	1			PgCG_01159	LyEC01	JMNHIK_02088	Q7MSY4	2223	740	pgvfdb_screen~~~heme_iron__husB~~~JMNHIK_02088~~~Collagen-binding_protein
VFS_252	VF_screen	Y	Y	husC	winged helix DNA-binding domain protein	Heme & Ion Homeostasis			not in 5-strain backbone		Y	husC	heme_iron									270	89	pgvfdb_screen~~~heme_iron__husC~~~CF003_2225~~~winged_helix_DNA-binding_domain_protein
VFS_253	VF_screen	Y	Y	terC	TerC family integral membrane protein	Cell Envelope & Morphogenesis			Core	5/5	Y	husD	heme_iron	T3	1			PgCG_00075	A7436	EMNIEE_02084	A0A0A2FDL2	597	198	pgvfdb_screen~~~heme_iron__husD~~~EMNIEE_02084~~~TerC_family_integral_membrane_protein
VFS_254	VF_screen	N	Y	ihtA	Iht iron transport receptor A	Cell Envelope & Morphogenesis			Soft-core	4/5	Y	ihtA	HEME_ION					PgCG_01482				0	891	pgvfdb_screen~~~HEME_ION__ihtA~~~A7436_EMNIEE_00486~~~Iht_iron_transport_receptor_A
VFS_255	VF_screen	N	Y	ihtB	Iht iron transport component B	Uncharacterized Proteins			not in 5-strain backbone		Y	ihtB	HEME_ION									0	469	pgvfdb_screen~~~HEME_ION__ihtB~~~W50_WP_005874649.1~~~Iht_iron_transport_component_B
VFS_256	VF_screen	N	Y	ihtD	Iht iron transport component D	Uncharacterized Proteins			not in 5-strain backbone		Y	ihtD	HEME_ION									0	304	pgvfdb_screen~~~HEME_ION__ihtD~~~LYG1_DDLCJE_01545~~~Iht_iron_transport_component_D
VFS_257	VF_screen	N	Y	ihtE	Iht iron transport component E	Uncharacterized Proteins			not in 5-strain backbone		Y	ihtE	HEME_ION									0	152	pgvfdb_screen~~~HEME_ION__ihtE~~~A7A1-28_WP_004584424.1~~~Iht_iron_transport_component_E
VFS_258	VF_screen	Y	Y	yopM	Internalin	Metabolic Homeostasis	U	COG4886	Core	5/5	Y	inlJ	adhesin_other	T2	2			PgCG_00714	A7436	EMNIEE_01563	B2RL85	1455	484	pgvfdb_screen~~~adhesin_other__inlJ~~~EMNIEE_01563~~~Internalin
VFS_259	VF_screen	Y	Y	kgp	Lys-gingipain W83	Proteolytic Virulence & Effectors			Core	5/5	Y	kgp	gingipain	T1	2			PgCG_01026	LYG1	DDLCJE_00213	Q51817	5199	1732	pgvfdb_screen~~~gingipain__kgp~~~DDLCJE_00213~~~Lys-gingipain_W83
VFS_260	VF_screen	Y	Y	lon	endopeptidase La	Proteolytic Virulence & Effectors	O	COG0466	Core	5/5	Y	lon	protease_other	T3	1			PgCG_01022	GMU202011	BPGMMO_00387	B2RII6	2538	845	pgvfdb_screen~~~protease_other__lon~~~BPGMMO_00387~~~endopeptidase_La
VFS_261	VF_screen	Y	Y	lpxB	lipid-A-disaccharide synthase	Surface Structures & Colonization	M	COG0763	Core	5/5	Y	lpxB	LPS	T3	1			PgCG_01176	A7436	EMNIEE_02022	Q7MT33	1152	383	pgvfdb_screen~~~LPS__lpxB~~~EMNIEE_02022~~~lipid-A-disaccharide_synthase
VFS_262	VF_screen	Y	Y	lpxC	bifunctional UDP-3-O-[3-hydroxymyristoyl] N-acetylglucosamin	Surface Structures & Colonization	M	COG0774	Core	5/5	Y	lpxC	LPS					PgCG_01157				1389	462	pgvfdb_screen~~~LPS__lpxC~~~CELAOB_00061~~~bifunctional_UDP-3-O-[3-hydroxymyristoyl]_N-acetylglucosamin
VFS_263	VF_screen	Y	Y	lpxD	UDP-3-O-(3-hydroxymyristoyl)glucosamine N-acyltransferase	Surface Structures & Colonization	M	COG1044	Core	5/5	Y	lpxD	LPS	T3	1			PgCG_01198	HG1691	DFFMHE_02255	Q7MXT7	1050	349	pgvfdb_screen~~~LPS__lpxD~~~DFFMHE_02255~~~UDP-3-O-(3-hydroxymyristoyl)glucosamine_N-acyltransferase
VFS_264	VF_screen	Y	Y	lpxE	Lipid A 1-phosphatase	Surface Structures & Colonization	I	COG0671	Core	5/5	Y	lpxE	lipid_A_modif	T2	1			PgCG_01173	GMU202011	BPGMMO_01645	B2RLI7	1338	445	pgvfdb_screen~~~lipid_A_modif__lpxE~~~BPGMMO_01645~~~Lipid_A_1-phosphatase
VFS_265	VF_screen	Y	Y	lpxF	Lipid A 4'-phosphatase	Surface Structures & Colonization	I	COG0671	Core	5/5	Y	lpxF	lipid_A_modif	T1	1			PgCG_01174	A7436	EMNIEE_00397	B2RI48	717	238	pgvfdb_screen~~~lipid_A_modif__lpxF~~~EMNIEE_00397~~~Lipid_A_4'-phosphatase
VFS_266	VF_screen	Y	Y	lpxK	tetraacyldisaccharide 4'-kinase	Surface Structures & Colonization	M	COG1663	Core	5/5	Y	lpxK	LPS	T3	1			PgCG_01196	LYG1	DDLCJE_00688	Q7MWH4	1074	357	pgvfdb_screen~~~LPS__lpxK~~~DDLCJE_00688~~~tetraacyldisaccharide_4'-kinase
VFS_267	VF_screen	Y	Y	lpxR	lipid A deacylase	Surface Structures & Colonization			Core	5/5	Y	lpxR	lipid_A_modif	T1	1			PgCG_01175	LyEC01	JMNHIK_00654	B2RJU7	1200	399	pgvfdb_screen~~~lipid_A_modif__lpxR~~~JMNHIK_00654~~~lipid_A_deacylase
VFS_268	VF_screen	Y	Y	wzb	Phosphotyrosine protein phosphatase	Metabolic Homeostasis	T	COG0394	Core	5/5	Y	ltp1	phosphatase	T2	1			PgCG_00836	A7436	EMNIEE_00348	Q7MU97	504	167	pgvfdb_screen~~~phosphatase__ltp1~~~EMNIEE_00348~~~Phosphotyrosine_protein_phosphatase
VFS_269	VF_screen	Y	Y	luxS	S-ribosylhomocysteine lyase	Metabolic Homeostasis	T	COG1854	Core	5/5	Y	luxS	QS	T2	1			PgCG_00897	A7436	EMNIEE_01435	Q7MWT9	486	161	pgvfdb_screen~~~QS__luxS~~~EMNIEE_01435~~~S-ribosylhomocysteine_lyase
VFS_270	VF_screen	N	Y	lytE	LytE peptidoglycan hydrolase / autolysin	Cell Envelope & Morphogenesis			not in 5-strain backbone		Y	lytE	CELL_ENV									0	127	pgvfdb_screen~~~CELL_ENV__lytE~~~GMU202011_BPGMMO_00151~~~LytE_peptidoglycan_hydrolase_/_autolysin
VFS_271	VF_screen	Y	Y	mfa1	fimbria major subunit Mfa1	Surface Structures & Colonization			Soft-core	4/5	Y	mfa1	adhesin_mfa	T1	3			PgCG_01567	GMU202011	BPGMMO_00225	B2RHG1	1692	563	pgvfdb_screen~~~adhesin_mfa__mfa1~~~BPGMMO_00225~~~fimbria_major_subunit_Mfa1
VFS_272	VF_screen	Y	Y	mfa2	fimbrial anchor subunit Mfa2	Surface Structures & Colonization			Core	5/5	Y	mfa2	adhesin_mfa	T1	1			PgCG_01161	AJW4	CELAOB_00170	A0A0H5ATZ7	957	318	pgvfdb_screen~~~adhesin_mfa__mfa2~~~CELAOB_00170~~~fimbrial_anchor_subunit_Mfa2
VFS_273	VF_screen	Y	Y	mfa3	fimbrial tip subunit Mfa3	Surface Structures & Colonization			Soft-core	4/5	Y	mfa3	adhesin_mfa	T2	1			PgCG_01568	GMU202011	BPGMMO_00227	B2RHG3	1341	446	pgvfdb_screen~~~adhesin_mfa__mfa3~~~BPGMMO_00227~~~fimbrial_tip_subunit_Mfa3
VFS_274	VF_screen	Y	Y	mfa4	minor fimbrial subunit Mfa4	Surface Structures & Colonization			Soft-core	4/5	Y	mfa4	adhesin_mfa	T2	1			PgCG_01571	A7436	EMNIEE_00172	B2RHG4	1002	333	pgvfdb_screen~~~adhesin_mfa__mfa4~~~EMNIEE_00172~~~minor_fimbrial_subunit_Mfa4
VFS_275	VF_screen	Y	Y	mfa5	minor fimbrial subunit Mfa5	Surface Structures & Colonization			Soft-core	4/5	Y	mfa5	adhesin_mfa	T2	2			PgCG_01572	A7436	EMNIEE_00173	B2RHG5	3678	1225	pgvfdb_screen~~~adhesin_mfa__mfa5~~~EMNIEE_00173~~~minor_fimbrial_subunit_Mfa5
VFS_276	VF_screen	Y	Y	mlaD	Mce/MlaD domain-containing protein	Uncharacterized Proteins	M	COG1463	Core	5/5	Y	mlaD	OMV_biogen	T3	1			PgCG_01390	AJW4	CELAOB_00843	Q7MVK8	879	292	pgvfdb_screen~~~OMV_biogen__mlaD~~~CELAOB_00843~~~Mce/MlaD_domain-containing_protein
VFS_277	VF_screen	Y	Y	mlaE	ABC transporter permease	Secretion & Molecular Export	M	COG0767	Core	5/5	Y	mlaE	OMV_biogen	T3	1			PgCG_01067	A7436	EMNIEE_00936	Q7MVM0	747	248	pgvfdb_screen~~~OMV_biogen__mlaE~~~EMNIEE_00936~~~ABC_transporter_permease
VFS_278	VF_screen	N	Y	ndk	Nucleoside diphosphate kinase (Yoshikawa: secreted virulence	Uncharacterized Proteins			Core	5/5	Y	ndk	METABOLIC					PgCG_01364				0	232	pgvfdb_screen~~~METABOLIC__ndk~~~A7436_EMNIEE_01765~~~Nucleoside_diphosphate_kinase_(Yoshikawa:_secreted_virulence
VFS_279	VF_screen	Y	Y	nlpC	C40 family peptidase	Proteolytic Virulence & Effectors	M	COG0791	Core	5/5	Y	nlpC	peptidase	T3	2			PgCG_01009	A7436	EMNIEE_01234	A0AAE9XIT4	609	202	pgvfdb_screen~~~peptidase__nlpC~~~EMNIEE_01234~~~C40_family_peptidase
VFS_280	VF_screen	Y	Y	ompH	OmpH family outer membrane protein	Cell Envelope & Morphogenesis			Core	5/5	Y	ompH	OM_chaperone	T3	3			PgCG_00038	A7436	EMNIEE_01398	Q7MWR0	621	206	pgvfdb_screen~~~OM_chaperone__ompH~~~EMNIEE_01398~~~OmpH_family_outer_membrane_protein
VFS_281	VF_screen	Y	Y	oxyR	Redox-sensitive transcriptional activator OxyR	Uncharacterized Proteins			Core	5/5	Y	oxyR	ox_stress_reg	T1	1			PgCG_01438	A7436	EMNIEE_00246	Q7MXD3	927	308	pgvfdb_screen~~~ox_stress_reg__oxyR~~~EMNIEE_00246~~~Redox-sensitive_transcriptional_activator_OxyR
VFS_282	VF_screen	Y	Y	pepD2	Aminoacyl-histidine dipeptidase	Proteolytic Virulence & Effectors	E	COG2195	Core	5/5	Y	pepD2	peptidase	T3	2			PgCG_01003	AJW4	CELAOB_01326	Q7MWQ8	1461	486	pgvfdb_screen~~~peptidase__pepD2~~~CELAOB_01326~~~Aminoacyl-histidine_dipeptidase
VFS_283	VF_screen	Y	Y	pepO	M13 family metallopeptidase	Proteolytic Virulence & Effectors	O	COG3590	Core	5/5	Y	pepO	protease_other	T3	1			PgCG_01027	A7436	EMNIEE_00154	A0AAE9XDL8	2070	689	pgvfdb_screen~~~protease_other__pepO~~~EMNIEE_00154~~~M13_family_metallopeptidase
VFS_284	VF_screen	Y	Y	pepT	peptidase T	Proteolytic Virulence & Effectors	E	COG2195	Core	5/5	Y	pepT	peptidase	T3	1			PgCG_01038	LyEC01	JMNHIK_01537	Q7MWY4	1218	405	pgvfdb_screen~~~peptidase__pepT~~~JMNHIK_01537~~~peptidase_T
VFS_285	VF_screen	Y	Y	mtnN	5'-methylthioadenosine/adenosylhomocysteine nucleosidase	Metabolic Homeostasis	F;H	COG0775	Core	5/5	Y	pfs	QS	T3	1			PgCG_00437	A7436	EMNIEE_01436	Q7MWU0	687	228	pgvfdb_screen~~~QS__pfs~~~EMNIEE_01436~~~5'-methylthioadenosine/adenosylhomocysteine_nucleosidase
VFS_286	VF_screen	N	Y	pgm6	Putative outer membrane protein (Slakeski vaccine candidate)	Cell Envelope & Morphogenesis			not in 5-strain backbone		Y	pgm6	OMP	T2	1				KCOM_3001	WP_012457733.1	Q60FT2	0	391	pgvfdb_screen~~~OMP__pgm6~~~WP_012457733.1~~~Putative_outer_membrane_protein_(Slakeski_vaccine_candidate)
VFS_287	VF_screen	N	Y	pgm7	Putative outer membrane protein (Slakeski vaccine candidate)	Cell Envelope & Morphogenesis			not in 5-strain backbone		Y	pgm7	OMP	T2	1				KCOM_3001	WP_043890113.1	Q60FT1	0	380	pgvfdb_screen~~~OMP__pgm7~~~WP_043890113.1~~~Putative_outer_membrane_protein_(Slakeski_vaccine_candidate)
VFS_288	VF_screen	Y	Y	php1	polysaccharide biosynthesis protein-tyrosine phosphatase Php	Surface Structures & Colonization	T	COG4464	Core	5/5	Y	php1	phosphatase					PgCG_01187				744	247	pgvfdb_screen~~~phosphatase__php1~~~DDLCJE_00525~~~polysaccharide_biosynthesis_protein-tyrosine_phosphatase_Php
VFS_289	VF_screen	Y	Y	fepA	TonB-dependent receptor plug domain-containing protein	Heme & Ion Homeostasis	P	COG4771	Core	5/5	Y	porF	T9SS	T1	1			PgCG_00398	LyEC01	JMNHIK_01451	Q7MWR1	2484	827	pgvfdb_screen~~~T9SS__porF~~~JMNHIK_01451~~~TonB-dependent_receptor_plug_domain-containing_protein
VFS_290	VF_screen	Y	Y	porG	Outer membrane protein beta-barrel domain-containing protein	Cell Envelope & Morphogenesis			Core	5/5	Y	porG	T9SS	T1	1			PgCG_00054	A7436	EMNIEE_00179	Q7MXJ5	708	235	pgvfdb_screen~~~T9SS__porG~~~EMNIEE_00179~~~Outer_membrane_protein_beta-barrel_domain-containing_protein
VFS_291	VF_screen	Y	Y	porK	Por secretion system protein porK/gldK	Secretion & Molecular Export	N;U	COG6063	Core	5/5	Y	porK	T9SS	T1	1			PgCG_01119	A7436	EMNIEE_01619	B2RLF0	1476	491	pgvfdb_screen~~~T9SS__porK~~~EMNIEE_01619~~~Por_secretion_system_protein_porK/gldK
VFS_292	VF_screen	Y	Y	porL	Gliding motility protein GldL-like N-terminal domain-contain	Secretion & Molecular Export	N;U	COG6064	Core	5/5	Y	porL	T9SS					PgCG_01097				930	309	pgvfdb_screen~~~T9SS__porL~~~EMNIEE_01618~~~Gliding_motility_protein_GldL-like_N-terminal_domain-contain
VFS_293	VF_screen	Y	Y	porM	Por secretion system protein porM/gldM	Secretion & Molecular Export	N;U	COG6065	Core	5/5	Y	porM	T9SS	T1	1			PgCG_01120	A7436	EMNIEE_01617	B2RLE8	1551	516	pgvfdb_screen~~~T9SS__porM~~~EMNIEE_01617~~~Por_secretion_system_protein_porM/gldM
VFS_294	VF_screen	Y	Y	porN	type IX secretion system ring subunit PorN/GldN	Secretion & Molecular Export			not in 5-strain backbone		Y	porN	T9SS	T1	2				A7436	PGA7_RS07710		1080	359	pgvfdb_screen~~~T9SS__porN~~~PGA7_RS07710~~~type_IX_secretion_system_ring_subunit_PorN/GldN
VFS_295	VF_screen	Y	Y	porP	type IX secretion system membrane protein PorP	Secretion & Molecular Export	U	COG6067	Core	5/5	Y	porP	T9SS	T1	1			PgCG_01143	LYG1	DDLCJE_00325	Q7MXB8	954	317	pgvfdb_screen~~~T9SS__porP~~~DDLCJE_00325~~~type_IX_secretion_system_membrane_protein_PorP
VFS_296	VF_screen	Y	Y	porPlug	Type 9 secretion system plug protein N-terminal domain-conta	Secretion & Molecular Export	U	COG6074	Core	5/5	Y	porPlug	T9SS					PgCG_01142				1260	419	pgvfdb_screen~~~T9SS__porPlug~~~EMNIEE_01960~~~Type_9_secretion_system_plug_protein_N-terminal_domain-conta
VFS_297	VF_screen	Y	Y	porQ	type IX secretion system protein PorQ	Secretion & Molecular Export	U	COG6068	Core	5/5	Y	porQ	T9SS	T1	1			PgCG_01145	A7436	EMNIEE_01341	A0A0A2FEM6	1041	346	pgvfdb_screen~~~T9SS__porQ~~~EMNIEE_01341~~~type_IX_secretion_system_protein_PorQ
VFS_298	VF_screen	Y	Y	porR	pigmentation and extracellular proteinase regulator	Surface Structures & Colonization			not in 5-strain backbone		Y	porR	A-LPS									1155	384	pgvfdb_screen~~~A-LPS__porR~~~CF003_1138~~~pigmentation_and_extracellular_proteinase_regulator
VFS_299	VF_screen	Y	Y	rfbX	PorS protein	Secretion & Molecular Export	M	COG2244	Core	5/5	Y	porS	T9SS	T1	1			PgCG_01123	A7436	EMNIEE_00842	Q7MVD2	1308	435	pgvfdb_screen~~~T9SS__porS~~~EMNIEE_00842~~~PorS_protein
VFS_300	VF_screen	Y	Y	porT	PorT protein	Secretion & Molecular Export	U	COG6069	Core	5/5	Y	porT	T9SS	T1	1			PgCG_01124	A7436	EMNIEE_01207	F5HG90	735	244	pgvfdb_screen~~~T9SS__porT~~~EMNIEE_01207~~~PorT_protein
VFS_301	VF_screen	Y	Y	porU	Por secretion system protein porU	Secretion & Molecular Export	U	COG6070	Core	5/5	Y	porU	T9SS	T1	1			PgCG_01121	A7436	EMNIEE_00025	B2RGP6	3477	1158	pgvfdb_screen~~~T9SS__porU~~~EMNIEE_00025~~~Por_secretion_system_protein_porU
VFS_302	VF_screen	Y	Y	porV	type IX secretion system outer membrane channel protein PorV	Secretion & Molecular Export	U	COG6071	Core	5/5	Y	porV	T9SS	T1	1			PgCG_01144	A7436	EMNIEE_00026	Q7MXX1	1176	391	pgvfdb_screen~~~T9SS__porV~~~EMNIEE_00026~~~type_IX_secretion_system_outer_membrane_channel_protein_PorV
VFS_303	VF_screen	Y	Y	porW	Por secretion system protein porW/sprE	Secretion & Molecular Export	U	COG6072	Core	5/5	Y	porW	T9SS	T1	1			PgCG_01122	LyEC01	JMNHIK_01812	B2RM01	3483	1160	pgvfdb_screen~~~T9SS__porW~~~JMNHIK_01812~~~Por_secretion_system_protein_porW/sprE
VFS_304	VF_screen	Y	Y	porX	Response regulator	Secretion & Molecular Export	U	COG6076	Core	5/5	Y	porX	T9SS_reg	T1	1			PgCG_01135	A7436	EMNIEE_01037	Q7MVV4	1545	514	pgvfdb_screen~~~T9SS_reg__porX~~~EMNIEE_01037~~~Response_regulator
VFS_305	VF_screen	Y	Y	porZ	TSS9 PorZ N-terminal beta-propeller domain-containing protei	Secretion & Molecular Export	T	COG3292	Core	5/5	Y	porZ	T9SS					PgCG_01141				2307	768	pgvfdb_screen~~~T9SS__porZ~~~DDLCJE_01635~~~TSS9_PorZ_N-terminal_beta-propeller_domain-containing_protei
VFS_306	VF_screen	Y	Y	cTD-A	peptidylarginine deiminase PPAD	Proteolytic Virulence & Effectors	U	COG6083	Core	5/5	Y	ppad	PPAD	T1	1			PgCG_01042	A7436	EMNIEE_00532	Q9RQJ2	1671	556	pgvfdb_screen~~~PPAD__ppad~~~EMNIEE_00532~~~peptidylarginine_deiminase_PPAD
VFS_307	VF_screen	Y	Y	pqqL	Peptidase M16	Proteolytic Virulence & Effectors	R	COG0612	Core	5/5	Y	pqqL	peptidase	T3	2			PgCG_01031	A7436	EMNIEE_00186	A0A0A2FMR4	2826	941	pgvfdb_screen~~~peptidase__pqqL~~~EMNIEE_00186~~~Peptidase_M16
VFS_308	VF_screen	Y	Y	prtC	Collagenase	Proteolytic Virulence & Effectors	J	COG0826	Core	5/5	Y	prtC	protease_other	T2	1			PgCG_01014	HG1691	DFFMHE_00513	P33437	1254	417	pgvfdb_screen~~~protease_other__prtC~~~DFFMHE_00513~~~Collagenase
VFS_309	VF_screen	Y	Y	cTD-A	Peptidase S1 domain-containing protein	Proteolytic Virulence & Effectors	U	COG6083	Core	5/5	Y	prtS	T9SS_cargo	T2	1			PgCG_01037	AJW4	CELAOB_01314	A0A0E2LRW8	2823	940	pgvfdb_screen~~~T9SS_cargo__prtS~~~CELAOB_01314~~~Peptidase_S1_domain-containing_protein
VFS_310	VF_screen	Y	Y	prtT	Thiol protease/hemagglutinin PrtT	Proteolytic Virulence & Effectors	U	COG6083	Core	5/5	Y	prtT	protease_other	T2	1			PgCG_01061	LyEC01	JMNHIK_00494	P43158	2523	840	pgvfdb_screen~~~protease_other__prtT~~~JMNHIK_00494~~~Thiol_protease/hemagglutinin_PrtT
VFS_311	VF_screen	Y	Y	cTD-A	Thiol protease/hemagglutinin PrtT, putative	Proteolytic Virulence & Effectors	U	COG6083	Core	5/5	Y	prtT_paralog	protease_other	T2	1			PgCG_01062	LyEC01	JMNHIK_00517	Q7MUR6	2586	861	pgvfdb_screen~~~protease_other__prtT_paralog~~~JMNHIK_00517~~~Thiol_protease/hemagglutinin_PrtT,_putative
VFS_312	VF_screen	Y	Y	ptk1	polysaccharide biosynthesis tyrosine autokinase Ptk1	Surface Structures & Colonization	M	COG3206	Core	5/5	Y	ptk1	kinase	T2	2			PgCG_01188	LyEC01	JMNHIK_01529	A0AAE9X8V5	2466	821	pgvfdb_screen~~~kinase__ptk1~~~JMNHIK_01529~~~polysaccharide_biosynthesis_tyrosine_autokinase_Ptk1
VFS_313	VF_screen	Y	Y	ptpA	Prolyl tripeptidyl peptidase	Proteolytic Virulence & Effectors	E	COG1506	Core	5/5	Y	ptpA	peptidase	T2	1			PgCG_01046	A7436	EMNIEE_00588	Q7MUW6	2199	732	pgvfdb_screen~~~peptidase__ptpA~~~EMNIEE_00588~~~Prolyl_tripeptidyl_peptidase
VFS_314	VF_screen	Y	Y	ragA	RagA protein	Heme & Ion Homeostasis	P	COG4771	Shell	2/5	Y	ragA	OM_receptor	T1	1			PgCG_01819	atcc49417	HIGHBI_01960	Q7MXJ7	3054	1017	pgvfdb_screen~~~OM_receptor__ragA~~~HIGHBI_01960~~~RagA_protein
VFS_315	VF_screen	Y	Y	ragB	RagB protein	Uncharacterized Proteins			Shell	2/5	Y	ragB	OM_receptor	T1	3			PgCG_02019	atcc33277	OHKNAD_00293	Q4KTT0	1512	503	pgvfdb_screen~~~OM_receptor__ragB~~~OHKNAD_00293~~~RagB_protein
VFS_316	VF_screen	Y	Y	rbr	rubrerythrin	Environmental Stress & Defense	C	COG1592	Core	5/5	Y	rbr	ox_stress	T2	1			PgCG_00098	LYG1	DDLCJE_01842	Q9AGG3	579	192	pgvfdb_screen~~~ox_stress__rbr~~~DDLCJE_01842~~~rubrerythrin
VFS_317	VF_screen	Y	Y	recA	recombinase RecA	Genetic Information Processing	L	COG0468	Core	5/5	Y	recA	other_VF	T3	1			PgCG_00260	A7436	EMNIEE_01077	P77925	1023	340	pgvfdb_screen~~~other_VF__recA~~~EMNIEE_01077~~~recombinase_RecA
VFS_318	VF_screen	Y	Y	rgpA	Arg-gingipain RgpA	Proteolytic Virulence & Effectors			Core	5/5	Y	rgpA	gingipain	T1	1			PgCG_01006	A7436	EMNIEE_01891	B2RM93	5121	1706	pgvfdb_screen~~~gingipain__rgpA~~~EMNIEE_01891~~~Arg-gingipain_RgpA
VFS_319	VF_screen	Y	Y	rgpB	Arg-gingipain RgpB	Proteolytic Virulence & Effectors	U	COG6083	Core	5/5	Y	rgpB	gingipain	T1	1			PgCG_01007	A7436	EMNIEE_01428	P95493	2211	736	pgvfdb_screen~~~gingipain__rgpB~~~EMNIEE_01428~~~Arg-gingipain_RgpB
VFS_320	VF_screen	Y	Y	ompR	DNA-binding response regulator RprY	Genetic Information Processing	T;K	COG0745	Core	5/5	Y	rprY	regulator	T2	1			PgCG_00599	A7436	EMNIEE_00883	Q7MVH3	738	245	pgvfdb_screen~~~regulator__rprY~~~EMNIEE_00883~~~DNA-binding_response_regulator_RprY
VFS_321	VF_screen	Y	Y	serB	protein-serine phosphatase SerB	Metabolic Homeostasis	T	COG3830	Core	5/5	Y	serB	phosphatase	T2	1			PgCG_00857	A7436	EMNIEE_01295	Q7MWG4	1242	413	pgvfdb_screen~~~phosphatase__serB~~~EMNIEE_01295~~~protein-serine_phosphatase_SerB
VFS_322	VF_screen	Y	Y	nanH	exo-alpha-sialidase	Metabolic Homeostasis	G;M	COG4409	Core	5/5	Y	siaPg_nanH	glycosidase	T1	1			PgCG_00620	A7436	EMNIEE_01562	B2RL82	1581	526	pgvfdb_screen~~~glycosidase__siaPg_nanH~~~EMNIEE_01562~~~exo-alpha-sialidase
VFS_323	VF_screen	Y	Y	rpoE	RNA polymerase sigma-70 factor, ECF subfamily	Genetic Information Processing	K	COG1595	Core	5/5	Y	sigP	T9SS_reg	T1	2			PgCG_00280	A7436	EMNIEE_00157	Q7MXL2	582	193	pgvfdb_screen~~~T9SS_reg__sigP~~~EMNIEE_00157~~~RNA_polymerase_sigma-70_factor,_ECF_subfamily
VFS_324	VF_screen	Y	Y	rpoE	RNA polymerase sigma factor	Genetic Information Processing	K	COG1595	Core	5/5	Y	sigP_paralog1	T9SS_reg	T1	1			PgCG_00278	AJW4	CELAOB_00559	Q7MV00	567	188	pgvfdb_screen~~~T9SS_reg__sigP_paralog1~~~CELAOB_00559~~~RNA_polymerase_sigma_factor
VFS_325	VF_screen	Y	Y	sodB	Superoxide dismutase [Mn/Fe]	Environmental Stress & Defense	P	COG0605	Core	5/5	Y	sod	ox_stress	T1	1			PgCG_00099	A7436	EMNIEE_00433	P19665	576	191	pgvfdb_screen~~~ox_stress__sod~~~EMNIEE_00433~~~Superoxide_dismutase_[Mn/Fe]
VFS_326	VF_screen	Y	Y	sov	T9SS outer membrane translocon Sov/SprA	Secretion & Molecular Export			not in 5-strain backbone		Y	sov	T9SS	T1	2				A7436	PGA7_RS05435		7500	2499	pgvfdb_screen~~~T9SS__sov~~~PGA7_RS05435~~~T9SS_outer_membrane_translocon_Sov/SprA
VFS_327	VF_screen	Y	Y	sppA	signal peptide peptidase SppA	Proteolytic Virulence & Effectors	O	COG0616	Core	5/5	Y	sppA	peptidase	T3	1			PgCG_01059	GMU202011	BPGMMO_00405	Q7MWH3	1788	595	pgvfdb_screen~~~peptidase__sppA~~~BPGMMO_00405~~~signal_peptide_peptidase_SppA
VFS_328	VF_screen	Y	Y	tlr	TonB-linked receptor Tlr	Heme & Ion Homeostasis			Soft-core	4/5	Y	tlr	heme_iron	T2	2			PgCG_01502	LYG1	DDLCJE_00691	Q9XBV1	2121	706	pgvfdb_screen~~~heme_iron__tlr~~~DDLCJE_00691~~~TonB-linked_receptor_Tlr
VFS_329	VF_screen	Y	Y	tolC	Putative alkaline protease AprF	Proteolytic Virulence & Effectors	M	COG1538	Core	5/5	Y	tolC	OM_efflux	T3	6			PgCG_01048	LyEC01	JMNHIK_02040	B2RMG4	1506	501	pgvfdb_screen~~~OM_efflux__tolC~~~JMNHIK_02040~~~Putative_alkaline_protease_AprF
VFS_330	VF_screen	Y	Y	tonB	TonB protein, putative	Heme & Ion Homeostasis	M	COG0810	Core	5/5	Y	tonB1	heme_iron	T2	1			PgCG_00390	A7436	EMNIEE_01173	Q7MW60	693	230	pgvfdb_screen~~~heme_iron__tonB1~~~EMNIEE_01173~~~TonB_protein,_putative
VFS_331	VF_screen	Y	Y	tonB	TonB family domain protein	Heme & Ion Homeostasis			Core	5/5	Y	tonB2	heme_iron	T2	1			PgCG_00389	HG1691	DFFMHE_01568	A0A0E2LTB7	828	275	pgvfdb_screen~~~heme_iron__tonB2~~~DFFMHE_01568~~~TonB_family_domain_protein
VFS_332	VF_screen	Y	Y	tpr	Thiol protease	Metabolic Homeostasis			Shell	3/5	Y	tpr	protease_other	T2	1			PgCG_01675	A7436	EMNIEE_00916	P25806	1446	481	pgvfdb_screen~~~protease_other__tpr~~~EMNIEE_00916~~~Thiol_protease
VFS_333	VF_screen	Y	Y	tpx	thiol peroxidase	Environmental Stress & Defense	O	COG2077	Core	5/5	Y	tpx	ox_stress	T2	1			PgCG_00100	A7436	EMNIEE_00264	Q7MU37	540	179	pgvfdb_screen~~~ox_stress__tpx~~~EMNIEE_00264~~~thiol_peroxidase
VFS_334	VF_screen	Y	Y	uspA	Universal stress family protein	Metabolic Homeostasis	T	COG0589	Core	5/5	Y	uspA	other_VF	T3	1			PgCG_00968	A7436	EMNIEE_00229	A0A0E2LMN8	1113	370	pgvfdb_screen~~~other_VF__uspA~~~EMNIEE_00229~~~Universal_stress_family_protein
VFS_335	VF_screen	Y	Y	mviM	Glycosyl hydrolase family 109 protein	Metabolic Homeostasis	R	COG0673	Core	5/5	Y	vimA	Vim_biogenesis	T1	1			PgCG_00673	LYG1	DDLCJE_00709	Q7MWF4	1407	468	pgvfdb_screen~~~Vim_biogenesis__vimA~~~DDLCJE_00709~~~Glycosyl_hydrolase_family_109_protein
VFS_336	VF_screen	Y	Y	vimE	virulence modulating protein E	Secretion & Molecular Export			not in 5-strain backbone		Y	vimE	Vim_biogenesis	T2	1				w83	CF003_0883		1362	453	pgvfdb_screen~~~Vim_biogenesis__vimE~~~CF003_0883~~~virulence_modulating_protein_E
VFS_337	VF_screen	Y	Y	vimF	glycosyltransferase virulence modulating protein F	Secretion & Molecular Export			not in 5-strain backbone		Y	vimF	Vim_biogenesis									1251	416	pgvfdb_screen~~~Vim_biogenesis__vimF~~~CF003_0884~~~glycosyltransferase_virulence_modulating_protein_F
VFS_338	VF_screen	Y	Y	wcaJ	Galactose-1-phosphate transferase	Metabolic Homeostasis	M	COG2148	Core	5/5	Y	wbaP	LPS	T3	1			PgCG_00647	A7436	EMNIEE_01838	B2RM20	1407	468	pgvfdb_screen~~~LPS__wbaP~~~EMNIEE_01838~~~Galactose-1-phosphate_transferase
VFS_339	VF_screen	Y	Y	wcaJ	Bacterial sugar transferase domain-containing protein	Surface Structures & Colonization	M	COG2148	Core	5/5	Y	wbaQ	LPS	T3	1			PgCG_01156	LyEC01	JMNHIK_00876	B2RK57	615	204	pgvfdb_screen~~~LPS__wbaQ~~~JMNHIK_00876~~~Bacterial_sugar_transferase_domain-containing_protein
VFS_340	VF_screen	Y	Y	ugd	UDP-glucose 6-dehydrogenase	Surface Structures & Colonization	M	COG1004	Core	5/5	Y	wbpA	LPS	T3	1			PgCG_01200	A7436	EMNIEE_00835	Q7MVC7	1569	522	pgvfdb_screen~~~LPS__wbpA~~~EMNIEE_00835~~~UDP-glucose_6-dehydrogenase
VFS_341	VF_screen	Y	Y	mviM	Lipopolysaccharide biosynthesis protein WbpB	Surface Structures & Colonization	R	COG0673	Core	5/5	Y	wbpB	LPS	T3	1			PgCG_01177	AJW4	CELAOB_01978	B2RH42	972	323	pgvfdb_screen~~~LPS__wbpB~~~CELAOB_01978~~~Lipopolysaccharide_biosynthesis_protein_WbpB
VFS_342	VF_screen	Y	Y	wbbJ	Hexapeptide transferase family protein	Surface Structures & Colonization	R	COG0110	Core	5/5	Y	wbpD	LPS	T3	1			PgCG_01172	AJW4	CELAOB_00002	Q7MXZ0	573	190	pgvfdb_screen~~~LPS__wbpD~~~CELAOB_00002~~~Hexapeptide_transferase_family_protein
VFS_343	VF_screen	Y	Y	asnB	asparagine synthase (glutamine-hydrolyzing)	Metabolic Homeostasis	E	COG0367	Core	5/5	Y	wbpS	LPS	T3	1			PgCG_00488	A7436	EMNIEE_00843	Q7MVD3	1629	542	pgvfdb_screen~~~LPS__wbpS~~~EMNIEE_00843~~~asparagine_synthase_(glutamine-hydrolyzing)
VFS_344	VF_screen	Y	Y	wecB	non-hydrolyzing UDP-N-acetylglucosamine 2-epimerase	Surface Structures & Colonization	M	COG0381	Core	5/5	Y	wecB	LPS	T3	1			PgCG_01183	LYG1	DDLCJE_01907	Q7MXQ0	1149	382	pgvfdb_screen~~~LPS__wecB~~~DDLCJE_01907~~~non-hydrolyzing_UDP-N-acetylglucosamine_2-epimerase
VFS_345	VF_screen	Y	Y	wecC	UDP-N-acetyl-D-mannosamine dehydrogenase	Metabolic Homeostasis	M	COG0677	Core	5/5	Y	wecC	LPS	T3	1			PgCG_00962	LYG1	DDLCJE_01917	Q50HT7	1191	396	pgvfdb_screen~~~LPS__wecC~~~DDLCJE_01917~~~UDP-N-acetyl-D-mannosamine_dehydrogenase
VFS_346	VF_screen	Y	Y	wzy	Putative O-antigen polymerase Wzy	Surface Structures & Colonization			Core	5/5	Y	wzy	A-LPS	T3	2			PgCG_01193	A7436	EMNIEE_00836	B2RK66	1044	347	pgvfdb_screen~~~A-LPS__wzy~~~EMNIEE_00836~~~Putative_O-antigen_polymerase_Wzy
FIMA_1	typing_fimA	Y	N	fimA	major fimbrium subunit FimA	Surface Structures & Colonization			Strain-unique	1/5						fimA	I	PgCG_02243	ATCC33277			1152		fimA_1__typeI__ATCC33277__genome
FIMA_2	typing_fimA	Y	N	fimA	major fimbrium subunit FimA	Surface Structures & Colonization			Shell	2/5						fimA	II	PgCG_01890	TDC60			1170		fimA_2__typeII__TDC60__genome
FIMA_3	typing_fimA	Y	N	fimA	major fimbrium subunit FimA	Surface Structures & Colonization			Shell	2/5						fimA	III	PgCG_01890	ATCC49417			1161		fimA_3__typeIII__ATCC49417__genome
FIMA_4	typing_fimA	Y	N	fimA	major fimbrium subunit FimA	Surface Structures & Colonization			Shell	2/5						fimA	IV	PgCG_01891	W83			1167		fimA_4__typeIV__W83__genome
FIMA_5	typing_fimA	Y	N	fimA	major fimbrium subunit FimA	Surface Structures & Colonization			Shell	2/5						fimA	V	PgCG_01891	HNA99			1188		fimA_5__typeV__HNA99__AB795792
FIMA_6	typing_fimA	Y	N	fimA	major fimbrium subunit FimA	Surface Structures & Colonization			not in 5-strain backbone							fimA	Ib		HG1691	AB058848.1:107-1258		1152		fimA_6__typeIb__HG1691__AB058848
MFA1_1	typing_mfa1	Y	N	mfa1	minor fimbrium subunit Mfa1, 70A genotype	Surface Structures & Colonization			Soft-core	4/5						mfa1	70A	PgCG_01567	ATCC33277			1692		mfa1_AB016284__70A__ATCC33277
MFA1_2	typing_mfa1	Y	N	mfa1	minor fimbrium subunit Mfa1, 53 genotype	Surface Structures & Colonization			Strain-unique	1/5						mfa1	53	PgCG_02244	strain381			1497		mfa1_AB524739__53__strain381
MFA1_3	typing_mfa1	Y	N	mfa1	minor fimbrium subunit Mfa1, 53 genotype	Surface Structures & Colonization			Strain-unique	1/5						mfa1	53	PgCG_02244	Ando			1497		mfa1_AB999995__53__Ando
MFA1_4	typing_mfa1	Y	N	mfa1	minor fimbrium subunit Mfa1, 70B genotype	Surface Structures & Colonization			Soft-core	4/5						mfa1	70B	PgCG_01567	Kyudai3			1704		mfa1_OM022907__70B__Kyudai3
RAGA_1	typing_ragA	Y	N	ragA	RagAB pathogenicity-island protein A	Heme & Ion Homeostasis	P	COG4771	Shell	2/5						rag	rag-1	PgCG_01819	w83			3054		ragA__rag-1__w83__HCNEGF_00178
RAGA_2	typing_ragA	Y	N	ragA	RagAB pathogenicity-island protein A	Heme & Ion Homeostasis	P	COG4771	Shell	2/5						rag	rag-3	PgCG_01819	A7436			3054		ragA__rag-3__A7436__EMNIEE_00175
RAGA_3	typing_ragA	Y	N	ragA	RagAB pathogenicity-island protein A	Heme & Ion Homeostasis	P	COG4771	Shell	2/5						rag	rag-1	PgCG_01819	atcc49417			3054		ragA__rag-5__atcc49417__HIGHBI_01960
RAGB_1	typing_ragB	Y	N	ragB	RagAB pathogenicity-island protein B	Cell Envelope & Morphogenesis			Shell	2/5						rag	rag-1	PgCG_01790	w83			1506		ragB__rag-1__w83__HCNEGF_00179
RAGB_2	typing_ragB	Y	N	ragB	RagAB pathogenicity-island protein B	Uncharacterized Proteins			Shell	2/5						rag	rag-4	PgCG_02019	atcc33277			1512		ragB__rag-2__atcc33277__OHKNAD_00293
RAGB_3	typing_ragB	Y	N	ragB	RagAB pathogenicity-island protein B	Uncharacterized Proteins			Shell	2/5						rag	rag-4	PgCG_02019	GMU202011			1512		ragB__rag-4__GMU202011__BPGMMO_00232
KREG_01	kantigen_region	Y	N	cps_locus	cps capsular biosynthesis locus (K1)	Surface Structures & Colonization										K-antigen	K1		A7436			44424	0	cps_region__A7436__K?__contig_1__2321934-2366357
KREG_02	kantigen_region	Y	N	cps_locus	cps capsular biosynthesis locus (K?)	Surface Structures & Colonization										K-antigen	K?		AJW4			44469	0	cps_region__AJW4__K?__contig_1__2327351-2371819
KREG_03	kantigen_region	Y	N	cps_locus	cps capsular biosynthesis locus (K?)	Surface Structures & Colonization										K-antigen	K?		GMU202011			45517	0	cps_region__GMU202011__K?__contig_1__2329550-2375066
KREG_04	kantigen_region	Y	N	cps_locus	cps capsular biosynthesis locus (K6)	Surface Structures & Colonization										K-antigen	K6		HG1691			44534	0	cps_region__HG1691__K6__contig_1__2575962-2620495
KREG_05	kantigen_region	Y	N	cps_locus	cps capsular biosynthesis locus (K?)	Surface Structures & Colonization										K-antigen	K?		LYG1			48052	0	cps_region__LYG1__K?__contig_1__2362715-2410766
KREG_06	kantigen_region	Y	N	cps_locus	cps capsular biosynthesis locus (K?)	Surface Structures & Colonization										K-antigen	K?		LYG2			48052	0	cps_region__LYG2__K?__contig_1__2362756-2410807
KREG_07	kantigen_region	Y	N	cps_locus	cps capsular biosynthesis locus (K?)	Surface Structures & Colonization										K-antigen	K?		LyEC01			45680	0	cps_region__LyEC01__K?__contig_1__2361923-2407602
KREG_08	kantigen_region	Y	N	cps_locus	cps capsular biosynthesis locus (K?)	Surface Structures & Colonization										K-antigen	K?		LyEC02			45680	0	cps_region__LyEC02__K?__contig_1__2360239-2405918
KREG_09	kantigen_region	Y	N	cps_locus	cps capsular biosynthesis locus (K-)	Surface Structures & Colonization										K-antigen	K-		atcc33277			45640	0	cps_region__atcc33277__K-__contig_1__2333562-2379201
KREG_10	kantigen_region	Y	N	cps_locus	cps capsular biosynthesis locus (K4)	Surface Structures & Colonization										K-antigen	K4		atcc49417			45421	0	cps_region__atcc49417__K3__contig_1__2475342-2520762
KREG_11	kantigen_region	Y	N	cps_locus	cps capsular biosynthesis locus (K?)	Surface Structures & Colonization										K-antigen	K?		tdc60			45935	0	cps_region__tdc60__K?__contig_1__2288272-2334206
KREG_12	kantigen_region	Y	N	cps_locus	cps capsular biosynthesis locus (K1)	Surface Structures & Colonization										K-antigen	K1		w83			44424	0	cps_region__w83__K1__contig_1__2298904-2343327
KGEN_001	kantigen_gene	Y	Y	lysM	Peptidase M24	Surface Structures & Colonization										K-antigen	K?	PgCG_01033	A7436	EMNIEE_02051		1014	337	cps_lysM_1__A7436__K?__EMNIEE_02051__Peptidase_M24
KGEN_002	kantigen_gene	Y	Y	hypothetical	IS5 family transposase	Surface Structures & Colonization										K-antigen	K?	PgCG_01687	A7436	EMNIEE_02052		780	259	cps_hypothetical_1__A7436__K?__EMNIEE_02052__IS5_family_transposase
KGEN_003	kantigen_gene	Y	Y	hypothetical	(pseudo) Partial transposase in ISPg1	Surface Structures & Colonization										K-antigen	K?	PgCG_01859	A7436	EMNIEE_02053		357	118	cps_hypothetical_2__A7436__K?__EMNIEE_02053__(pseudo)_Partial_transposase_in_ISPg1
KGEN_004	kantigen_gene	Y	Y	tnp	IS4 family ISPg4 transposase	Surface Structures & Colonization										K-antigen	K?	PgCG_01685	A7436	EMNIEE_02054		1158	385	cps_tnp_1__A7436__K?__EMNIEE_02054__IS4_family_ISPg4_transposase
KGEN_005	kantigen_gene	Y	Y	hypothetical	(pseudo) hypothetical protein	Surface Structures & Colonization										K-antigen	K?	PgCG_01721	A7436	EMNIEE_02055		135	44	cps_hypothetical_3__A7436__K?__EMNIEE_02055__(pseudo)_hypothetical_protein
KGEN_006	kantigen_gene	Y	Y	bepA	Peptidase M48 domain-containing protein	Surface Structures & Colonization										K-antigen	K?	PgCG_00800	A7436	EMNIEE_02056		798	265	cps_bepA_1__A7436__K?__EMNIEE_02056__Peptidase_M48_domain-containing_protein
KGEN_007	kantigen_gene	Y	Y	hypothetical	Peptidase	Surface Structures & Colonization										K-antigen	K?	PgCG_01029	A7436	EMNIEE_02057		882	293	cps_hypothetical_4__A7436__K?__EMNIEE_02057__Peptidase
KGEN_008	kantigen_gene	Y	Y	abc-f	ribosomal protection-like ABC-F family protein	Surface Structures & Colonization										K-antigen	K?	PgCG_00264	A7436	EMNIEE_02058		1938	645	cps_abc-f_1__A7436__K?__EMNIEE_02058__ribosomal_protection-like_ABC-F_family_protein
KGEN_009	kantigen_gene	Y	Y	pilF	TPR domain protein	Surface Structures & Colonization										K-antigen	K?	PgCG_00951	A7436	EMNIEE_02059		2088	695	cps_pilF_1__A7436__K?__EMNIEE_02059__TPR_domain_protein
KGEN_010	kantigen_gene	Y	Y	def	peptide deformylase	Surface Structures & Colonization										K-antigen	K?	PgCG_00801	A7436	EMNIEE_02060		678	225	cps_def_1__A7436__K?__EMNIEE_02060__peptide_deformylase
KGEN_011	kantigen_gene	Y	Y	ruvX	Holliday junction resolvase RuvX	Surface Structures & Colonization										K-antigen	K?	PgCG_00235	A7436	EMNIEE_02061		639	212	cps_ruvX_1__A7436__K?__EMNIEE_02061__Holliday_junction_resolvase_RuvX
KGEN_012	kantigen_gene	Y	Y	yfaS	Alpha-2-macroglobulin domain-containing protein	Surface Structures & Colonization										K-antigen	K?	PgCG_01001	A7436	EMNIEE_02062		5724	1907	cps_yfaS_1__A7436__K?__EMNIEE_02062__Alpha-2-macroglobulin_domain-containing_protein
KGEN_013	kantigen_gene	Y	Y	panE	2-dehydropantoate 2-reductase	Surface Structures & Colonization										K-antigen	K?	PgCG_00412	A7436	EMNIEE_02063		945	314	cps_panE_1__A7436__K?__EMNIEE_02063__2-dehydropantoate_2-reductase
KGEN_014	kantigen_gene	Y	Y	uup	ABC transporter, ATP-binding protein	Surface Structures & Colonization										K-antigen	K?	PgCG_01074	A7436	EMNIEE_02064		1617	538	cps_uup_1__A7436__K?__EMNIEE_02064__ABC_transporter,_ATP-binding_protein
KGEN_015	kantigen_gene	Y	Y	wcaG	3-beta hydroxysteroid dehydrogenase/isomerase domain-contain	Surface Structures & Colonization										K-antigen	K?	PgCG_00418	A7436	EMNIEE_02065		1020	339	cps_wcaG_1__A7436__K?__EMNIEE_02065__3-beta_hydroxysteroid_dehydrogenase/isomerase_domain-contain
KGEN_016	kantigen_gene	Y	Y	hypothetical	Major facilitator superfamily (MFS) profile domain-containin	Surface Structures & Colonization										K-antigen	K?	PgCG_01563	A7436	EMNIEE_02066		255	84	cps_hypothetical_5__A7436__K?__EMNIEE_02066__Major_facilitator_superfamily_(MFS)_profile_domain-containin
KGEN_017	kantigen_gene	Y	Y	hypothetical	Major facilitator superfamily (MFS) profile domain-containin	Surface Structures & Colonization										K-antigen	K?	PgCG_01107	A7436	EMNIEE_02067		255	84	cps_hypothetical_6__A7436__K?__EMNIEE_02067__Major_facilitator_superfamily_(MFS)_profile_domain-containin
KGEN_018	kantigen_gene	Y	Y	uvrA	excinuclease ABC subunit UvrA	Surface Structures & Colonization										K-antigen	K?	PgCG_00214	A7436	EMNIEE_02068		2859	952	cps_uvrA_1__A7436__K?__EMNIEE_02068__excinuclease_ABC_subunit_UvrA
KGEN_019	kantigen_gene	Y	Y	nirB	Bacterioferritin-associated ferredoxin	Surface Structures & Colonization										K-antigen	K?	PgCG_00355	A7436	EMNIEE_02072		183	60	cps_nirB_1__A7436__K?__EMNIEE_02072__Bacterioferritin-associated_ferredoxin
KGEN_020	kantigen_gene	Y	Y	hypothetical	DUF2851 domain-containing protein	Surface Structures & Colonization										K-antigen	K?	PgCG_01244	A7436	EMNIEE_02073		1275	424	cps_hypothetical_7__A7436__K?__EMNIEE_02073__DUF2851_domain-containing_protein
KGEN_021	kantigen_gene	Y	Y	cpsB	Mannose-1-phosphate guanylyltransferase	Surface Structures & Colonization										K-antigen	K?	PgCG_01182	A7436	EMNIEE_02074		1086	361	cps_cpsB_1__A7436__K?__EMNIEE_02074__Mannose-1-phosphate_guanylyltransferase
KGEN_022	kantigen_gene	Y	Y	cTD-A	GLUG domain-containing protein	Surface Structures & Colonization										K-antigen	K?	PgCG_01098	A7436	EMNIEE_02075		1515	504	cps_cTD-A_1__A7436__K?__EMNIEE_02075__GLUG_domain-containing_protein
KGEN_023	kantigen_gene	Y	Y	dxs	1-deoxy-D-xylulose-5-phosphate synthase	Surface Structures & Colonization										K-antigen	K?	PgCG_00406	A7436	EMNIEE_02076		1902	633	cps_dxs_1__A7436__K?__EMNIEE_02076__1-deoxy-D-xylulose-5-phosphate_synthase
KGEN_024	kantigen_gene	Y	Y	trkA	Trk system potassium transporter TrkA	Surface Structures & Colonization										K-antigen	K?	PgCG_01140	A7436	EMNIEE_02077		1341	446	cps_trkA_1__A7436__K?__EMNIEE_02077__Trk_system_potassium_transporter_TrkA
KGEN_025	kantigen_gene	Y	Y	trkH	Potassium uptake protein TrkH	Surface Structures & Colonization										K-antigen	K?	PgCG_00846	A7436	EMNIEE_02078		1464	487	cps_trkH_1__A7436__K?__EMNIEE_02078__Potassium_uptake_protein_TrkH
KGEN_026	kantigen_gene	Y	Y	traJ	Conjugative transposon TraJ C-terminal domain-containing pro	Surface Structures & Colonization										K-antigen	K?	PgCG_01865	A7436	EMNIEE_02080		288	95	cps_traJ_1__A7436__K?__EMNIEE_02080__Conjugative_transposon_TraJ_C-terminal_domain-containing_pro
KGEN_027	kantigen_gene	Y	Y	mtaB	tRNA (N(6)-L-threonylcarbamoyladenosine(37)-C(2))-methylthio	Surface Structures & Colonization										K-antigen	K?	PgCG_00322	A7436	EMNIEE_02081		1335	444	cps_mtaB_1__A7436__K?__EMNIEE_02081__tRNA_(N(6)-L-threonylcarbamoyladenosine(37)-C(2))-methylthio
KGEN_028	kantigen_gene	Y	Y	lpxP	Acyltransferase, HtrB/MsbB family	Surface Structures & Colonization										K-antigen	K?	PgCG_01155	A7436	EMNIEE_02082		918	305	cps_lpxP_1__A7436__K?__EMNIEE_02082__Acyltransferase,_HtrB/MsbB_family
KGEN_029	kantigen_gene	Y	Y	wcaE	Glycosyltransferase 2-like domain-containing protein	Surface Structures & Colonization										K-antigen	K?	PgCG_01165	A7436	EMNIEE_02083		1011	336	cps_wcaE_1__A7436__K?__EMNIEE_02083__Glycosyltransferase_2-like_domain-containing_protein
KGEN_030	kantigen_gene	Y	Y	terC	TerC family integral membrane protein	Surface Structures & Colonization										K-antigen	K?	PgCG_00075	A7436	EMNIEE_02084		597	198	cps_terC_1__A7436__K?__EMNIEE_02084__TerC_family_integral_membrane_protein
KGEN_031	kantigen_gene	Y	Y	marR	Winged helix DNA-binding domain-containing protein	Surface Structures & Colonization										K-antigen	K?	PgCG_00351	A7436	EMNIEE_02085		297	98	cps_marR_1__A7436__K?__EMNIEE_02085__Winged_helix_DNA-binding_domain-containing_protein
KGEN_032	kantigen_gene	Y	Y	fepA	Collagen-binding protein	Surface Structures & Colonization										K-antigen	K?	PgCG_01159	A7436	EMNIEE_02086		2223	740	cps_fepA_1__A7436__K?__EMNIEE_02086__Collagen-binding_protein
KGEN_033	kantigen_gene	Y	Y	hypothetical	TPR domain protein	Surface Structures & Colonization										K-antigen	K?	PgCG_00948	A7436	EMNIEE_02087		657	218	cps_hypothetical_8__A7436__K?__EMNIEE_02087__TPR_domain_protein
KGEN_034	kantigen_gene	Y	Y	hypothetical	hypothetical protein	Surface Structures & Colonization										K-antigen	K?	PgCG_01773	AJW4	CELAOB_02048		195	64	cps_hypothetical_9__AJW4__K?__CELAOB_02048__hypothetical_protein
KGEN_035	kantigen_gene	Y	Y	lysM	Peptidase M24	Surface Structures & Colonization										K-antigen	K?	PgCG_01033	AJW4	CELAOB_02049		1014	337	cps_lysM_2__AJW4__K?__CELAOB_02049__Peptidase_M24
KGEN_036	kantigen_gene	Y	Y	tnp	IS5 family transposase	Surface Structures & Colonization										K-antigen	K?	PgCG_00995	AJW4	CELAOB_02050		963	320	cps_tnp_2__AJW4__K?__CELAOB_02050__IS5_family_transposase
KGEN_037	kantigen_gene	Y	Y	tnp	IS4 family ISPg4 transposase	Surface Structures & Colonization										K-antigen	K?	PgCG_01685	AJW4	CELAOB_02051		1158	385	cps_tnp_3__AJW4__K?__CELAOB_02051__IS4_family_ISPg4_transposase
KGEN_038	kantigen_gene	Y	Y	hypothetical	(pseudo) hypothetical protein	Surface Structures & Colonization										K-antigen	K?	PgCG_01721	AJW4	CELAOB_02052		135	44	cps_hypothetical_10__AJW4__K?__CELAOB_02052__(pseudo)_hypothetical_protein
KGEN_039	kantigen_gene	Y	Y	hypothetical	Peptidase M48 family protein	Surface Structures & Colonization										K-antigen	K?	PgCG_00800	AJW4	CELAOB_02053		798	265	cps_hypothetical_11__AJW4__K?__CELAOB_02053__Peptidase_M48_family_protein
KGEN_040	kantigen_gene	Y	Y	hypothetical	Peptidase	Surface Structures & Colonization										K-antigen	K?	PgCG_01029	AJW4	CELAOB_02054		882	293	cps_hypothetical_12__AJW4__K?__CELAOB_02054__Peptidase
KGEN_041	kantigen_gene	Y	Y	abc-f	ribosomal protection-like ABC-F family protein	Surface Structures & Colonization										K-antigen	K?	PgCG_00264	AJW4	CELAOB_02055		1938	645	cps_abc-f_2__AJW4__K?__CELAOB_02055__ribosomal_protection-like_ABC-F_family_protein
KGEN_042	kantigen_gene	Y	Y	pilF	TPR domain protein	Surface Structures & Colonization										K-antigen	K?	PgCG_00951	AJW4	CELAOB_02056		2088	695	cps_pilF_2__AJW4__K?__CELAOB_02056__TPR_domain_protein
KGEN_043	kantigen_gene	Y	Y	def	peptide deformylase	Surface Structures & Colonization										K-antigen	K?	PgCG_00801	AJW4	CELAOB_02057		678	225	cps_def_2__AJW4__K?__CELAOB_02057__peptide_deformylase
KGEN_044	kantigen_gene	Y	Y	ruvX	Holliday junction resolvase RuvX	Surface Structures & Colonization										K-antigen	K?	PgCG_00235	AJW4	CELAOB_02058		639	212	cps_ruvX_2__AJW4__K?__CELAOB_02058__Holliday_junction_resolvase_RuvX
KGEN_045	kantigen_gene	Y	Y	yfaS	Alpha-2-macroglobulin domain-containing protein	Surface Structures & Colonization										K-antigen	K?	PgCG_01001	AJW4	CELAOB_02059		5721	1906	cps_yfaS_2__AJW4__K?__CELAOB_02059__Alpha-2-macroglobulin_domain-containing_protein
KGEN_046	kantigen_gene	Y	Y	panE	2-dehydropantoate 2-reductase	Surface Structures & Colonization										K-antigen	K?	PgCG_00412	AJW4	CELAOB_02060		945	314	cps_panE_2__AJW4__K?__CELAOB_02060__2-dehydropantoate_2-reductase
KGEN_047	kantigen_gene	Y	Y	uup	ABC transporter, ATP-binding protein	Surface Structures & Colonization										K-antigen	K?	PgCG_01074	AJW4	CELAOB_02061		1617	538	cps_uup_2__AJW4__K?__CELAOB_02061__ABC_transporter,_ATP-binding_protein
KGEN_048	kantigen_gene	Y	Y	wcaG	3-beta hydroxysteroid dehydrogenase/isomerase domain-contain	Surface Structures & Colonization										K-antigen	K?	PgCG_00418	AJW4	CELAOB_02062		1020	339	cps_wcaG_2__AJW4__K?__CELAOB_02062__3-beta_hydroxysteroid_dehydrogenase/isomerase_domain-contain
KGEN_049	kantigen_gene	Y	Y	hypothetical	Major facilitator superfamily (MFS) profile domain-containin	Surface Structures & Colonization										K-antigen	K?	PgCG_01563	AJW4	CELAOB_02063		255	84	cps_hypothetical_13__AJW4__K?__CELAOB_02063__Major_facilitator_superfamily_(MFS)_profile_domain-containin
KGEN_050	kantigen_gene	Y	Y	hypothetical	Major facilitator superfamily (MFS) profile domain-containin	Surface Structures & Colonization										K-antigen	K?	PgCG_01107	AJW4	CELAOB_02064		255	84	cps_hypothetical_14__AJW4__K?__CELAOB_02064__Major_facilitator_superfamily_(MFS)_profile_domain-containin
KGEN_051	kantigen_gene	Y	Y	uvrA	excinuclease ABC subunit UvrA	Surface Structures & Colonization										K-antigen	K?	PgCG_00214	AJW4	CELAOB_02065		2859	952	cps_uvrA_2__AJW4__K?__CELAOB_02065__excinuclease_ABC_subunit_UvrA
KGEN_052	kantigen_gene	Y	Y	nirB	Bacterioferritin-associated ferredoxin	Surface Structures & Colonization										K-antigen	K?	PgCG_00355	AJW4	CELAOB_02069		183	60	cps_nirB_2__AJW4__K?__CELAOB_02069__Bacterioferritin-associated_ferredoxin
KGEN_053	kantigen_gene	Y	Y	hypothetical	DUF2851 domain-containing protein	Surface Structures & Colonization										K-antigen	K?	PgCG_01244	AJW4	CELAOB_02070		1275	424	cps_hypothetical_15__AJW4__K?__CELAOB_02070__DUF2851_domain-containing_protein
KGEN_054	kantigen_gene	Y	Y	cpsB	Mannose-1-phosphate guanylyltransferase	Surface Structures & Colonization										K-antigen	K?	PgCG_01182	AJW4	CELAOB_02071		1086	361	cps_cpsB_2__AJW4__K?__CELAOB_02071__Mannose-1-phosphate_guanylyltransferase
KGEN_055	kantigen_gene	Y	Y	cTD-A	GLUG domain-containing protein	Surface Structures & Colonization										K-antigen	K?	PgCG_01098	AJW4	CELAOB_02072		1515	504	cps_cTD-A_2__AJW4__K?__CELAOB_02072__GLUG_domain-containing_protein
KGEN_056	kantigen_gene	Y	Y	dxs	1-deoxy-D-xylulose-5-phosphate synthase	Surface Structures & Colonization										K-antigen	K?	PgCG_00406	AJW4	CELAOB_02073		1902	633	cps_dxs_2__AJW4__K?__CELAOB_02073__1-deoxy-D-xylulose-5-phosphate_synthase
KGEN_057	kantigen_gene	Y	Y	trkA	Trk system potassium transporter TrkA	Surface Structures & Colonization										K-antigen	K?	PgCG_01140	AJW4	CELAOB_02074		1341	446	cps_trkA_2__AJW4__K?__CELAOB_02074__Trk_system_potassium_transporter_TrkA
KGEN_058	kantigen_gene	Y	Y	trkH	Potassium uptake protein TrkH	Surface Structures & Colonization										K-antigen	K?	PgCG_00846	AJW4	CELAOB_02075		1464	487	cps_trkH_2__AJW4__K?__CELAOB_02075__Potassium_uptake_protein_TrkH
KGEN_059	kantigen_gene	Y	Y	mtaB	tRNA (N(6)-L-threonylcarbamoyladenosine(37)-C(2))-methylthio	Surface Structures & Colonization										K-antigen	K?	PgCG_00322	AJW4	CELAOB_02077		1335	444	cps_mtaB_2__AJW4__K?__CELAOB_02077__tRNA_(N(6)-L-threonylcarbamoyladenosine(37)-C(2))-methylthio
KGEN_060	kantigen_gene	Y	Y	lpxP	Acyltransferase, HtrB/MsbB family	Surface Structures & Colonization										K-antigen	K?	PgCG_01155	AJW4	CELAOB_02078		918	305	cps_lpxP_2__AJW4__K?__CELAOB_02078__Acyltransferase,_HtrB/MsbB_family
KGEN_061	kantigen_gene	Y	Y	wcaE	Glycosyltransferase 2-like domain-containing protein	Surface Structures & Colonization										K-antigen	K?	PgCG_01165	AJW4	CELAOB_02079		1011	336	cps_wcaE_2__AJW4__K?__CELAOB_02079__Glycosyltransferase_2-like_domain-containing_protein
KGEN_062	kantigen_gene	Y	Y	terC	TerC family integral membrane protein	Surface Structures & Colonization										K-antigen	K?	PgCG_00075	AJW4	CELAOB_02080		597	198	cps_terC_2__AJW4__K?__CELAOB_02080__TerC_family_integral_membrane_protein
KGEN_063	kantigen_gene	Y	Y	marR	Winged helix DNA-binding domain-containing protein	Surface Structures & Colonization										K-antigen	K?	PgCG_00351	AJW4	CELAOB_02081		297	98	cps_marR_2__AJW4__K?__CELAOB_02081__Winged_helix_DNA-binding_domain-containing_protein
KGEN_064	kantigen_gene	Y	Y	fepA	Collagen-binding protein	Surface Structures & Colonization										K-antigen	K?	PgCG_01159	AJW4	CELAOB_02082		2223	740	cps_fepA_2__AJW4__K?__CELAOB_02082__Collagen-binding_protein
KGEN_065	kantigen_gene	Y	Y	hypothetical	TPR domain protein	Surface Structures & Colonization										K-antigen	K?	PgCG_00948	AJW4	CELAOB_02083		657	218	cps_hypothetical_16__AJW4__K?__CELAOB_02083__TPR_domain_protein
KGEN_066	kantigen_gene	Y	Y	hypothetical	hypothetical protein	Surface Structures & Colonization										K-antigen	K?		GMU202011	BPGMMO_02023		174	57	cps_hypothetical_17__GMU202011__K?__BPGMMO_02023__hypothetical_protein
KGEN_067	kantigen_gene	Y	Y	hisS	histidine--tRNA ligase	Surface Structures & Colonization										K-antigen	K?		GMU202011	BPGMMO_02024		1365	454	cps_hisS_1__GMU202011__K?__BPGMMO_02024__histidine--tRNA_ligase
KGEN_068	kantigen_gene	Y	Y	folA	Dihydrofolate reductase	Surface Structures & Colonization										K-antigen	K?		GMU202011	BPGMMO_02025		489	162	cps_folA_1__GMU202011__K?__BPGMMO_02025__Dihydrofolate_reductase
KGEN_069	kantigen_gene	Y	Y	thyA	thymidylate synthase	Surface Structures & Colonization										K-antigen	K?		GMU202011	BPGMMO_02026		795	264	cps_thyA_1__GMU202011__K?__BPGMMO_02026__thymidylate_synthase
KGEN_070	kantigen_gene	Y	Y	bepA	Peptidase M48 domain-containing protein	Surface Structures & Colonization										K-antigen	K?		GMU202011	BPGMMO_02027		798	265	cps_bepA_2__GMU202011__K?__BPGMMO_02027__Peptidase_M48_domain-containing_protein
KGEN_071	kantigen_gene	Y	Y	hypothetical	Peptidase	Surface Structures & Colonization										K-antigen	K?		GMU202011	BPGMMO_02028		882	293	cps_hypothetical_18__GMU202011__K?__BPGMMO_02028__Peptidase
KGEN_072	kantigen_gene	Y	Y	abc-f	ribosomal protection-like ABC-F family protein	Surface Structures & Colonization										K-antigen	K?		GMU202011	BPGMMO_02029		1938	645	cps_abc-f_3__GMU202011__K?__BPGMMO_02029__ribosomal_protection-like_ABC-F_family_protein
KGEN_073	kantigen_gene	Y	Y	pilF	TPR domain protein	Surface Structures & Colonization										K-antigen	K?		GMU202011	BPGMMO_02030		2088	695	cps_pilF_3__GMU202011__K?__BPGMMO_02030__TPR_domain_protein
KGEN_074	kantigen_gene	Y	Y	def	peptide deformylase	Surface Structures & Colonization										K-antigen	K?		GMU202011	BPGMMO_02031		678	225	cps_def_3__GMU202011__K?__BPGMMO_02031__peptide_deformylase
KGEN_075	kantigen_gene	Y	Y	ruvX	Holliday junction resolvase RuvX	Surface Structures & Colonization										K-antigen	K?		GMU202011	BPGMMO_02032		645	214	cps_ruvX_3__GMU202011__K?__BPGMMO_02032__Holliday_junction_resolvase_RuvX
KGEN_076	kantigen_gene	Y	Y	yfaS	Alpha-2-macroglobulin domain-containing protein	Surface Structures & Colonization										K-antigen	K?		GMU202011	BPGMMO_02033		5724	1907	cps_yfaS_3__GMU202011__K?__BPGMMO_02033__Alpha-2-macroglobulin_domain-containing_protein
KGEN_077	kantigen_gene	Y	Y	panE	2-dehydropantoate 2-reductase	Surface Structures & Colonization										K-antigen	K?		GMU202011	BPGMMO_02034		945	314	cps_panE_3__GMU202011__K?__BPGMMO_02034__2-dehydropantoate_2-reductase
KGEN_078	kantigen_gene	Y	Y	uup	ABC transporter, ATP-binding protein	Surface Structures & Colonization										K-antigen	K?		GMU202011	BPGMMO_02035		1617	538	cps_uup_3__GMU202011__K?__BPGMMO_02035__ABC_transporter,_ATP-binding_protein
KGEN_079	kantigen_gene	Y	Y	wcaG	3-beta hydroxysteroid dehydrogenase/isomerase domain-contain	Surface Structures & Colonization										K-antigen	K?		GMU202011	BPGMMO_02036		1020	339	cps_wcaG_3__GMU202011__K?__BPGMMO_02036__3-beta_hydroxysteroid_dehydrogenase/isomerase_domain-contain
KGEN_080	kantigen_gene	Y	Y	hypothetical	Major facilitator superfamily (MFS) profile domain-containin	Surface Structures & Colonization										K-antigen	K?		GMU202011	BPGMMO_02037		255	84	cps_hypothetical_19__GMU202011__K?__BPGMMO_02037__Major_facilitator_superfamily_(MFS)_profile_domain-containin
KGEN_081	kantigen_gene	Y	Y	hypothetical	Major facilitator superfamily (MFS) profile domain-containin	Surface Structures & Colonization										K-antigen	K?		GMU202011	BPGMMO_02038		255	84	cps_hypothetical_20__GMU202011__K?__BPGMMO_02038__Major_facilitator_superfamily_(MFS)_profile_domain-containin
KGEN_082	kantigen_gene	Y	Y	tnp	IS982 family transposase	Surface Structures & Colonization										K-antigen	K?		GMU202011	BPGMMO_02039		975	324	cps_tnp_4__GMU202011__K?__BPGMMO_02039__IS982_family_transposase
KGEN_083	kantigen_gene	Y	Y	uvrA	excinuclease ABC subunit UvrA	Surface Structures & Colonization										K-antigen	K?		GMU202011	BPGMMO_02040		2859	952	cps_uvrA_3__GMU202011__K?__BPGMMO_02040__excinuclease_ABC_subunit_UvrA
KGEN_084	kantigen_gene	Y	Y	nirB	Bacterioferritin-associated ferredoxin	Surface Structures & Colonization										K-antigen	K?		GMU202011	BPGMMO_02044		183	60	cps_nirB_3__GMU202011__K?__BPGMMO_02044__Bacterioferritin-associated_ferredoxin
KGEN_085	kantigen_gene	Y	Y	hypothetical	DUF2851 domain-containing protein	Surface Structures & Colonization										K-antigen	K?		GMU202011	BPGMMO_02045		1275	424	cps_hypothetical_21__GMU202011__K?__BPGMMO_02045__DUF2851_domain-containing_protein
KGEN_086	kantigen_gene	Y	Y	cpsB	Mannose-1-phosphate guanylyltransferase	Surface Structures & Colonization										K-antigen	K?		GMU202011	BPGMMO_02046		1086	361	cps_cpsB_3__GMU202011__K?__BPGMMO_02046__Mannose-1-phosphate_guanylyltransferase
KGEN_087	kantigen_gene	Y	Y	cTD-A	GLUG domain-containing protein	Surface Structures & Colonization										K-antigen	K?		GMU202011	BPGMMO_02047		1701	566	cps_cTD-A_3__GMU202011__K?__BPGMMO_02047__GLUG_domain-containing_protein
KGEN_088	kantigen_gene	Y	Y	dxs	1-deoxy-D-xylulose-5-phosphate synthase	Surface Structures & Colonization										K-antigen	K?		GMU202011	BPGMMO_02048		1905	634	cps_dxs_3__GMU202011__K?__BPGMMO_02048__1-deoxy-D-xylulose-5-phosphate_synthase
KGEN_089	kantigen_gene	Y	Y	trkA	Trk system potassium transporter TrkA	Surface Structures & Colonization										K-antigen	K?		GMU202011	BPGMMO_02049		1341	446	cps_trkA_3__GMU202011__K?__BPGMMO_02049__Trk_system_potassium_transporter_TrkA
KGEN_090	kantigen_gene	Y	Y	trkH	Potassium uptake protein TrkH	Surface Structures & Colonization										K-antigen	K?		GMU202011	BPGMMO_02050		1464	487	cps_trkH_3__GMU202011__K?__BPGMMO_02050__Potassium_uptake_protein_TrkH
KGEN_091	kantigen_gene	Y	Y	tnp	IS5 family ISPg8 transposase	Surface Structures & Colonization										K-antigen	K?		GMU202011	BPGMMO_02051		1086	361	cps_tnp_5__GMU202011__K?__BPGMMO_02051__IS5_family_ISPg8_transposase
KGEN_092	kantigen_gene	Y	Y	hypothetical	hypothetical protein	Surface Structures & Colonization										K-antigen	K?		GMU202011	BPGMMO_02053		465	154	cps_hypothetical_22__GMU202011__K?__BPGMMO_02053__hypothetical_protein
KGEN_093	kantigen_gene	Y	Y	hypothetical	hypothetical protein	Surface Structures & Colonization										K-antigen	K?		GMU202011	BPGMMO_02054		111	36	cps_hypothetical_23__GMU202011__K?__BPGMMO_02054__hypothetical_protein
KGEN_094	kantigen_gene	Y	Y	mtaB	tRNA (N(6)-L-threonylcarbamoyladenosine(37)-C(2))-methylthio	Surface Structures & Colonization										K-antigen	K?		GMU202011	BPGMMO_02055		1335	444	cps_mtaB_3__GMU202011__K?__BPGMMO_02055__tRNA_(N(6)-L-threonylcarbamoyladenosine(37)-C(2))-methylthio
KGEN_095	kantigen_gene	Y	Y	lpxP	Acyltransferase, HtrB/MsbB family	Surface Structures & Colonization										K-antigen	K?		GMU202011	BPGMMO_02056		918	305	cps_lpxP_3__GMU202011__K?__BPGMMO_02056__Acyltransferase,_HtrB/MsbB_family
KGEN_096	kantigen_gene	Y	Y	wcaE	Glycosyltransferase 2-like domain-containing protein	Surface Structures & Colonization										K-antigen	K?		GMU202011	BPGMMO_02057		1011	336	cps_wcaE_3__GMU202011__K?__BPGMMO_02057__Glycosyltransferase_2-like_domain-containing_protein
KGEN_097	kantigen_gene	Y	Y	terC	TerC family integral membrane protein	Surface Structures & Colonization										K-antigen	K?		GMU202011	BPGMMO_02058		597	198	cps_terC_3__GMU202011__K?__BPGMMO_02058__TerC_family_integral_membrane_protein
KGEN_098	kantigen_gene	Y	Y	marR	Winged helix DNA-binding domain-containing protein	Surface Structures & Colonization										K-antigen	K?		GMU202011	BPGMMO_02059		297	98	cps_marR_3__GMU202011__K?__BPGMMO_02059__Winged_helix_DNA-binding_domain-containing_protein
KGEN_099	kantigen_gene	Y	Y	fepA	Collagen-binding protein	Surface Structures & Colonization										K-antigen	K?		GMU202011	BPGMMO_02060		2223	740	cps_fepA_3__GMU202011__K?__BPGMMO_02060__Collagen-binding_protein
KGEN_100	kantigen_gene	Y	Y	hypothetical	TPR domain protein	Surface Structures & Colonization										K-antigen	K?		GMU202011	BPGMMO_02061		657	218	cps_hypothetical_24__GMU202011__K?__BPGMMO_02061__TPR_domain_protein
KGEN_101	kantigen_gene	Y	Y	rlmN	23S rRNA (adenine(2503)-C(2))-methyltransferase RlmN	Surface Structures & Colonization										K-antigen	K6		HG1691	DFFMHE_02295		1014	337	cps_rlmN_1__HG1691__K6__DFFMHE_02295__23S_rRNA_(adenine(2503)-C(2))-methyltransferase_RlmN
KGEN_102	kantigen_gene	Y	Y	hypothetical	hypothetical protein	Surface Structures & Colonization										K-antigen	K6		HG1691	DFFMHE_02296		405	134	cps_hypothetical_25__HG1691__K6__DFFMHE_02296__hypothetical_protein
KGEN_103	kantigen_gene	Y	Y	hypothetical	hypothetical protein	Surface Structures & Colonization										K-antigen	K6		HG1691	DFFMHE_02297		174	57	cps_hypothetical_26__HG1691__K6__DFFMHE_02297__hypothetical_protein
KGEN_104	kantigen_gene	Y	Y	hisS	histidine--tRNA ligase	Surface Structures & Colonization										K-antigen	K6		HG1691	DFFMHE_02298		1365	454	cps_hisS_2__HG1691__K6__DFFMHE_02298__histidine--tRNA_ligase
KGEN_105	kantigen_gene	Y	Y	folA	Dihydrofolate reductase	Surface Structures & Colonization										K-antigen	K6		HG1691	DFFMHE_02299		489	162	cps_folA_2__HG1691__K6__DFFMHE_02299__Dihydrofolate_reductase
KGEN_106	kantigen_gene	Y	Y	thyA	thymidylate synthase	Surface Structures & Colonization										K-antigen	K6		HG1691	DFFMHE_02300		795	264	cps_thyA_2__HG1691__K6__DFFMHE_02300__thymidylate_synthase
KGEN_107	kantigen_gene	Y	Y	bepA	Peptidase M48 domain-containing protein	Surface Structures & Colonization										K-antigen	K6		HG1691	DFFMHE_02301		798	265	cps_bepA_3__HG1691__K6__DFFMHE_02301__Peptidase_M48_domain-containing_protein
KGEN_108	kantigen_gene	Y	Y	hypothetical	Peptidase	Surface Structures & Colonization										K-antigen	K6		HG1691	DFFMHE_02302		882	293	cps_hypothetical_27__HG1691__K6__DFFMHE_02302__Peptidase
KGEN_109	kantigen_gene	Y	Y	abc-f	ribosomal protection-like ABC-F family protein	Surface Structures & Colonization										K-antigen	K6		HG1691	DFFMHE_02303		1938	645	cps_abc-f_4__HG1691__K6__DFFMHE_02303__ribosomal_protection-like_ABC-F_family_protein
KGEN_110	kantigen_gene	Y	Y	pilF	TPR domain protein	Surface Structures & Colonization										K-antigen	K6		HG1691	DFFMHE_02304		2088	695	cps_pilF_4__HG1691__K6__DFFMHE_02304__TPR_domain_protein
KGEN_111	kantigen_gene	Y	Y	def	peptide deformylase	Surface Structures & Colonization										K-antigen	K6		HG1691	DFFMHE_02305		678	225	cps_def_4__HG1691__K6__DFFMHE_02305__peptide_deformylase
KGEN_112	kantigen_gene	Y	Y	ruvX	Holliday junction resolvase RuvX	Surface Structures & Colonization										K-antigen	K6		HG1691	DFFMHE_02306		639	212	cps_ruvX_4__HG1691__K6__DFFMHE_02306__Holliday_junction_resolvase_RuvX
KGEN_113	kantigen_gene	Y	Y	yfaS	Alpha-2-macroglobulin domain-containing protein	Surface Structures & Colonization										K-antigen	K6		HG1691	DFFMHE_02307		5724	1907	cps_yfaS_4__HG1691__K6__DFFMHE_02307__Alpha-2-macroglobulin_domain-containing_protein
KGEN_114	kantigen_gene	Y	Y	panE	2-dehydropantoate 2-reductase	Surface Structures & Colonization										K-antigen	K6		HG1691	DFFMHE_02308		945	314	cps_panE_4__HG1691__K6__DFFMHE_02308__2-dehydropantoate_2-reductase
KGEN_115	kantigen_gene	Y	Y	uup	ABC transporter, ATP-binding protein	Surface Structures & Colonization										K-antigen	K6		HG1691	DFFMHE_02309		1617	538	cps_uup_4__HG1691__K6__DFFMHE_02309__ABC_transporter,_ATP-binding_protein
KGEN_116	kantigen_gene	Y	Y	wcaG	3-beta hydroxysteroid dehydrogenase/isomerase domain-contain	Surface Structures & Colonization										K-antigen	K6		HG1691	DFFMHE_02310		1020	339	cps_wcaG_4__HG1691__K6__DFFMHE_02310__3-beta_hydroxysteroid_dehydrogenase/isomerase_domain-contain
KGEN_117	kantigen_gene	Y	Y	hypothetical	Major facilitator superfamily (MFS) profile domain-containin	Surface Structures & Colonization										K-antigen	K6		HG1691	DFFMHE_02311		255	84	cps_hypothetical_28__HG1691__K6__DFFMHE_02311__Major_facilitator_superfamily_(MFS)_profile_domain-containin
KGEN_118	kantigen_gene	Y	Y	uvrA	excinuclease ABC subunit UvrA	Surface Structures & Colonization										K-antigen	K6		HG1691	DFFMHE_02312		2859	952	cps_uvrA_4__HG1691__K6__DFFMHE_02312__excinuclease_ABC_subunit_UvrA
KGEN_119	kantigen_gene	Y	Y	nirB	Bacterioferritin-associated ferredoxin	Surface Structures & Colonization										K-antigen	K6		HG1691	DFFMHE_02316		183	60	cps_nirB_4__HG1691__K6__DFFMHE_02316__Bacterioferritin-associated_ferredoxin
KGEN_120	kantigen_gene	Y	Y	hypothetical	DUF2851 domain-containing protein	Surface Structures & Colonization										K-antigen	K6		HG1691	DFFMHE_02317		1275	424	cps_hypothetical_29__HG1691__K6__DFFMHE_02317__DUF2851_domain-containing_protein
KGEN_121	kantigen_gene	Y	Y	cpsB	Mannose-1-phosphate guanylyltransferase	Surface Structures & Colonization										K-antigen	K6		HG1691	DFFMHE_02318		1086	361	cps_cpsB_4__HG1691__K6__DFFMHE_02318__Mannose-1-phosphate_guanylyltransferase
KGEN_122	kantigen_gene	Y	Y	cTD-A	GLUG domain-containing protein	Surface Structures & Colonization										K-antigen	K6		HG1691	DFFMHE_02319		1515	504	cps_cTD-A_4__HG1691__K6__DFFMHE_02319__GLUG_domain-containing_protein
KGEN_123	kantigen_gene	Y	Y	dxs	1-deoxy-D-xylulose-5-phosphate synthase	Surface Structures & Colonization										K-antigen	K6		HG1691	DFFMHE_02320		1902	633	cps_dxs_4__HG1691__K6__DFFMHE_02320__1-deoxy-D-xylulose-5-phosphate_synthase
KGEN_124	kantigen_gene	Y	Y	trkA	Trk system potassium transporter TrkA	Surface Structures & Colonization										K-antigen	K6		HG1691	DFFMHE_02321		1341	446	cps_trkA_4__HG1691__K6__DFFMHE_02321__Trk_system_potassium_transporter_TrkA
KGEN_125	kantigen_gene	Y	Y	trkH	Potassium uptake protein TrkH	Surface Structures & Colonization										K-antigen	K6		HG1691	DFFMHE_02322		1464	487	cps_trkH_4__HG1691__K6__DFFMHE_02322__Potassium_uptake_protein_TrkH
KGEN_126	kantigen_gene	Y	Y	mtaB	tRNA (N(6)-L-threonylcarbamoyladenosine(37)-C(2))-methylthio	Surface Structures & Colonization										K-antigen	K6		HG1691	DFFMHE_02324		1335	444	cps_mtaB_4__HG1691__K6__DFFMHE_02324__tRNA_(N(6)-L-threonylcarbamoyladenosine(37)-C(2))-methylthio
KGEN_127	kantigen_gene	Y	Y	lpxP	Acyltransferase, HtrB/MsbB family	Surface Structures & Colonization										K-antigen	K6		HG1691	DFFMHE_02325		918	305	cps_lpxP_4__HG1691__K6__DFFMHE_02325__Acyltransferase,_HtrB/MsbB_family
KGEN_128	kantigen_gene	Y	Y	wcaE	Glycosyltransferase 2-like domain-containing protein	Surface Structures & Colonization										K-antigen	K6		HG1691	DFFMHE_02326		1011	336	cps_wcaE_4__HG1691__K6__DFFMHE_02326__Glycosyltransferase_2-like_domain-containing_protein
KGEN_129	kantigen_gene	Y	Y	terC	TerC family integral membrane protein	Surface Structures & Colonization										K-antigen	K6		HG1691	DFFMHE_02327		597	198	cps_terC_4__HG1691__K6__DFFMHE_02327__TerC_family_integral_membrane_protein
KGEN_130	kantigen_gene	Y	Y	marR	Winged helix DNA-binding domain-containing protein	Surface Structures & Colonization										K-antigen	K6		HG1691	DFFMHE_02328		297	98	cps_marR_4__HG1691__K6__DFFMHE_02328__Winged_helix_DNA-binding_domain-containing_protein
KGEN_131	kantigen_gene	Y	Y	fepA	Collagen-binding protein	Surface Structures & Colonization										K-antigen	K6		HG1691	DFFMHE_02329		2223	740	cps_fepA_4__HG1691__K6__DFFMHE_02329__Collagen-binding_protein
KGEN_132	kantigen_gene	Y	Y	hypothetical	TPR domain protein	Surface Structures & Colonization										K-antigen	K6		HG1691	DFFMHE_02330		657	218	cps_hypothetical_30__HG1691__K6__DFFMHE_02330__TPR_domain_protein
KGEN_133	kantigen_gene	Y	Y	hypothetical	Chain length determinant protein	Surface Structures & Colonization										K-antigen	K?		LYG1	DDLCJE_02110		1701	566	cps_hypothetical_31__LYG1__K?__DDLCJE_02110__Chain_length_determinant_protein
KGEN_134	kantigen_gene	Y	Y	pspC	Phage shock protein PspC N-terminal domain-containing protei	Surface Structures & Colonization										K-antigen	K?		LYG1	DDLCJE_02111		1056	351	cps_pspC_1__LYG1__K?__DDLCJE_02111__Phage_shock_protein_PspC_N-terminal_domain-containing_protei
KGEN_135	kantigen_gene	Y	Y	recJ	single-stranded-DNA-specific exonuclease RecJ	Surface Structures & Colonization										K-antigen	K?		LYG1	DDLCJE_02112		1755	584	cps_recJ_1__LYG1__K?__DDLCJE_02112__single-stranded-DNA-specific_exonuclease_RecJ
KGEN_136	kantigen_gene	Y	Y	hypothetical	histidine kinase	Surface Structures & Colonization										K-antigen	K?		LYG1	DDLCJE_02113		1188	395	cps_hypothetical_32__LYG1__K?__DDLCJE_02113__histidine_kinase
KGEN_137	kantigen_gene	Y	Y	tnp	IS5 family ISPg8 transposase	Surface Structures & Colonization										K-antigen	K?		LYG1	DDLCJE_02114		1086	361	cps_tnp_6__LYG1__K?__DDLCJE_02114__IS5_family_ISPg8_transposase
KGEN_138	kantigen_gene	Y	Y	bepA	Peptidase M48 domain-containing protein	Surface Structures & Colonization										K-antigen	K?		LYG1	DDLCJE_02115		798	265	cps_bepA_4__LYG1__K?__DDLCJE_02115__Peptidase_M48_domain-containing_protein
KGEN_139	kantigen_gene	Y	Y	hypothetical	Peptidase	Surface Structures & Colonization										K-antigen	K?		LYG1	DDLCJE_02116		882	293	cps_hypothetical_33__LYG1__K?__DDLCJE_02116__Peptidase
KGEN_140	kantigen_gene	Y	Y	abc-f	ribosomal protection-like ABC-F family protein	Surface Structures & Colonization										K-antigen	K?		LYG1	DDLCJE_02117		1938	645	cps_abc-f_5__LYG1__K?__DDLCJE_02117__ribosomal_protection-like_ABC-F_family_protein
KGEN_141	kantigen_gene	Y	Y	pilF	TPR domain protein	Surface Structures & Colonization										K-antigen	K?		LYG1	DDLCJE_02118		2088	695	cps_pilF_5__LYG1__K?__DDLCJE_02118__TPR_domain_protein
KGEN_142	kantigen_gene	Y	Y	def	peptide deformylase	Surface Structures & Colonization										K-antigen	K?		LYG1	DDLCJE_02119		678	225	cps_def_5__LYG1__K?__DDLCJE_02119__peptide_deformylase
KGEN_143	kantigen_gene	Y	Y	ruvX	Holliday junction resolvase RuvX	Surface Structures & Colonization										K-antigen	K?		LYG1	DDLCJE_02120		639	212	cps_ruvX_5__LYG1__K?__DDLCJE_02120__Holliday_junction_resolvase_RuvX
KGEN_144	kantigen_gene	Y	Y	yfaS	Alpha-2-macroglobulin domain-containing protein	Surface Structures & Colonization										K-antigen	K?		LYG1	DDLCJE_02121		5724	1907	cps_yfaS_5__LYG1__K?__DDLCJE_02121__Alpha-2-macroglobulin_domain-containing_protein
KGEN_145	kantigen_gene	Y	Y	panE	2-dehydropantoate 2-reductase	Surface Structures & Colonization										K-antigen	K?		LYG1	DDLCJE_02122		945	314	cps_panE_5__LYG1__K?__DDLCJE_02122__2-dehydropantoate_2-reductase
KGEN_146	kantigen_gene	Y	Y	uup	ABC transporter, ATP-binding protein	Surface Structures & Colonization										K-antigen	K?		LYG1	DDLCJE_02123		1617	538	cps_uup_5__LYG1__K?__DDLCJE_02123__ABC_transporter,_ATP-binding_protein
KGEN_147	kantigen_gene	Y	Y	wcaG	3-beta hydroxysteroid dehydrogenase/isomerase domain-contain	Surface Structures & Colonization										K-antigen	K?		LYG1	DDLCJE_02124		1020	339	cps_wcaG_5__LYG1__K?__DDLCJE_02124__3-beta_hydroxysteroid_dehydrogenase/isomerase_domain-contain
KGEN_148	kantigen_gene	Y	Y	hypothetical	Major facilitator superfamily (MFS) profile domain-containin	Surface Structures & Colonization										K-antigen	K?		LYG1	DDLCJE_02125		255	84	cps_hypothetical_34__LYG1__K?__DDLCJE_02125__Major_facilitator_superfamily_(MFS)_profile_domain-containin
KGEN_149	kantigen_gene	Y	Y	hypothetical	Major facilitator superfamily (MFS) profile domain-containin	Surface Structures & Colonization										K-antigen	K?		LYG1	DDLCJE_02126		255	84	cps_hypothetical_35__LYG1__K?__DDLCJE_02126__Major_facilitator_superfamily_(MFS)_profile_domain-containin
KGEN_150	kantigen_gene	Y	Y	uvrA	excinuclease ABC subunit UvrA	Surface Structures & Colonization										K-antigen	K?		LYG1	DDLCJE_02127		2859	952	cps_uvrA_5__LYG1__K?__DDLCJE_02127__excinuclease_ABC_subunit_UvrA
KGEN_151	kantigen_gene	Y	Y	nirB	Bacterioferritin-associated ferredoxin	Surface Structures & Colonization										K-antigen	K?		LYG1	DDLCJE_02131		183	60	cps_nirB_5__LYG1__K?__DDLCJE_02131__Bacterioferritin-associated_ferredoxin
KGEN_152	kantigen_gene	Y	Y	hypothetical	DUF2851 domain-containing protein	Surface Structures & Colonization										K-antigen	K?		LYG1	DDLCJE_02132		1275	424	cps_hypothetical_36__LYG1__K?__DDLCJE_02132__DUF2851_domain-containing_protein
KGEN_153	kantigen_gene	Y	Y	cpsB	Mannose-1-phosphate guanylyltransferase	Surface Structures & Colonization										K-antigen	K?		LYG1	DDLCJE_02133		1086	361	cps_cpsB_5__LYG1__K?__DDLCJE_02133__Mannose-1-phosphate_guanylyltransferase
KGEN_154	kantigen_gene	Y	Y	cTD-A	GLUG domain-containing protein	Surface Structures & Colonization										K-antigen	K?		LYG1	DDLCJE_02134		1701	566	cps_cTD-A_5__LYG1__K?__DDLCJE_02134__GLUG_domain-containing_protein
KGEN_155	kantigen_gene	Y	Y	dxs	1-deoxy-D-xylulose-5-phosphate synthase	Surface Structures & Colonization										K-antigen	K?		LYG1	DDLCJE_02135		1902	633	cps_dxs_5__LYG1__K?__DDLCJE_02135__1-deoxy-D-xylulose-5-phosphate_synthase
KGEN_156	kantigen_gene	Y	Y	trkA	Trk system potassium transporter TrkA	Surface Structures & Colonization										K-antigen	K?		LYG1	DDLCJE_02136		1341	446	cps_trkA_5__LYG1__K?__DDLCJE_02136__Trk_system_potassium_transporter_TrkA
KGEN_157	kantigen_gene	Y	Y	trkH	Potassium uptake protein TrkH	Surface Structures & Colonization										K-antigen	K?		LYG1	DDLCJE_02137		1464	487	cps_trkH_5__LYG1__K?__DDLCJE_02137__Potassium_uptake_protein_TrkH
KGEN_158	kantigen_gene	Y	Y	mtaB	tRNA (N(6)-L-threonylcarbamoyladenosine(37)-C(2))-methylthio	Surface Structures & Colonization										K-antigen	K?		LYG1	DDLCJE_02139		1335	444	cps_mtaB_5__LYG1__K?__DDLCJE_02139__tRNA_(N(6)-L-threonylcarbamoyladenosine(37)-C(2))-methylthio
KGEN_159	kantigen_gene	Y	Y	lpxP	Acyltransferase, HtrB/MsbB family	Surface Structures & Colonization										K-antigen	K?		LYG1	DDLCJE_02140		918	305	cps_lpxP_5__LYG1__K?__DDLCJE_02140__Acyltransferase,_HtrB/MsbB_family
KGEN_160	kantigen_gene	Y	Y	wcaE	Glycosyltransferase 2-like domain-containing protein	Surface Structures & Colonization										K-antigen	K?		LYG1	DDLCJE_02141		1011	336	cps_wcaE_5__LYG1__K?__DDLCJE_02141__Glycosyltransferase_2-like_domain-containing_protein
KGEN_161	kantigen_gene	Y	Y	terC	TerC family integral membrane protein	Surface Structures & Colonization										K-antigen	K?		LYG1	DDLCJE_02142		597	198	cps_terC_5__LYG1__K?__DDLCJE_02142__TerC_family_integral_membrane_protein
KGEN_162	kantigen_gene	Y	Y	marR	Winged helix DNA-binding domain-containing protein	Surface Structures & Colonization										K-antigen	K?		LYG1	DDLCJE_02143		297	98	cps_marR_5__LYG1__K?__DDLCJE_02143__Winged_helix_DNA-binding_domain-containing_protein
KGEN_163	kantigen_gene	Y	Y	fepA	Collagen-binding protein	Surface Structures & Colonization										K-antigen	K?		LYG1	DDLCJE_02144		2223	740	cps_fepA_5__LYG1__K?__DDLCJE_02144__Collagen-binding_protein
KGEN_164	kantigen_gene	Y	Y	hypothetical	TPR domain protein	Surface Structures & Colonization										K-antigen	K?		LYG1	DDLCJE_02145		657	218	cps_hypothetical_37__LYG1__K?__DDLCJE_02145__TPR_domain_protein
KGEN_165	kantigen_gene	Y	Y	hypothetical	Chain length determinant protein	Surface Structures & Colonization										K-antigen	K?		LYG2	MCAPDE_02114		1701	566	cps_hypothetical_38__LYG2__K?__MCAPDE_02114__Chain_length_determinant_protein
KGEN_166	kantigen_gene	Y	Y	pspC	Phage shock protein PspC N-terminal domain-containing protei	Surface Structures & Colonization										K-antigen	K?		LYG2	MCAPDE_02115		1056	351	cps_pspC_2__LYG2__K?__MCAPDE_02115__Phage_shock_protein_PspC_N-terminal_domain-containing_protei
KGEN_167	kantigen_gene	Y	Y	recJ	single-stranded-DNA-specific exonuclease RecJ	Surface Structures & Colonization										K-antigen	K?		LYG2	MCAPDE_02116		1755	584	cps_recJ_2__LYG2__K?__MCAPDE_02116__single-stranded-DNA-specific_exonuclease_RecJ
KGEN_168	kantigen_gene	Y	Y	hypothetical	histidine kinase	Surface Structures & Colonization										K-antigen	K?		LYG2	MCAPDE_02117		1188	395	cps_hypothetical_39__LYG2__K?__MCAPDE_02117__histidine_kinase
KGEN_169	kantigen_gene	Y	Y	tnp	IS5 family ISPg8 transposase	Surface Structures & Colonization										K-antigen	K?		LYG2	MCAPDE_02118		1086	361	cps_tnp_7__LYG2__K?__MCAPDE_02118__IS5_family_ISPg8_transposase
KGEN_170	kantigen_gene	Y	Y	bepA	Peptidase M48 domain-containing protein	Surface Structures & Colonization										K-antigen	K?		LYG2	MCAPDE_02119		798	265	cps_bepA_5__LYG2__K?__MCAPDE_02119__Peptidase_M48_domain-containing_protein
KGEN_171	kantigen_gene	Y	Y	hypothetical	Peptidase	Surface Structures & Colonization										K-antigen	K?		LYG2	MCAPDE_02120		882	293	cps_hypothetical_40__LYG2__K?__MCAPDE_02120__Peptidase
KGEN_172	kantigen_gene	Y	Y	abc-f	ribosomal protection-like ABC-F family protein	Surface Structures & Colonization										K-antigen	K?		LYG2	MCAPDE_02121		1938	645	cps_abc-f_6__LYG2__K?__MCAPDE_02121__ribosomal_protection-like_ABC-F_family_protein
KGEN_173	kantigen_gene	Y	Y	pilF	TPR domain protein	Surface Structures & Colonization										K-antigen	K?		LYG2	MCAPDE_02122		2088	695	cps_pilF_6__LYG2__K?__MCAPDE_02122__TPR_domain_protein
KGEN_174	kantigen_gene	Y	Y	def	peptide deformylase	Surface Structures & Colonization										K-antigen	K?		LYG2	MCAPDE_02123		678	225	cps_def_6__LYG2__K?__MCAPDE_02123__peptide_deformylase
KGEN_175	kantigen_gene	Y	Y	ruvX	Holliday junction resolvase RuvX	Surface Structures & Colonization										K-antigen	K?		LYG2	MCAPDE_02124		639	212	cps_ruvX_6__LYG2__K?__MCAPDE_02124__Holliday_junction_resolvase_RuvX
KGEN_176	kantigen_gene	Y	Y	yfaS	Alpha-2-macroglobulin domain-containing protein	Surface Structures & Colonization										K-antigen	K?		LYG2	MCAPDE_02125		5724	1907	cps_yfaS_6__LYG2__K?__MCAPDE_02125__Alpha-2-macroglobulin_domain-containing_protein
KGEN_177	kantigen_gene	Y	Y	panE	2-dehydropantoate 2-reductase	Surface Structures & Colonization										K-antigen	K?		LYG2	MCAPDE_02126		945	314	cps_panE_6__LYG2__K?__MCAPDE_02126__2-dehydropantoate_2-reductase
KGEN_178	kantigen_gene	Y	Y	uup	ABC transporter, ATP-binding protein	Surface Structures & Colonization										K-antigen	K?		LYG2	MCAPDE_02127		1617	538	cps_uup_6__LYG2__K?__MCAPDE_02127__ABC_transporter,_ATP-binding_protein
KGEN_179	kantigen_gene	Y	Y	wcaG	3-beta hydroxysteroid dehydrogenase/isomerase domain-contain	Surface Structures & Colonization										K-antigen	K?		LYG2	MCAPDE_02128		1020	339	cps_wcaG_6__LYG2__K?__MCAPDE_02128__3-beta_hydroxysteroid_dehydrogenase/isomerase_domain-contain
KGEN_180	kantigen_gene	Y	Y	hypothetical	Major facilitator superfamily (MFS) profile domain-containin	Surface Structures & Colonization										K-antigen	K?		LYG2	MCAPDE_02129		255	84	cps_hypothetical_41__LYG2__K?__MCAPDE_02129__Major_facilitator_superfamily_(MFS)_profile_domain-containin
KGEN_181	kantigen_gene	Y	Y	hypothetical	Major facilitator superfamily (MFS) profile domain-containin	Surface Structures & Colonization										K-antigen	K?		LYG2	MCAPDE_02130		255	84	cps_hypothetical_42__LYG2__K?__MCAPDE_02130__Major_facilitator_superfamily_(MFS)_profile_domain-containin
KGEN_182	kantigen_gene	Y	Y	uvrA	excinuclease ABC subunit UvrA	Surface Structures & Colonization										K-antigen	K?		LYG2	MCAPDE_02131		2859	952	cps_uvrA_6__LYG2__K?__MCAPDE_02131__excinuclease_ABC_subunit_UvrA
KGEN_183	kantigen_gene	Y	Y	nirB	Bacterioferritin-associated ferredoxin	Surface Structures & Colonization										K-antigen	K?		LYG2	MCAPDE_02135		183	60	cps_nirB_6__LYG2__K?__MCAPDE_02135__Bacterioferritin-associated_ferredoxin
KGEN_184	kantigen_gene	Y	Y	hypothetical	DUF2851 domain-containing protein	Surface Structures & Colonization										K-antigen	K?		LYG2	MCAPDE_02136		1275	424	cps_hypothetical_43__LYG2__K?__MCAPDE_02136__DUF2851_domain-containing_protein
KGEN_185	kantigen_gene	Y	Y	cpsB	Mannose-1-phosphate guanylyltransferase	Surface Structures & Colonization										K-antigen	K?		LYG2	MCAPDE_02137		1086	361	cps_cpsB_6__LYG2__K?__MCAPDE_02137__Mannose-1-phosphate_guanylyltransferase
KGEN_186	kantigen_gene	Y	Y	cTD-A	GLUG domain-containing protein	Surface Structures & Colonization										K-antigen	K?		LYG2	MCAPDE_02138		1701	566	cps_cTD-A_6__LYG2__K?__MCAPDE_02138__GLUG_domain-containing_protein
KGEN_187	kantigen_gene	Y	Y	dxs	1-deoxy-D-xylulose-5-phosphate synthase	Surface Structures & Colonization										K-antigen	K?		LYG2	MCAPDE_02139		1902	633	cps_dxs_6__LYG2__K?__MCAPDE_02139__1-deoxy-D-xylulose-5-phosphate_synthase
KGEN_188	kantigen_gene	Y	Y	trkA	Trk system potassium transporter TrkA	Surface Structures & Colonization										K-antigen	K?		LYG2	MCAPDE_02140		1341	446	cps_trkA_6__LYG2__K?__MCAPDE_02140__Trk_system_potassium_transporter_TrkA
KGEN_189	kantigen_gene	Y	Y	trkH	Potassium uptake protein TrkH	Surface Structures & Colonization										K-antigen	K?		LYG2	MCAPDE_02141		1464	487	cps_trkH_6__LYG2__K?__MCAPDE_02141__Potassium_uptake_protein_TrkH
KGEN_190	kantigen_gene	Y	Y	mtaB	tRNA (N(6)-L-threonylcarbamoyladenosine(37)-C(2))-methylthio	Surface Structures & Colonization										K-antigen	K?		LYG2	MCAPDE_02143		1335	444	cps_mtaB_6__LYG2__K?__MCAPDE_02143__tRNA_(N(6)-L-threonylcarbamoyladenosine(37)-C(2))-methylthio
KGEN_191	kantigen_gene	Y	Y	lpxP	Acyltransferase, HtrB/MsbB family	Surface Structures & Colonization										K-antigen	K?		LYG2	MCAPDE_02144		918	305	cps_lpxP_6__LYG2__K?__MCAPDE_02144__Acyltransferase,_HtrB/MsbB_family
KGEN_192	kantigen_gene	Y	Y	wcaE	Glycosyltransferase 2-like domain-containing protein	Surface Structures & Colonization										K-antigen	K?		LYG2	MCAPDE_02145		1011	336	cps_wcaE_6__LYG2__K?__MCAPDE_02145__Glycosyltransferase_2-like_domain-containing_protein
KGEN_193	kantigen_gene	Y	Y	terC	TerC family integral membrane protein	Surface Structures & Colonization										K-antigen	K?		LYG2	MCAPDE_02146		597	198	cps_terC_6__LYG2__K?__MCAPDE_02146__TerC_family_integral_membrane_protein
KGEN_194	kantigen_gene	Y	Y	marR	Winged helix DNA-binding domain-containing protein	Surface Structures & Colonization										K-antigen	K?		LYG2	MCAPDE_02147		297	98	cps_marR_6__LYG2__K?__MCAPDE_02147__Winged_helix_DNA-binding_domain-containing_protein
KGEN_195	kantigen_gene	Y	Y	fepA	Collagen-binding protein	Surface Structures & Colonization										K-antigen	K?		LYG2	MCAPDE_02148		2223	740	cps_fepA_6__LYG2__K?__MCAPDE_02148__Collagen-binding_protein
KGEN_196	kantigen_gene	Y	Y	hypothetical	TPR domain protein	Surface Structures & Colonization										K-antigen	K?		LYG2	MCAPDE_02149		657	218	cps_hypothetical_44__LYG2__K?__MCAPDE_02149__TPR_domain_protein
KGEN_197	kantigen_gene	Y	Y	hypothetical	Lipoprotein	Surface Structures & Colonization										K-antigen	K?		LyEC01	JMNHIK_02054		1056	351	cps_hypothetical_45__LyEC01__K?__JMNHIK_02054__Lipoprotein
KGEN_198	kantigen_gene	Y	Y	rlmN	23S rRNA (adenine(2503)-C(2))-methyltransferase RlmN	Surface Structures & Colonization										K-antigen	K?		LyEC01	JMNHIK_02055		1014	337	cps_rlmN_2__LyEC01__K?__JMNHIK_02055__23S_rRNA_(adenine(2503)-C(2))-methyltransferase_RlmN
KGEN_199	kantigen_gene	Y	Y	hypothetical	hypothetical protein	Surface Structures & Colonization										K-antigen	K?		LyEC01	JMNHIK_02056		174	57	cps_hypothetical_46__LyEC01__K?__JMNHIK_02056__hypothetical_protein
KGEN_200	kantigen_gene	Y	Y	hisS	histidine--tRNA ligase	Surface Structures & Colonization										K-antigen	K?		LyEC01	JMNHIK_02057		1365	454	cps_hisS_3__LyEC01__K?__JMNHIK_02057__histidine--tRNA_ligase
KGEN_201	kantigen_gene	Y	Y	folA	Dihydrofolate reductase	Surface Structures & Colonization										K-antigen	K?		LyEC01	JMNHIK_02058		489	162	cps_folA_3__LyEC01__K?__JMNHIK_02058__Dihydrofolate_reductase
KGEN_202	kantigen_gene	Y	Y	thyA	thymidylate synthase	Surface Structures & Colonization										K-antigen	K?		LyEC01	JMNHIK_02059		795	264	cps_thyA_3__LyEC01__K?__JMNHIK_02059__thymidylate_synthase
KGEN_203	kantigen_gene	Y	Y	bepA	Peptidase M48 domain-containing protein	Surface Structures & Colonization										K-antigen	K?		LyEC01	JMNHIK_02060		798	265	cps_bepA_6__LyEC01__K?__JMNHIK_02060__Peptidase_M48_domain-containing_protein
KGEN_204	kantigen_gene	Y	Y	hypothetical	Peptidase	Surface Structures & Colonization										K-antigen	K?		LyEC01	JMNHIK_02061		882	293	cps_hypothetical_47__LyEC01__K?__JMNHIK_02061__Peptidase
KGEN_205	kantigen_gene	Y	Y	abc-f	ribosomal protection-like ABC-F family protein	Surface Structures & Colonization										K-antigen	K?		LyEC01	JMNHIK_02062		1938	645	cps_abc-f_7__LyEC01__K?__JMNHIK_02062__ribosomal_protection-like_ABC-F_family_protein
KGEN_206	kantigen_gene	Y	Y	pilF	TPR domain protein	Surface Structures & Colonization										K-antigen	K?		LyEC01	JMNHIK_02063		2088	695	cps_pilF_7__LyEC01__K?__JMNHIK_02063__TPR_domain_protein
KGEN_207	kantigen_gene	Y	Y	def	peptide deformylase	Surface Structures & Colonization										K-antigen	K?		LyEC01	JMNHIK_02064		570	189	cps_def_7__LyEC01__K?__JMNHIK_02064__peptide_deformylase
KGEN_208	kantigen_gene	Y	Y	ruvX	Holliday junction resolvase RuvX	Surface Structures & Colonization										K-antigen	K?		LyEC01	JMNHIK_02065		639	212	cps_ruvX_7__LyEC01__K?__JMNHIK_02065__Holliday_junction_resolvase_RuvX
KGEN_209	kantigen_gene	Y	Y	yfaS	Alpha-2-macroglobulin domain-containing protein	Surface Structures & Colonization										K-antigen	K?		LyEC01	JMNHIK_02066		5724	1907	cps_yfaS_7__LyEC01__K?__JMNHIK_02066__Alpha-2-macroglobulin_domain-containing_protein
KGEN_210	kantigen_gene	Y	Y	panE	2-dehydropantoate 2-reductase	Surface Structures & Colonization										K-antigen	K?		LyEC01	JMNHIK_02067		945	314	cps_panE_7__LyEC01__K?__JMNHIK_02067__2-dehydropantoate_2-reductase
KGEN_211	kantigen_gene	Y	Y	uup	ABC transporter, ATP-binding protein	Surface Structures & Colonization										K-antigen	K?		LyEC01	JMNHIK_02068		1617	538	cps_uup_7__LyEC01__K?__JMNHIK_02068__ABC_transporter,_ATP-binding_protein
KGEN_212	kantigen_gene	Y	Y	wcaG	3-beta hydroxysteroid dehydrogenase/isomerase domain-contain	Surface Structures & Colonization										K-antigen	K?		LyEC01	JMNHIK_02069		1020	339	cps_wcaG_7__LyEC01__K?__JMNHIK_02069__3-beta_hydroxysteroid_dehydrogenase/isomerase_domain-contain
KGEN_213	kantigen_gene	Y	Y	hypothetical	Major facilitator superfamily (MFS) profile domain-containin	Surface Structures & Colonization										K-antigen	K?		LyEC01	JMNHIK_02070		255	84	cps_hypothetical_48__LyEC01__K?__JMNHIK_02070__Major_facilitator_superfamily_(MFS)_profile_domain-containin
KGEN_214	kantigen_gene	Y	Y	uvrA	excinuclease ABC subunit UvrA	Surface Structures & Colonization										K-antigen	K?		LyEC01	JMNHIK_02071		2859	952	cps_uvrA_7__LyEC01__K?__JMNHIK_02071__excinuclease_ABC_subunit_UvrA
KGEN_215	kantigen_gene	Y	Y	nirB	Bacterioferritin-associated ferredoxin	Surface Structures & Colonization										K-antigen	K?		LyEC01	JMNHIK_02075		183	60	cps_nirB_7__LyEC01__K?__JMNHIK_02075__Bacterioferritin-associated_ferredoxin
KGEN_216	kantigen_gene	Y	Y	hypothetical	DUF2851 domain-containing protein	Surface Structures & Colonization										K-antigen	K?		LyEC01	JMNHIK_02076		1275	424	cps_hypothetical_49__LyEC01__K?__JMNHIK_02076__DUF2851_domain-containing_protein
KGEN_217	kantigen_gene	Y	Y	cpsB	Mannose-1-phosphate guanylyltransferase	Surface Structures & Colonization										K-antigen	K?		LyEC01	JMNHIK_02077		1086	361	cps_cpsB_7__LyEC01__K?__JMNHIK_02077__Mannose-1-phosphate_guanylyltransferase
KGEN_218	kantigen_gene	Y	Y	cTD-A	GLUG domain-containing protein	Surface Structures & Colonization										K-antigen	K?		LyEC01	JMNHIK_02078		1515	504	cps_cTD-A_7__LyEC01__K?__JMNHIK_02078__GLUG_domain-containing_protein
KGEN_219	kantigen_gene	Y	Y	dxs	1-deoxy-D-xylulose-5-phosphate synthase	Surface Structures & Colonization										K-antigen	K?		LyEC01	JMNHIK_02079		1902	633	cps_dxs_7__LyEC01__K?__JMNHIK_02079__1-deoxy-D-xylulose-5-phosphate_synthase
KGEN_220	kantigen_gene	Y	Y	trkA	Trk system potassium transporter TrkA	Surface Structures & Colonization										K-antigen	K?		LyEC01	JMNHIK_02080		1341	446	cps_trkA_7__LyEC01__K?__JMNHIK_02080__Trk_system_potassium_transporter_TrkA
KGEN_221	kantigen_gene	Y	Y	trkH	Potassium uptake protein TrkH	Surface Structures & Colonization										K-antigen	K?		LyEC01	JMNHIK_02081		1464	487	cps_trkH_7__LyEC01__K?__JMNHIK_02081__Potassium_uptake_protein_TrkH
KGEN_222	kantigen_gene	Y	Y	mtaB	tRNA (N(6)-L-threonylcarbamoyladenosine(37)-C(2))-methylthio	Surface Structures & Colonization										K-antigen	K?		LyEC01	JMNHIK_02083		1335	444	cps_mtaB_7__LyEC01__K?__JMNHIK_02083__tRNA_(N(6)-L-threonylcarbamoyladenosine(37)-C(2))-methylthio
KGEN_223	kantigen_gene	Y	Y	lpxP	Acyltransferase, HtrB/MsbB family	Surface Structures & Colonization										K-antigen	K?		LyEC01	JMNHIK_02084		918	305	cps_lpxP_7__LyEC01__K?__JMNHIK_02084__Acyltransferase,_HtrB/MsbB_family
KGEN_224	kantigen_gene	Y	Y	wcaE	Glycosyltransferase 2-like domain-containing protein	Surface Structures & Colonization										K-antigen	K?		LyEC01	JMNHIK_02085		1011	336	cps_wcaE_7__LyEC01__K?__JMNHIK_02085__Glycosyltransferase_2-like_domain-containing_protein
KGEN_225	kantigen_gene	Y	Y	terC	TerC family integral membrane protein	Surface Structures & Colonization										K-antigen	K?		LyEC01	JMNHIK_02086		630	209	cps_terC_7__LyEC01__K?__JMNHIK_02086__TerC_family_integral_membrane_protein
KGEN_226	kantigen_gene	Y	Y	marR	Winged helix DNA-binding domain-containing protein	Surface Structures & Colonization										K-antigen	K?		LyEC01	JMNHIK_02087		297	98	cps_marR_7__LyEC01__K?__JMNHIK_02087__Winged_helix_DNA-binding_domain-containing_protein
KGEN_227	kantigen_gene	Y	Y	fepA	Collagen-binding protein	Surface Structures & Colonization										K-antigen	K?		LyEC01	JMNHIK_02088		2223	740	cps_fepA_7__LyEC01__K?__JMNHIK_02088__Collagen-binding_protein
KGEN_228	kantigen_gene	Y	Y	hypothetical	TPR domain protein	Surface Structures & Colonization										K-antigen	K?		LyEC01	JMNHIK_02089		657	218	cps_hypothetical_50__LyEC01__K?__JMNHIK_02089__TPR_domain_protein
KGEN_229	kantigen_gene	Y	Y	hypothetical	Lipoprotein	Surface Structures & Colonization										K-antigen	K?		LyEC02	NCAHHP_02055		1056	351	cps_hypothetical_51__LyEC02__K?__NCAHHP_02055__Lipoprotein
KGEN_230	kantigen_gene	Y	Y	rlmN	23S rRNA (adenine(2503)-C(2))-methyltransferase RlmN	Surface Structures & Colonization										K-antigen	K?		LyEC02	NCAHHP_02056		1014	337	cps_rlmN_3__LyEC02__K?__NCAHHP_02056__23S_rRNA_(adenine(2503)-C(2))-methyltransferase_RlmN
KGEN_231	kantigen_gene	Y	Y	hypothetical	hypothetical protein	Surface Structures & Colonization										K-antigen	K?		LyEC02	NCAHHP_02057		174	57	cps_hypothetical_52__LyEC02__K?__NCAHHP_02057__hypothetical_protein
KGEN_232	kantigen_gene	Y	Y	hisS	histidine--tRNA ligase	Surface Structures & Colonization										K-antigen	K?		LyEC02	NCAHHP_02058		1365	454	cps_hisS_4__LyEC02__K?__NCAHHP_02058__histidine--tRNA_ligase
KGEN_233	kantigen_gene	Y	Y	folA	Dihydrofolate reductase	Surface Structures & Colonization										K-antigen	K?		LyEC02	NCAHHP_02059		489	162	cps_folA_4__LyEC02__K?__NCAHHP_02059__Dihydrofolate_reductase
KGEN_234	kantigen_gene	Y	Y	thyA	thymidylate synthase	Surface Structures & Colonization										K-antigen	K?		LyEC02	NCAHHP_02060		795	264	cps_thyA_4__LyEC02__K?__NCAHHP_02060__thymidylate_synthase
KGEN_235	kantigen_gene	Y	Y	bepA	Peptidase M48 domain-containing protein	Surface Structures & Colonization										K-antigen	K?		LyEC02	NCAHHP_02061		798	265	cps_bepA_7__LyEC02__K?__NCAHHP_02061__Peptidase_M48_domain-containing_protein
KGEN_236	kantigen_gene	Y	Y	hypothetical	Peptidase	Surface Structures & Colonization										K-antigen	K?		LyEC02	NCAHHP_02062		882	293	cps_hypothetical_53__LyEC02__K?__NCAHHP_02062__Peptidase
KGEN_237	kantigen_gene	Y	Y	abc-f	ribosomal protection-like ABC-F family protein	Surface Structures & Colonization										K-antigen	K?		LyEC02	NCAHHP_02063		1938	645	cps_abc-f_8__LyEC02__K?__NCAHHP_02063__ribosomal_protection-like_ABC-F_family_protein
KGEN_238	kantigen_gene	Y	Y	pilF	TPR domain protein	Surface Structures & Colonization										K-antigen	K?		LyEC02	NCAHHP_02064		2088	695	cps_pilF_8__LyEC02__K?__NCAHHP_02064__TPR_domain_protein
KGEN_239	kantigen_gene	Y	Y	def	peptide deformylase	Surface Structures & Colonization										K-antigen	K?		LyEC02	NCAHHP_02065		570	189	cps_def_8__LyEC02__K?__NCAHHP_02065__peptide_deformylase
KGEN_240	kantigen_gene	Y	Y	ruvX	Holliday junction resolvase RuvX	Surface Structures & Colonization										K-antigen	K?		LyEC02	NCAHHP_02066		639	212	cps_ruvX_8__LyEC02__K?__NCAHHP_02066__Holliday_junction_resolvase_RuvX
KGEN_241	kantigen_gene	Y	Y	yfaS	Alpha-2-macroglobulin domain-containing protein	Surface Structures & Colonization										K-antigen	K?		LyEC02	NCAHHP_02067		5724	1907	cps_yfaS_8__LyEC02__K?__NCAHHP_02067__Alpha-2-macroglobulin_domain-containing_protein
KGEN_242	kantigen_gene	Y	Y	panE	2-dehydropantoate 2-reductase	Surface Structures & Colonization										K-antigen	K?		LyEC02	NCAHHP_02068		945	314	cps_panE_8__LyEC02__K?__NCAHHP_02068__2-dehydropantoate_2-reductase
KGEN_243	kantigen_gene	Y	Y	uup	ABC transporter, ATP-binding protein	Surface Structures & Colonization										K-antigen	K?		LyEC02	NCAHHP_02069		1617	538	cps_uup_8__LyEC02__K?__NCAHHP_02069__ABC_transporter,_ATP-binding_protein
KGEN_244	kantigen_gene	Y	Y	wcaG	3-beta hydroxysteroid dehydrogenase/isomerase domain-contain	Surface Structures & Colonization										K-antigen	K?		LyEC02	NCAHHP_02070		1020	339	cps_wcaG_8__LyEC02__K?__NCAHHP_02070__3-beta_hydroxysteroid_dehydrogenase/isomerase_domain-contain
KGEN_245	kantigen_gene	Y	Y	hypothetical	Major facilitator superfamily (MFS) profile domain-containin	Surface Structures & Colonization										K-antigen	K?		LyEC02	NCAHHP_02071		255	84	cps_hypothetical_54__LyEC02__K?__NCAHHP_02071__Major_facilitator_superfamily_(MFS)_profile_domain-containin
KGEN_246	kantigen_gene	Y	Y	uvrA	excinuclease ABC subunit UvrA	Surface Structures & Colonization										K-antigen	K?		LyEC02	NCAHHP_02072		2859	952	cps_uvrA_8__LyEC02__K?__NCAHHP_02072__excinuclease_ABC_subunit_UvrA
KGEN_247	kantigen_gene	Y	Y	nirB	Bacterioferritin-associated ferredoxin	Surface Structures & Colonization										K-antigen	K?		LyEC02	NCAHHP_02076		183	60	cps_nirB_8__LyEC02__K?__NCAHHP_02076__Bacterioferritin-associated_ferredoxin
KGEN_248	kantigen_gene	Y	Y	hypothetical	DUF2851 domain-containing protein	Surface Structures & Colonization										K-antigen	K?		LyEC02	NCAHHP_02077		1275	424	cps_hypothetical_55__LyEC02__K?__NCAHHP_02077__DUF2851_domain-containing_protein
KGEN_249	kantigen_gene	Y	Y	cpsB	Mannose-1-phosphate guanylyltransferase	Surface Structures & Colonization										K-antigen	K?		LyEC02	NCAHHP_02078		1086	361	cps_cpsB_8__LyEC02__K?__NCAHHP_02078__Mannose-1-phosphate_guanylyltransferase
KGEN_250	kantigen_gene	Y	Y	cTD-A	GLUG domain-containing protein	Surface Structures & Colonization										K-antigen	K?		LyEC02	NCAHHP_02079		1515	504	cps_cTD-A_8__LyEC02__K?__NCAHHP_02079__GLUG_domain-containing_protein
KGEN_251	kantigen_gene	Y	Y	dxs	1-deoxy-D-xylulose-5-phosphate synthase	Surface Structures & Colonization										K-antigen	K?		LyEC02	NCAHHP_02080		1902	633	cps_dxs_8__LyEC02__K?__NCAHHP_02080__1-deoxy-D-xylulose-5-phosphate_synthase
KGEN_252	kantigen_gene	Y	Y	trkA	Trk system potassium transporter TrkA	Surface Structures & Colonization										K-antigen	K?		LyEC02	NCAHHP_02081		1341	446	cps_trkA_8__LyEC02__K?__NCAHHP_02081__Trk_system_potassium_transporter_TrkA
KGEN_253	kantigen_gene	Y	Y	trkH	Potassium uptake protein TrkH	Surface Structures & Colonization										K-antigen	K?		LyEC02	NCAHHP_02082		1464	487	cps_trkH_8__LyEC02__K?__NCAHHP_02082__Potassium_uptake_protein_TrkH
KGEN_254	kantigen_gene	Y	Y	mtaB	tRNA (N(6)-L-threonylcarbamoyladenosine(37)-C(2))-methylthio	Surface Structures & Colonization										K-antigen	K?		LyEC02	NCAHHP_02084		1335	444	cps_mtaB_8__LyEC02__K?__NCAHHP_02084__tRNA_(N(6)-L-threonylcarbamoyladenosine(37)-C(2))-methylthio
KGEN_255	kantigen_gene	Y	Y	lpxP	Acyltransferase, HtrB/MsbB family	Surface Structures & Colonization										K-antigen	K?		LyEC02	NCAHHP_02085		918	305	cps_lpxP_8__LyEC02__K?__NCAHHP_02085__Acyltransferase,_HtrB/MsbB_family
KGEN_256	kantigen_gene	Y	Y	wcaE	Glycosyltransferase 2-like domain-containing protein	Surface Structures & Colonization										K-antigen	K?		LyEC02	NCAHHP_02086		1011	336	cps_wcaE_8__LyEC02__K?__NCAHHP_02086__Glycosyltransferase_2-like_domain-containing_protein
KGEN_257	kantigen_gene	Y	Y	terC	TerC family integral membrane protein	Surface Structures & Colonization										K-antigen	K?		LyEC02	NCAHHP_02087		630	209	cps_terC_8__LyEC02__K?__NCAHHP_02087__TerC_family_integral_membrane_protein
KGEN_258	kantigen_gene	Y	Y	marR	Winged helix DNA-binding domain-containing protein	Surface Structures & Colonization										K-antigen	K?		LyEC02	NCAHHP_02088		297	98	cps_marR_8__LyEC02__K?__NCAHHP_02088__Winged_helix_DNA-binding_domain-containing_protein
KGEN_259	kantigen_gene	Y	Y	fepA	Collagen-binding protein	Surface Structures & Colonization										K-antigen	K?		LyEC02	NCAHHP_02089		2223	740	cps_fepA_8__LyEC02__K?__NCAHHP_02089__Collagen-binding_protein
KGEN_260	kantigen_gene	Y	Y	hypothetical	TPR domain protein	Surface Structures & Colonization										K-antigen	K?		LyEC02	NCAHHP_02090		657	218	cps_hypothetical_56__LyEC02__K?__NCAHHP_02090__TPR_domain_protein
KGEN_261	kantigen_gene	Y	Y	hypothetical	Lipoprotein	Surface Structures & Colonization										K-antigen	K-	PgCG_00019	atcc33277	OHKNAD_02019		1056	351	cps_hypothetical_57__atcc33277__K-__OHKNAD_02019__Lipoprotein
KGEN_262	kantigen_gene	Y	Y	rlmN	23S rRNA (adenine(2503)-C(2))-methyltransferase RlmN	Surface Structures & Colonization										K-antigen	K-	PgCG_00111	atcc33277	OHKNAD_02020		1014	337	cps_rlmN_4__atcc33277__K-__OHKNAD_02020__23S_rRNA_(adenine(2503)-C(2))-methyltransferase_RlmN
KGEN_263	kantigen_gene	Y	Y	hypothetical	hypothetical protein	Surface Structures & Colonization										K-antigen	K-	PgCG_01750	atcc33277	OHKNAD_02021		405	134	cps_hypothetical_58__atcc33277__K-__OHKNAD_02021__hypothetical_protein
KGEN_264	kantigen_gene	Y	Y	hisS	histidine--tRNA ligase	Surface Structures & Colonization										K-antigen	K-	PgCG_00232	atcc33277	OHKNAD_02022		1365	454	cps_hisS_5__atcc33277__K-__OHKNAD_02022__histidine--tRNA_ligase
KGEN_265	kantigen_gene	Y	Y	folA	Dihydrofolate reductase	Surface Structures & Colonization										K-antigen	K-	PgCG_00578	atcc33277	OHKNAD_02023		489	162	cps_folA_5__atcc33277__K-__OHKNAD_02023__Dihydrofolate_reductase
KGEN_266	kantigen_gene	Y	Y	thyA	thymidylate synthase	Surface Structures & Colonization										K-antigen	K-	PgCG_00941	atcc33277	OHKNAD_02024		795	264	cps_thyA_5__atcc33277__K-__OHKNAD_02024__thymidylate_synthase
KGEN_267	kantigen_gene	Y	Y	bepA	Peptidase M48 domain-containing protein	Surface Structures & Colonization										K-antigen	K-	PgCG_00800	atcc33277	OHKNAD_02025		798	265	cps_bepA_8__atcc33277__K-__OHKNAD_02025__Peptidase_M48_domain-containing_protein
KGEN_268	kantigen_gene	Y	Y	hypothetical	Peptidase	Surface Structures & Colonization										K-antigen	K-	PgCG_01029	atcc33277	OHKNAD_02026		882	293	cps_hypothetical_59__atcc33277__K-__OHKNAD_02026__Peptidase
KGEN_269	kantigen_gene	Y	Y	abc-f	ribosomal protection-like ABC-F family protein	Surface Structures & Colonization										K-antigen	K-	PgCG_00264	atcc33277	OHKNAD_02027		1938	645	cps_abc-f_9__atcc33277__K-__OHKNAD_02027__ribosomal_protection-like_ABC-F_family_protein
KGEN_270	kantigen_gene	Y	Y	pilF	TPR domain protein	Surface Structures & Colonization										K-antigen	K-	PgCG_00951	atcc33277	OHKNAD_02028		2088	695	cps_pilF_9__atcc33277__K-__OHKNAD_02028__TPR_domain_protein
KGEN_271	kantigen_gene	Y	Y	def	peptide deformylase	Surface Structures & Colonization										K-antigen	K-	PgCG_00801	atcc33277	OHKNAD_02029		678	225	cps_def_9__atcc33277__K-__OHKNAD_02029__peptide_deformylase
KGEN_272	kantigen_gene	Y	Y	ruvX	Holliday junction resolvase RuvX	Surface Structures & Colonization										K-antigen	K-	PgCG_00235	atcc33277	OHKNAD_02030		639	212	cps_ruvX_9__atcc33277__K-__OHKNAD_02030__Holliday_junction_resolvase_RuvX
KGEN_273	kantigen_gene	Y	Y	yfaS	Alpha-2-macroglobulin domain-containing protein	Surface Structures & Colonization										K-antigen	K-	PgCG_01001	atcc33277	OHKNAD_02031		5724	1907	cps_yfaS_9__atcc33277__K-__OHKNAD_02031__Alpha-2-macroglobulin_domain-containing_protein
KGEN_274	kantigen_gene	Y	Y	panE	2-dehydropantoate 2-reductase	Surface Structures & Colonization										K-antigen	K-	PgCG_00412	atcc33277	OHKNAD_02032		945	314	cps_panE_9__atcc33277__K-__OHKNAD_02032__2-dehydropantoate_2-reductase
KGEN_275	kantigen_gene	Y	Y	uup	ABC transporter, ATP-binding protein	Surface Structures & Colonization										K-antigen	K-	PgCG_01074	atcc33277	OHKNAD_02033		1617	538	cps_uup_9__atcc33277__K-__OHKNAD_02033__ABC_transporter,_ATP-binding_protein
KGEN_276	kantigen_gene	Y	Y	wcaG	3-beta hydroxysteroid dehydrogenase/isomerase domain-contain	Surface Structures & Colonization										K-antigen	K-	PgCG_00418	atcc33277	OHKNAD_02034		1020	339	cps_wcaG_9__atcc33277__K-__OHKNAD_02034__3-beta_hydroxysteroid_dehydrogenase/isomerase_domain-contain
KGEN_277	kantigen_gene	Y	Y	hypothetical	Major facilitator superfamily (MFS) profile domain-containin	Surface Structures & Colonization										K-antigen	K-	PgCG_01107	atcc33277	OHKNAD_02035		255	84	cps_hypothetical_60__atcc33277__K-__OHKNAD_02035__Major_facilitator_superfamily_(MFS)_profile_domain-containin
KGEN_278	kantigen_gene	Y	Y	uvrA	excinuclease ABC subunit UvrA	Surface Structures & Colonization										K-antigen	K-	PgCG_00214	atcc33277	OHKNAD_02036		2862	953	cps_uvrA_9__atcc33277__K-__OHKNAD_02036__excinuclease_ABC_subunit_UvrA
KGEN_279	kantigen_gene	Y	Y	nirB	Bacterioferritin-associated ferredoxin	Surface Structures & Colonization										K-antigen	K-	PgCG_00355	atcc33277	OHKNAD_02040		183	60	cps_nirB_9__atcc33277__K-__OHKNAD_02040__Bacterioferritin-associated_ferredoxin
KGEN_280	kantigen_gene	Y	Y	hypothetical	DUF2851 domain-containing protein	Surface Structures & Colonization										K-antigen	K-	PgCG_01244	atcc33277	OHKNAD_02041		1353	450	cps_hypothetical_61__atcc33277__K-__OHKNAD_02041__DUF2851_domain-containing_protein
KGEN_281	kantigen_gene	Y	Y	cpsB	Mannose-1-phosphate guanylyltransferase	Surface Structures & Colonization										K-antigen	K-	PgCG_01182	atcc33277	OHKNAD_02042		1086	361	cps_cpsB_9__atcc33277__K-__OHKNAD_02042__Mannose-1-phosphate_guanylyltransferase
KGEN_282	kantigen_gene	Y	Y	cTD-A	GLUG domain-containing protein	Surface Structures & Colonization										K-antigen	K-	PgCG_01098	atcc33277	OHKNAD_02043		1515	504	cps_cTD-A_9__atcc33277__K-__OHKNAD_02043__GLUG_domain-containing_protein
KGEN_283	kantigen_gene	Y	Y	dxs	1-deoxy-D-xylulose-5-phosphate synthase	Surface Structures & Colonization										K-antigen	K-	PgCG_00406	atcc33277	OHKNAD_02044		1902	633	cps_dxs_9__atcc33277__K-__OHKNAD_02044__1-deoxy-D-xylulose-5-phosphate_synthase
KGEN_284	kantigen_gene	Y	Y	trkA	Trk system potassium transporter TrkA	Surface Structures & Colonization										K-antigen	K-	PgCG_01140	atcc33277	OHKNAD_02045		1341	446	cps_trkA_9__atcc33277__K-__OHKNAD_02045__Trk_system_potassium_transporter_TrkA
KGEN_285	kantigen_gene	Y	Y	trkH	Potassium uptake protein TrkH	Surface Structures & Colonization										K-antigen	K-	PgCG_00846	atcc33277	OHKNAD_02046		1464	487	cps_trkH_9__atcc33277__K-__OHKNAD_02046__Potassium_uptake_protein_TrkH
KGEN_286	kantigen_gene	Y	Y	mtaB	tRNA (N(6)-L-threonylcarbamoyladenosine(37)-C(2))-methylthio	Surface Structures & Colonization										K-antigen	K-	PgCG_00322	atcc33277	OHKNAD_02048		1392	463	cps_mtaB_9__atcc33277__K-__OHKNAD_02048__tRNA_(N(6)-L-threonylcarbamoyladenosine(37)-C(2))-methylthio
KGEN_287	kantigen_gene	Y	Y	lpxP	Acyltransferase, HtrB/MsbB family	Surface Structures & Colonization										K-antigen	K-	PgCG_01155	atcc33277	OHKNAD_02049		918	305	cps_lpxP_9__atcc33277__K-__OHKNAD_02049__Acyltransferase,_HtrB/MsbB_family
KGEN_288	kantigen_gene	Y	Y	wcaE	Glycosyltransferase 2-like domain-containing protein	Surface Structures & Colonization										K-antigen	K-	PgCG_01165	atcc33277	OHKNAD_02050		1011	336	cps_wcaE_9__atcc33277__K-__OHKNAD_02050__Glycosyltransferase_2-like_domain-containing_protein
KGEN_289	kantigen_gene	Y	Y	terC	TerC family integral membrane protein	Surface Structures & Colonization										K-antigen	K-	PgCG_00075	atcc33277	OHKNAD_02051		597	198	cps_terC_9__atcc33277__K-__OHKNAD_02051__TerC_family_integral_membrane_protein
KGEN_290	kantigen_gene	Y	Y	marR	Winged helix DNA-binding domain-containing protein	Surface Structures & Colonization										K-antigen	K-	PgCG_00351	atcc33277	OHKNAD_02052		297	98	cps_marR_9__atcc33277__K-__OHKNAD_02052__Winged_helix_DNA-binding_domain-containing_protein
KGEN_291	kantigen_gene	Y	Y	fepA	Collagen-binding protein	Surface Structures & Colonization										K-antigen	K-	PgCG_01159	atcc33277	OHKNAD_02053		2223	740	cps_fepA_9__atcc33277__K-__OHKNAD_02053__Collagen-binding_protein
KGEN_292	kantigen_gene	Y	Y	hypothetical	TPR domain protein	Surface Structures & Colonization										K-antigen	K-	PgCG_00948	atcc33277	OHKNAD_02054		657	218	cps_hypothetical_62__atcc33277__K-__OHKNAD_02054__TPR_domain_protein
KGEN_293	kantigen_gene	Y	Y	tnp	IS4 family ISPg4 transposase	Surface Structures & Colonization										K-antigen	K3		atcc49417	HIGHBI_02193		1158	385	cps_tnp_8__atcc49417__K3__HIGHBI_02193__IS4_family_ISPg4_transposase
KGEN_294	kantigen_gene	Y	Y	hypothetical	(pseudo) hypothetical protein	Surface Structures & Colonization										K-antigen	K3		atcc49417	HIGHBI_02194		135	44	cps_hypothetical_63__atcc49417__K3__HIGHBI_02194__(pseudo)_hypothetical_protein
KGEN_295	kantigen_gene	Y	Y	hypothetical	hypothetical protein	Surface Structures & Colonization										K-antigen	K3		atcc49417	HIGHBI_02195		138	45	cps_hypothetical_64__atcc49417__K3__HIGHBI_02195__hypothetical_protein
KGEN_296	kantigen_gene	Y	Y	hypothetical	hypothetical protein	Surface Structures & Colonization										K-antigen	K3		atcc49417	HIGHBI_02197		144	47	cps_hypothetical_65__atcc49417__K3__HIGHBI_02197__hypothetical_protein
KGEN_297	kantigen_gene	Y	Y	tnp	IS982 family IS195 transposase	Surface Structures & Colonization										K-antigen	K3		atcc49417	HIGHBI_02198		903	300	cps_tnp_9__atcc49417__K3__HIGHBI_02198__IS982_family_IS195_transposase
KGEN_298	kantigen_gene	Y	Y	bepA	Peptidase M48 domain-containing protein	Surface Structures & Colonization										K-antigen	K3		atcc49417	HIGHBI_02199		798	265	cps_bepA_9__atcc49417__K3__HIGHBI_02199__Peptidase_M48_domain-containing_protein
KGEN_299	kantigen_gene	Y	Y	hypothetical	Peptidase	Surface Structures & Colonization										K-antigen	K3		atcc49417	HIGHBI_02200		882	293	cps_hypothetical_66__atcc49417__K3__HIGHBI_02200__Peptidase
KGEN_300	kantigen_gene	Y	Y	abc-f	ribosomal protection-like ABC-F family protein	Surface Structures & Colonization										K-antigen	K3		atcc49417	HIGHBI_02201		1938	645	cps_abc-f_10__atcc49417__K3__HIGHBI_02201__ribosomal_protection-like_ABC-F_family_protein
KGEN_301	kantigen_gene	Y	Y	pilF	TPR domain protein	Surface Structures & Colonization										K-antigen	K3		atcc49417	HIGHBI_02202		2088	695	cps_pilF_10__atcc49417__K3__HIGHBI_02202__TPR_domain_protein
KGEN_302	kantigen_gene	Y	Y	def	peptide deformylase	Surface Structures & Colonization										K-antigen	K3		atcc49417	HIGHBI_02203		678	225	cps_def_10__atcc49417__K3__HIGHBI_02203__peptide_deformylase
KGEN_303	kantigen_gene	Y	Y	ruvX	Holliday junction resolvase RuvX	Surface Structures & Colonization										K-antigen	K3		atcc49417	HIGHBI_02204		639	212	cps_ruvX_10__atcc49417__K3__HIGHBI_02204__Holliday_junction_resolvase_RuvX
KGEN_304	kantigen_gene	Y	Y	yfaS	Alpha-2-macroglobulin domain-containing protein	Surface Structures & Colonization										K-antigen	K3		atcc49417	HIGHBI_02205		5724	1907	cps_yfaS_10__atcc49417__K3__HIGHBI_02205__Alpha-2-macroglobulin_domain-containing_protein
KGEN_305	kantigen_gene	Y	Y	panE	2-dehydropantoate 2-reductase	Surface Structures & Colonization										K-antigen	K3		atcc49417	HIGHBI_02206		945	314	cps_panE_10__atcc49417__K3__HIGHBI_02206__2-dehydropantoate_2-reductase
KGEN_306	kantigen_gene	Y	Y	uup	ABC transporter, ATP-binding protein	Surface Structures & Colonization										K-antigen	K3		atcc49417	HIGHBI_02207		1617	538	cps_uup_10__atcc49417__K3__HIGHBI_02207__ABC_transporter,_ATP-binding_protein
KGEN_307	kantigen_gene	Y	Y	wcaG	3-beta hydroxysteroid dehydrogenase/isomerase domain-contain	Surface Structures & Colonization										K-antigen	K3		atcc49417	HIGHBI_02208		1020	339	cps_wcaG_10__atcc49417__K3__HIGHBI_02208__3-beta_hydroxysteroid_dehydrogenase/isomerase_domain-contain
KGEN_308	kantigen_gene	Y	Y	hypothetical	Major facilitator superfamily (MFS) profile domain-containin	Surface Structures & Colonization										K-antigen	K3		atcc49417	HIGHBI_02209		255	84	cps_hypothetical_67__atcc49417__K3__HIGHBI_02209__Major_facilitator_superfamily_(MFS)_profile_domain-containin
KGEN_309	kantigen_gene	Y	Y	hypothetical	Major facilitator superfamily (MFS) profile domain-containin	Surface Structures & Colonization										K-antigen	K3		atcc49417	HIGHBI_02210		255	84	cps_hypothetical_68__atcc49417__K3__HIGHBI_02210__Major_facilitator_superfamily_(MFS)_profile_domain-containin
KGEN_310	kantigen_gene	Y	Y	uvrA	excinuclease ABC subunit UvrA	Surface Structures & Colonization										K-antigen	K3		atcc49417	HIGHBI_02211		2859	952	cps_uvrA_10__atcc49417__K3__HIGHBI_02211__excinuclease_ABC_subunit_UvrA
KGEN_311	kantigen_gene	Y	Y	nirB	Bacterioferritin-associated ferredoxin	Surface Structures & Colonization										K-antigen	K3		atcc49417	HIGHBI_02215		183	60	cps_nirB_10__atcc49417__K3__HIGHBI_02215__Bacterioferritin-associated_ferredoxin
KGEN_312	kantigen_gene	Y	Y	hypothetical	DUF2851 domain-containing protein	Surface Structures & Colonization										K-antigen	K3		atcc49417	HIGHBI_02216		1275	424	cps_hypothetical_69__atcc49417__K3__HIGHBI_02216__DUF2851_domain-containing_protein
KGEN_313	kantigen_gene	Y	Y	cpsB	Mannose-1-phosphate guanylyltransferase	Surface Structures & Colonization										K-antigen	K3		atcc49417	HIGHBI_02217		1086	361	cps_cpsB_10__atcc49417__K3__HIGHBI_02217__Mannose-1-phosphate_guanylyltransferase
KGEN_314	kantigen_gene	Y	Y	cTD-A	GLUG domain-containing protein	Surface Structures & Colonization										K-antigen	K3		atcc49417	HIGHBI_02218		1515	504	cps_cTD-A_10__atcc49417__K3__HIGHBI_02218__GLUG_domain-containing_protein
KGEN_315	kantigen_gene	Y	Y	dxs	1-deoxy-D-xylulose-5-phosphate synthase	Surface Structures & Colonization										K-antigen	K3		atcc49417	HIGHBI_02219		1902	633	cps_dxs_10__atcc49417__K3__HIGHBI_02219__1-deoxy-D-xylulose-5-phosphate_synthase
KGEN_316	kantigen_gene	Y	Y	trkA	Trk system potassium transporter TrkA	Surface Structures & Colonization										K-antigen	K3		atcc49417	HIGHBI_02220		1341	446	cps_trkA_10__atcc49417__K3__HIGHBI_02220__Trk_system_potassium_transporter_TrkA
KGEN_317	kantigen_gene	Y	Y	trkH	Potassium uptake protein TrkH	Surface Structures & Colonization										K-antigen	K3		atcc49417	HIGHBI_02221		1464	487	cps_trkH_10__atcc49417__K3__HIGHBI_02221__Potassium_uptake_protein_TrkH
KGEN_318	kantigen_gene	Y	Y	tnp	IS982 family IS195 transposase	Surface Structures & Colonization										K-antigen	K3		atcc49417	HIGHBI_02223		903	300	cps_tnp_10__atcc49417__K3__HIGHBI_02223__IS982_family_IS195_transposase
KGEN_319	kantigen_gene	Y	Y	mtaB	tRNA (N(6)-L-threonylcarbamoyladenosine(37)-C(2))-methylthio	Surface Structures & Colonization										K-antigen	K3		atcc49417	HIGHBI_02224		1392	463	cps_mtaB_10__atcc49417__K3__HIGHBI_02224__tRNA_(N(6)-L-threonylcarbamoyladenosine(37)-C(2))-methylthio
KGEN_320	kantigen_gene	Y	Y	lpxP	Acyltransferase, HtrB/MsbB family	Surface Structures & Colonization										K-antigen	K3		atcc49417	HIGHBI_02225		918	305	cps_lpxP_10__atcc49417__K3__HIGHBI_02225__Acyltransferase,_HtrB/MsbB_family
KGEN_321	kantigen_gene	Y	Y	wcaE	Glycosyltransferase 2-like domain-containing protein	Surface Structures & Colonization										K-antigen	K3		atcc49417	HIGHBI_02226		1011	336	cps_wcaE_10__atcc49417__K3__HIGHBI_02226__Glycosyltransferase_2-like_domain-containing_protein
KGEN_322	kantigen_gene	Y	Y	terC	TerC family integral membrane protein	Surface Structures & Colonization										K-antigen	K3		atcc49417	HIGHBI_02227		597	198	cps_terC_10__atcc49417__K3__HIGHBI_02227__TerC_family_integral_membrane_protein
KGEN_323	kantigen_gene	Y	Y	marR	Winged helix DNA-binding domain-containing protein	Surface Structures & Colonization										K-antigen	K3		atcc49417	HIGHBI_02228		297	98	cps_marR_10__atcc49417__K3__HIGHBI_02228__Winged_helix_DNA-binding_domain-containing_protein
KGEN_324	kantigen_gene	Y	Y	fepA	Collagen-binding protein	Surface Structures & Colonization										K-antigen	K3		atcc49417	HIGHBI_02229		2223	740	cps_fepA_10__atcc49417__K3__HIGHBI_02229__Collagen-binding_protein
KGEN_325	kantigen_gene	Y	Y	hypothetical	TPR domain protein	Surface Structures & Colonization										K-antigen	K3		atcc49417	HIGHBI_02230		657	218	cps_hypothetical_70__atcc49417__K3__HIGHBI_02230__TPR_domain_protein
KGEN_326	kantigen_gene	Y	Y	hypothetical	Lipoprotein	Surface Structures & Colonization										K-antigen	K?	PgCG_00019	tdc60	EGHGLF_01996		1056	351	cps_hypothetical_71__tdc60__K?__EGHGLF_01996__Lipoprotein
KGEN_327	kantigen_gene	Y	Y	rlmN	23S rRNA (adenine(2503)-C(2))-methyltransferase RlmN	Surface Structures & Colonization										K-antigen	K?	PgCG_00111	tdc60	EGHGLF_01997		1014	337	cps_rlmN_5__tdc60__K?__EGHGLF_01997__23S_rRNA_(adenine(2503)-C(2))-methyltransferase_RlmN
KGEN_328	kantigen_gene	Y	Y	hisS	histidine--tRNA ligase	Surface Structures & Colonization										K-antigen	K?	PgCG_00232	tdc60	EGHGLF_01998		1365	454	cps_hisS_6__tdc60__K?__EGHGLF_01998__histidine--tRNA_ligase
KGEN_329	kantigen_gene	Y	Y	folA	Dihydrofolate reductase	Surface Structures & Colonization										K-antigen	K?	PgCG_00578	tdc60	EGHGLF_01999		489	162	cps_folA_6__tdc60__K?__EGHGLF_01999__Dihydrofolate_reductase
KGEN_330	kantigen_gene	Y	Y	thyA	thymidylate synthase	Surface Structures & Colonization										K-antigen	K?	PgCG_00941	tdc60	EGHGLF_02000		795	264	cps_thyA_6__tdc60__K?__EGHGLF_02000__thymidylate_synthase
KGEN_331	kantigen_gene	Y	Y	bepA	Peptidase M48 domain-containing protein	Surface Structures & Colonization										K-antigen	K?	PgCG_00800	tdc60	EGHGLF_02001		798	265	cps_bepA_10__tdc60__K?__EGHGLF_02001__Peptidase_M48_domain-containing_protein
KGEN_332	kantigen_gene	Y	Y	hypothetical	Peptidase	Surface Structures & Colonization										K-antigen	K?	PgCG_01029	tdc60	EGHGLF_02002		882	293	cps_hypothetical_72__tdc60__K?__EGHGLF_02002__Peptidase
KGEN_333	kantigen_gene	Y	Y	abc-f	ribosomal protection-like ABC-F family protein	Surface Structures & Colonization										K-antigen	K?	PgCG_00264	tdc60	EGHGLF_02003		1938	645	cps_abc-f_11__tdc60__K?__EGHGLF_02003__ribosomal_protection-like_ABC-F_family_protein
KGEN_334	kantigen_gene	Y	Y	pilF	TPR domain protein	Surface Structures & Colonization										K-antigen	K?	PgCG_00951	tdc60	EGHGLF_02004		2088	695	cps_pilF_11__tdc60__K?__EGHGLF_02004__TPR_domain_protein
KGEN_335	kantigen_gene	Y	Y	def	peptide deformylase	Surface Structures & Colonization										K-antigen	K?	PgCG_00801	tdc60	EGHGLF_02005		678	225	cps_def_11__tdc60__K?__EGHGLF_02005__peptide_deformylase
KGEN_336	kantigen_gene	Y	Y	ruvX	Holliday junction resolvase RuvX	Surface Structures & Colonization										K-antigen	K?	PgCG_00235	tdc60	EGHGLF_02006		639	212	cps_ruvX_11__tdc60__K?__EGHGLF_02006__Holliday_junction_resolvase_RuvX
KGEN_337	kantigen_gene	Y	Y	yfaS	Alpha-2-macroglobulin domain-containing protein	Surface Structures & Colonization										K-antigen	K?	PgCG_01001	tdc60	EGHGLF_02007		5724	1907	cps_yfaS_11__tdc60__K?__EGHGLF_02007__Alpha-2-macroglobulin_domain-containing_protein
KGEN_338	kantigen_gene	Y	Y	panE	2-dehydropantoate 2-reductase	Surface Structures & Colonization										K-antigen	K?	PgCG_00412	tdc60	EGHGLF_02008		945	314	cps_panE_11__tdc60__K?__EGHGLF_02008__2-dehydropantoate_2-reductase
KGEN_339	kantigen_gene	Y	Y	uup	ABC transporter, ATP-binding protein	Surface Structures & Colonization										K-antigen	K?	PgCG_01074	tdc60	EGHGLF_02009		1617	538	cps_uup_11__tdc60__K?__EGHGLF_02009__ABC_transporter,_ATP-binding_protein
KGEN_340	kantigen_gene	Y	Y	wcaG	3-beta hydroxysteroid dehydrogenase/isomerase domain-contain	Surface Structures & Colonization										K-antigen	K?	PgCG_00418	tdc60	EGHGLF_02010		1020	339	cps_wcaG_11__tdc60__K?__EGHGLF_02010__3-beta_hydroxysteroid_dehydrogenase/isomerase_domain-contain
KGEN_341	kantigen_gene	Y	Y	hypothetical	Major facilitator superfamily (MFS) profile domain-containin	Surface Structures & Colonization										K-antigen	K?	PgCG_01563	tdc60	EGHGLF_02011		255	84	cps_hypothetical_73__tdc60__K?__EGHGLF_02011__Major_facilitator_superfamily_(MFS)_profile_domain-containin
KGEN_342	kantigen_gene	Y	Y	hypothetical	Major facilitator superfamily (MFS) profile domain-containin	Surface Structures & Colonization										K-antigen	K?	PgCG_01107	tdc60	EGHGLF_02012		255	84	cps_hypothetical_74__tdc60__K?__EGHGLF_02012__Major_facilitator_superfamily_(MFS)_profile_domain-containin
KGEN_343	kantigen_gene	Y	Y	uvrA	excinuclease ABC subunit UvrA	Surface Structures & Colonization										K-antigen	K?	PgCG_00214	tdc60	EGHGLF_02013		2859	952	cps_uvrA_11__tdc60__K?__EGHGLF_02013__excinuclease_ABC_subunit_UvrA
KGEN_344	kantigen_gene	Y	Y	nirB	Bacterioferritin-associated ferredoxin	Surface Structures & Colonization										K-antigen	K?	PgCG_00355	tdc60	EGHGLF_02017		183	60	cps_nirB_11__tdc60__K?__EGHGLF_02017__Bacterioferritin-associated_ferredoxin
KGEN_345	kantigen_gene	Y	Y	hypothetical	DUF2851 domain-containing protein	Surface Structures & Colonization										K-antigen	K?	PgCG_01244	tdc60	EGHGLF_02018		1275	424	cps_hypothetical_75__tdc60__K?__EGHGLF_02018__DUF2851_domain-containing_protein
KGEN_346	kantigen_gene	Y	Y	cpsB	Mannose-1-phosphate guanylyltransferase	Surface Structures & Colonization										K-antigen	K?	PgCG_01182	tdc60	EGHGLF_02019		1086	361	cps_cpsB_11__tdc60__K?__EGHGLF_02019__Mannose-1-phosphate_guanylyltransferase
KGEN_347	kantigen_gene	Y	Y	cTD-A	GLUG domain-containing protein	Surface Structures & Colonization										K-antigen	K?	PgCG_01098	tdc60	EGHGLF_02020		1689	562	cps_cTD-A_11__tdc60__K?__EGHGLF_02020__GLUG_domain-containing_protein
KGEN_348	kantigen_gene	Y	Y	dxs	1-deoxy-D-xylulose-5-phosphate synthase	Surface Structures & Colonization										K-antigen	K?	PgCG_00406	tdc60	EGHGLF_02021		1902	633	cps_dxs_11__tdc60__K?__EGHGLF_02021__1-deoxy-D-xylulose-5-phosphate_synthase
KGEN_349	kantigen_gene	Y	Y	trkA	Trk system potassium transporter TrkA	Surface Structures & Colonization										K-antigen	K?	PgCG_01140	tdc60	EGHGLF_02022		1341	446	cps_trkA_11__tdc60__K?__EGHGLF_02022__Trk_system_potassium_transporter_TrkA
KGEN_350	kantigen_gene	Y	Y	trkH	Potassium uptake protein TrkH	Surface Structures & Colonization										K-antigen	K?	PgCG_00846	tdc60	EGHGLF_02023		1464	487	cps_trkH_11__tdc60__K?__EGHGLF_02023__Potassium_uptake_protein_TrkH
KGEN_351	kantigen_gene	Y	Y	mtaB	tRNA (N(6)-L-threonylcarbamoyladenosine(37)-C(2))-methylthio	Surface Structures & Colonization										K-antigen	K?	PgCG_00322	tdc60	EGHGLF_02025		1392	463	cps_mtaB_11__tdc60__K?__EGHGLF_02025__tRNA_(N(6)-L-threonylcarbamoyladenosine(37)-C(2))-methylthio
KGEN_352	kantigen_gene	Y	Y	lpxP	Acyltransferase, HtrB/MsbB family	Surface Structures & Colonization										K-antigen	K?	PgCG_01155	tdc60	EGHGLF_02026		918	305	cps_lpxP_11__tdc60__K?__EGHGLF_02026__Acyltransferase,_HtrB/MsbB_family
KGEN_353	kantigen_gene	Y	Y	wcaE	Glycosyltransferase 2-like domain-containing protein	Surface Structures & Colonization										K-antigen	K?	PgCG_01165	tdc60	EGHGLF_02027		1011	336	cps_wcaE_11__tdc60__K?__EGHGLF_02027__Glycosyltransferase_2-like_domain-containing_protein
KGEN_354	kantigen_gene	Y	Y	terC	TerC family integral membrane protein	Surface Structures & Colonization										K-antigen	K?	PgCG_00075	tdc60	EGHGLF_02028		678	225	cps_terC_11__tdc60__K?__EGHGLF_02028__TerC_family_integral_membrane_protein
KGEN_355	kantigen_gene	Y	Y	marR	Winged helix DNA-binding domain-containing protein	Surface Structures & Colonization										K-antigen	K?	PgCG_00351	tdc60	EGHGLF_02029		297	98	cps_marR_11__tdc60__K?__EGHGLF_02029__Winged_helix_DNA-binding_domain-containing_protein
KGEN_356	kantigen_gene	Y	Y	fepA	Collagen-binding protein	Surface Structures & Colonization										K-antigen	K?	PgCG_01159	tdc60	EGHGLF_02030		2223	740	cps_fepA_11__tdc60__K?__EGHGLF_02030__Collagen-binding_protein
KGEN_357	kantigen_gene	Y	Y	hypothetical	TPR domain protein	Surface Structures & Colonization										K-antigen	K?	PgCG_00948	tdc60	EGHGLF_02031		657	218	cps_hypothetical_76__tdc60__K?__EGHGLF_02031__TPR_domain_protein
KGEN_358	kantigen_gene	Y	Y	lysM	Peptidase M24	Surface Structures & Colonization										K-antigen	K1	PgCG_01033	w83	HCNEGF_02029		1014	337	cps_lysM_3__w83__K1__HCNEGF_02029__Peptidase_M24
KGEN_359	kantigen_gene	Y	Y	hypothetical	IS5 family transposase	Surface Structures & Colonization										K-antigen	K1	PgCG_01687	w83	HCNEGF_02030		780	259	cps_hypothetical_77__w83__K1__HCNEGF_02030__IS5_family_transposase
KGEN_360	kantigen_gene	Y	Y	hypothetical	(pseudo) Partial transposase in ISPg1	Surface Structures & Colonization										K-antigen	K1	PgCG_01859	w83	HCNEGF_02031		357	118	cps_hypothetical_78__w83__K1__HCNEGF_02031__(pseudo)_Partial_transposase_in_ISPg1
KGEN_361	kantigen_gene	Y	Y	tnp	IS4 family ISPg4 transposase	Surface Structures & Colonization										K-antigen	K1	PgCG_01685	w83	HCNEGF_02032		1158	385	cps_tnp_11__w83__K1__HCNEGF_02032__IS4_family_ISPg4_transposase
KGEN_362	kantigen_gene	Y	Y	hypothetical	(pseudo) hypothetical protein	Surface Structures & Colonization										K-antigen	K1	PgCG_01721	w83	HCNEGF_02033		135	44	cps_hypothetical_79__w83__K1__HCNEGF_02033__(pseudo)_hypothetical_protein
KGEN_363	kantigen_gene	Y	Y	bepA	Peptidase M48 domain-containing protein	Surface Structures & Colonization										K-antigen	K1	PgCG_00800	w83	HCNEGF_02034		798	265	cps_bepA_11__w83__K1__HCNEGF_02034__Peptidase_M48_domain-containing_protein
KGEN_364	kantigen_gene	Y	Y	hypothetical	Peptidase	Surface Structures & Colonization										K-antigen	K1	PgCG_01029	w83	HCNEGF_02035		882	293	cps_hypothetical_80__w83__K1__HCNEGF_02035__Peptidase
KGEN_365	kantigen_gene	Y	Y	abc-f	ribosomal protection-like ABC-F family protein	Surface Structures & Colonization										K-antigen	K1	PgCG_00264	w83	HCNEGF_02036		1938	645	cps_abc-f_12__w83__K1__HCNEGF_02036__ribosomal_protection-like_ABC-F_family_protein
KGEN_366	kantigen_gene	Y	Y	pilF	TPR domain protein	Surface Structures & Colonization										K-antigen	K1	PgCG_00951	w83	HCNEGF_02037		2088	695	cps_pilF_12__w83__K1__HCNEGF_02037__TPR_domain_protein
KGEN_367	kantigen_gene	Y	Y	def	peptide deformylase	Surface Structures & Colonization										K-antigen	K1	PgCG_00801	w83	HCNEGF_02038		678	225	cps_def_12__w83__K1__HCNEGF_02038__peptide_deformylase
KGEN_368	kantigen_gene	Y	Y	ruvX	Holliday junction resolvase RuvX	Surface Structures & Colonization										K-antigen	K1	PgCG_00235	w83	HCNEGF_02039		639	212	cps_ruvX_12__w83__K1__HCNEGF_02039__Holliday_junction_resolvase_RuvX
KGEN_369	kantigen_gene	Y	Y	yfaS	Alpha-2-macroglobulin domain-containing protein	Surface Structures & Colonization										K-antigen	K1	PgCG_01001	w83	HCNEGF_02040		5724	1907	cps_yfaS_12__w83__K1__HCNEGF_02040__Alpha-2-macroglobulin_domain-containing_protein
KGEN_370	kantigen_gene	Y	Y	panE	2-dehydropantoate 2-reductase	Surface Structures & Colonization										K-antigen	K1	PgCG_00412	w83	HCNEGF_02041		945	314	cps_panE_12__w83__K1__HCNEGF_02041__2-dehydropantoate_2-reductase
KGEN_371	kantigen_gene	Y	Y	uup	ABC transporter, ATP-binding protein	Surface Structures & Colonization										K-antigen	K1	PgCG_01074	w83	HCNEGF_02042		1617	538	cps_uup_12__w83__K1__HCNEGF_02042__ABC_transporter,_ATP-binding_protein
KGEN_372	kantigen_gene	Y	Y	wcaG	3-beta hydroxysteroid dehydrogenase/isomerase domain-contain	Surface Structures & Colonization										K-antigen	K1	PgCG_00418	w83	HCNEGF_02043		1020	339	cps_wcaG_12__w83__K1__HCNEGF_02043__3-beta_hydroxysteroid_dehydrogenase/isomerase_domain-contain
KGEN_373	kantigen_gene	Y	Y	hypothetical	Major facilitator superfamily (MFS) profile domain-containin	Surface Structures & Colonization										K-antigen	K1	PgCG_01563	w83	HCNEGF_02044		255	84	cps_hypothetical_81__w83__K1__HCNEGF_02044__Major_facilitator_superfamily_(MFS)_profile_domain-containin
KGEN_374	kantigen_gene	Y	Y	hypothetical	Major facilitator superfamily (MFS) profile domain-containin	Surface Structures & Colonization										K-antigen	K1	PgCG_01107	w83	HCNEGF_02045		255	84	cps_hypothetical_82__w83__K1__HCNEGF_02045__Major_facilitator_superfamily_(MFS)_profile_domain-containin
KGEN_375	kantigen_gene	Y	Y	uvrA	excinuclease ABC subunit UvrA	Surface Structures & Colonization										K-antigen	K1	PgCG_00214	w83	HCNEGF_02046		2859	952	cps_uvrA_12__w83__K1__HCNEGF_02046__excinuclease_ABC_subunit_UvrA
KGEN_376	kantigen_gene	Y	Y	nirB	Bacterioferritin-associated ferredoxin	Surface Structures & Colonization										K-antigen	K1	PgCG_00355	w83	HCNEGF_02050		183	60	cps_nirB_12__w83__K1__HCNEGF_02050__Bacterioferritin-associated_ferredoxin
KGEN_377	kantigen_gene	Y	Y	hypothetical	DUF2851 domain-containing protein	Surface Structures & Colonization										K-antigen	K1	PgCG_01244	w83	HCNEGF_02051		1275	424	cps_hypothetical_83__w83__K1__HCNEGF_02051__DUF2851_domain-containing_protein
KGEN_378	kantigen_gene	Y	Y	cpsB	Mannose-1-phosphate guanylyltransferase	Surface Structures & Colonization										K-antigen	K1	PgCG_01182	w83	HCNEGF_02052		1086	361	cps_cpsB_12__w83__K1__HCNEGF_02052__Mannose-1-phosphate_guanylyltransferase
KGEN_379	kantigen_gene	Y	Y	cTD-A	GLUG domain-containing protein	Surface Structures & Colonization										K-antigen	K1	PgCG_01098	w83	HCNEGF_02053		1515	504	cps_cTD-A_12__w83__K1__HCNEGF_02053__GLUG_domain-containing_protein
KGEN_380	kantigen_gene	Y	Y	dxs	1-deoxy-D-xylulose-5-phosphate synthase	Surface Structures & Colonization										K-antigen	K1	PgCG_00406	w83	HCNEGF_02054		1902	633	cps_dxs_12__w83__K1__HCNEGF_02054__1-deoxy-D-xylulose-5-phosphate_synthase
KGEN_381	kantigen_gene	Y	Y	trkA	Trk system potassium transporter TrkA	Surface Structures & Colonization										K-antigen	K1	PgCG_01140	w83	HCNEGF_02055		1341	446	cps_trkA_12__w83__K1__HCNEGF_02055__Trk_system_potassium_transporter_TrkA
KGEN_382	kantigen_gene	Y	Y	trkH	Potassium uptake protein TrkH	Surface Structures & Colonization										K-antigen	K1	PgCG_00846	w83	HCNEGF_02056		1464	487	cps_trkH_12__w83__K1__HCNEGF_02056__Potassium_uptake_protein_TrkH
KGEN_383	kantigen_gene	Y	Y	traJ	Conjugative transposon TraJ C-terminal domain-containing pro	Surface Structures & Colonization										K-antigen	K1	PgCG_01865	w83	HCNEGF_02058		288	95	cps_traJ_2__w83__K1__HCNEGF_02058__Conjugative_transposon_TraJ_C-terminal_domain-containing_pro
KGEN_384	kantigen_gene	Y	Y	mtaB	tRNA (N(6)-L-threonylcarbamoyladenosine(37)-C(2))-methylthio	Surface Structures & Colonization										K-antigen	K1	PgCG_00322	w83	HCNEGF_02059		1335	444	cps_mtaB_12__w83__K1__HCNEGF_02059__tRNA_(N(6)-L-threonylcarbamoyladenosine(37)-C(2))-methylthio
KGEN_385	kantigen_gene	Y	Y	lpxP	Acyltransferase, HtrB/MsbB family	Surface Structures & Colonization										K-antigen	K1	PgCG_01155	w83	HCNEGF_02060		918	305	cps_lpxP_12__w83__K1__HCNEGF_02060__Acyltransferase,_HtrB/MsbB_family
KGEN_386	kantigen_gene	Y	Y	wcaE	Glycosyltransferase 2-like domain-containing protein	Surface Structures & Colonization										K-antigen	K1	PgCG_01165	w83	HCNEGF_02061		1011	336	cps_wcaE_12__w83__K1__HCNEGF_02061__Glycosyltransferase_2-like_domain-containing_protein
KGEN_387	kantigen_gene	Y	Y	terC	TerC family integral membrane protein	Surface Structures & Colonization										K-antigen	K1	PgCG_00075	w83	HCNEGF_02062		597	198	cps_terC_12__w83__K1__HCNEGF_02062__TerC_family_integral_membrane_protein
KGEN_388	kantigen_gene	Y	Y	marR	Winged helix DNA-binding domain-containing protein	Surface Structures & Colonization										K-antigen	K1	PgCG_00351	w83	HCNEGF_02063		297	98	cps_marR_12__w83__K1__HCNEGF_02063__Winged_helix_DNA-binding_domain-containing_protein
KGEN_389	kantigen_gene	Y	Y	fepA	Collagen-binding protein	Surface Structures & Colonization										K-antigen	K1	PgCG_01159	w83	HCNEGF_02064		2223	740	cps_fepA_12__w83__K1__HCNEGF_02064__Collagen-binding_protein
KGEN_390	kantigen_gene	Y	Y	hypothetical	TPR domain protein	Surface Structures & Colonization										K-antigen	K1	PgCG_00948	w83	HCNEGF_02065		657	218	cps_hypothetical_84__w83__K1__HCNEGF_02065__TPR_domain_protein
MFA2_1	typing_mfa2	Y	N	mfa2	Mfa1 minor-fimbriae accessory subunit Mfa2	Surface Structures & Colonization			Accessory	5/5						mfa2	53	PgCG_mfa2	Ando			957		mfa2_53_Ando_AB999995
MFA2_2	typing_mfa2	Y	N	mfa2	Mfa1 minor-fimbriae accessory subunit Mfa2	Surface Structures & Colonization			Accessory	5/5						mfa2	70	PgCG_mfa2	ATCC33277			975		mfa2_70_ATCC33277_AP009380
MFA2_3	typing_mfa2	Y	N	mfa2	Mfa1 minor-fimbriae accessory subunit Mfa2	Surface Structures & Colonization			Accessory	5/5						mfa2	70	PgCG_mfa2	Kyudai3			957		mfa2_70B_Kyudai3_OM022907
MFA3_1	typing_mfa3	Y	N	mfa3	Mfa1 minor-fimbriae tip subunit Mfa3	Surface Structures & Colonization			Accessory	5/5						mfa3	53	PgCG_mfa3	Ando			1338		mfa3_53_Ando_AB999995
MFA3_2	typing_mfa3	Y	N	mfa3	Mfa1 minor-fimbriae tip subunit Mfa3	Surface Structures & Colonization			Accessory	5/5						mfa3	70	PgCG_mfa3	ATCC33277			1341		mfa3_70_ATCC33277_AP009380
MFA4_1	typing_mfa4	Y	N	mfa4	Mfa1 minor-fimbriae accessory subunit Mfa4	Surface Structures & Colonization			Accessory	5/5						mfa4	53	PgCG_mfa4	Ando			1008		mfa4_53_Ando_AB999995
MFA4_2	typing_mfa4	Y	N	mfa4	Mfa1 minor-fimbriae accessory subunit Mfa4	Surface Structures & Colonization			Accessory	5/5						mfa4	70	PgCG_mfa4	ATCC33277			1002		mfa4_70_ATCC33277_AP009380
MFA5_1	typing_mfa5	Y	N	mfa5	Mfa1 minor-fimbriae tip protein Mfa5 (vWA + isopeptide-bond fold)	Surface Structures & Colonization			Variable	-						mfa5	A1	PgCG_mfa5	ATCC33277			3687		mfa5_A1_ATCC33277_AP009380
MFA5_2	typing_mfa5	Y	N	mfa5	Mfa1 minor-fimbriae tip protein Mfa5 (vWA + isopeptide-bond fold)	Surface Structures & Colonization			Variable	-						mfa5	X-Ando	PgCG_mfa5	Ando			3753		mfa5_Ando_AB999995
MFA5_3	typing_mfa5	Y	N	mfa5	Mfa1 minor-fimbriae tip protein Mfa5 (vWA + isopeptide-bond fold)	Surface Structures & Colonization			Variable	-						mfa5	A2	PgCG_mfa5	W83			3681		mfa5_A2_W83_AE015924.1_205693-209373
MFA5_4	typing_mfa5	Y	N	mfa5	Mfa1 minor-fimbriae tip protein Mfa5 (vWA + isopeptide-bond fold)	Surface Structures & Colonization			Variable	-						mfa5	B	PgCG_mfa5	SU60			4242		mfa5_B_SU60_FUFI01000020.1_20574-24815(revcomp)
MFA5_5	typing_mfa5	Y	N	mfa5	Mfa1 minor-fimbriae tip protein Mfa5 (vWA + isopeptide-bond fold)	Surface Structures & Colonization			Variable	-						mfa5	C	PgCG_mfa5	WW5127			5049		mfa5_C_WW5127_NSLL01000005.1_56365-61413
MFA5_6	typing_mfa5	Y	N	mfa5	Mfa1 minor-fimbriae tip protein Mfa5 (vWA + isopeptide-bond fold)	Surface Structures & Colonization			Variable	-						mfa5	D	PgCG_mfa5	TDC60			4020		mfa5_D_TDC60_AP012203.1_488941-492960
MFA5_7	typing_mfa5	Y	N	mfa5	Mfa1 minor-fimbriae tip protein Mfa5 (vWA + isopeptide-bond fold)	Surface Structures & Colonization			Variable	-						mfa5	E	PgCG_mfa5	W83			6615		mfa5_E_W83_AE015924.1_209570-216184
RAGA_4	typing_ragA	Y	N	ragA	RagAB pathogenicity-island protein A	Heme & Ion Homeostasis	P	COG4771	Shell	1/5						rag	rag-2	PgCG_01819	HG1691			3141		ragA_rag-2_HG1691_NZ_CP116613.1_281248-284388
RAGB_4	typing_ragB	Y	N	ragB	RagAB pathogenicity-island protein B	Cell Envelope & Morphogenesis			Shell	1/5						rag	rag-2	PgCG_01790	HG1691			1506		ragB_rag-2_HG1691_NZ_CP116613.1_284413-285918
KREG_13	kantigen_region	Y	N	cps_locus	cps capsular biosynthesis locus (K3)	Surface Structures & Colonization										K-antigen	K3		A7A1-28			44001		cps_region_A7A1-28_K3_NZ_CP013131.1_2205000-2249000
